comparison,pair_id,seed,swap,north,south,winner,reason,plies,terminated,truncated,minimal_loss_turns
Random vs Random,0,20260913,0,Random,Random,south,commander_capture,140,True,False,0
Random vs Random,0,20260913,1,Random,Random,south,commander_capture,94,True,False,0
Random vs Random,1,20260914,0,Random,Random,north,commander_capture,101,True,False,0
Random vs Random,1,20260914,1,Random,Random,south,commander_capture,100,True,False,0
Random vs Random,2,20260915,0,Random,Random,south,commander_capture,50,True,False,0
Random vs Random,2,20260915,1,Random,Random,north,commander_capture,57,True,False,0
Random vs Random,3,20260916,0,Random,Random,,ply_limit,512,False,True,0
Random vs Random,3,20260916,1,Random,Random,south,commander_capture,170,True,False,0
Random vs Random,4,20260917,0,Random,Random,north,commander_capture,81,True,False,0
Random vs Random,4,20260917,1,Random,Random,north,commander_capture,103,True,False,0
Random vs Random,5,20260918,0,Random,Random,north,commander_capture,177,True,False,0
Random vs Random,5,20260918,1,Random,Random,north,commander_capture,177,True,False,0
Random vs Random,6,20260919,0,Random,Random,south,commander_capture,94,True,False,0
Random vs Random,6,20260919,1,Random,Random,north,commander_capture,95,True,False,0
Random vs Random,7,20260920,0,Random,Random,south,commander_capture,98,True,False,0
Random vs Random,7,20260920,1,Random,Random,north,commander_capture,141,True,False,0
Random vs Random,8,20260921,0,Random,Random,north,commander_capture,105,True,False,0
Random vs Random,8,20260921,1,Random,Random,north,commander_capture,139,True,False,0
Random vs Random,9,20260922,0,Random,Random,south,commander_capture,88,True,False,0
Random vs Random,9,20260922,1,Random,Random,,ply_limit,512,False,True,0
Random vs Random,10,20260923,0,Random,Random,north,commander_capture,101,True,False,0
Random vs Random,10,20260923,1,Random,Random,south,commander_capture,82,True,False,0
Random vs Random,11,20260924,0,Random,Random,north,commander_capture,113,True,False,0
Random vs Random,11,20260924,1,Random,Random,south,commander_capture,50,True,False,0
Random vs Random,12,20260925,0,Random,Random,north,commander_capture,77,True,False,0
Random vs Random,12,20260925,1,Random,Random,south,commander_capture,120,True,False,0
Random vs Random,13,20260926,0,Random,Random,south,commander_capture,90,True,False,0
Random vs Random,13,20260926,1,Random,Random,,ply_limit,512,False,True,0
Random vs Random,14,20260927,0,Random,Random,north,commander_capture,115,True,False,0
Random vs Random,14,20260927,1,Random,Random,south,commander_capture,48,True,False,0
Random vs Random,15,20260928,0,Random,Random,north,commander_capture,83,True,False,0
Random vs Random,15,20260928,1,Random,Random,,ply_limit,512,False,True,0
Random vs Random,16,20260929,0,Random,Random,south,commander_capture,66,True,False,0
Random vs Random,16,20260929,1,Random,Random,north,commander_capture,61,True,False,0
Random vs Random,17,20260930,0,Random,Random,north,commander_capture,45,True,False,0
Random vs Random,17,20260930,1,Random,Random,,ply_limit,512,False,True,0
Random vs Random,18,20260931,0,Random,Random,south,commander_capture,104,True,False,0
Random vs Random,18,20260931,1,Random,Random,south,commander_capture,58,True,False,0
Random vs Random,19,20260932,0,Random,Random,south,commander_capture,178,True,False,0
Random vs Random,19,20260932,1,Random,Random,south,commander_capture,62,True,False,0
Random vs Random,20,20260933,0,Random,Random,south,commander_capture,82,True,False,0
Random vs Random,20,20260933,1,Random,Random,south,commander_capture,98,True,False,0
Random vs Random,21,20260934,0,Random,Random,north,commander_capture,183,True,False,0
Random vs Random,21,20260934,1,Random,Random,south,commander_capture,80,True,False,0
Random vs Random,22,20260935,0,Random,Random,south,commander_capture,70,True,False,0
Random vs Random,22,20260935,1,Random,Random,north,commander_capture,57,True,False,0
Random vs Random,23,20260936,0,Random,Random,south,commander_capture,96,True,False,0
Random vs Random,23,20260936,1,Random,Random,north,commander_capture,47,True,False,0
Random vs Random,24,20260937,0,Random,Random,north,commander_capture,135,True,False,0
Random vs Random,24,20260937,1,Random,Random,north,commander_capture,101,True,False,0
Random vs Random,25,20260938,0,Random,Random,south,commander_capture,94,True,False,0
Random vs Random,25,20260938,1,Random,Random,south,commander_capture,60,True,False,0
Random vs Random,26,20260939,0,Random,Random,north,commander_capture,169,True,False,0
Random vs Random,26,20260939,1,Random,Random,north,commander_capture,85,True,False,0
Random vs Random,27,20260940,0,Random,Random,north,commander_capture,145,True,False,0
Random vs Random,27,20260940,1,Random,Random,,ply_limit,512,False,True,0
Random vs Random,28,20260941,0,Random,Random,north,commander_capture,91,True,False,0
Random vs Random,28,20260941,1,Random,Random,south,commander_capture,112,True,False,0
Random vs Random,29,20260942,0,Random,Random,north,commander_capture,25,True,False,0
Random vs Random,29,20260942,1,Random,Random,,ply_limit,512,False,True,0
Random vs Random,30,20260943,0,Random,Random,south,commander_capture,50,True,False,0
Random vs Random,30,20260943,1,Random,Random,south,commander_capture,50,True,False,0
Random vs Random,31,20260944,0,Random,Random,south,commander_capture,66,True,False,0
Random vs Random,31,20260944,1,Random,Random,south,commander_capture,88,True,False,0
Random vs Random,32,20260945,0,Random,Random,,ply_limit,512,False,True,0
Random vs Random,32,20260945,1,Random,Random,,ply_limit,512,False,True,0
Random vs Random,33,20260946,0,Random,Random,north,commander_capture,127,True,False,0
Random vs Random,33,20260946,1,Random,Random,north,commander_capture,33,True,False,0
Random vs Random,34,20260947,0,Random,Random,south,commander_capture,82,True,False,0
Random vs Random,34,20260947,1,Random,Random,south,commander_capture,126,True,False,0
Random vs Random,35,20260948,0,Random,Random,south,commander_capture,58,True,False,0
Random vs Random,35,20260948,1,Random,Random,south,commander_capture,244,True,False,0
Random vs Random,36,20260949,0,Random,Random,north,commander_capture,137,True,False,0
Random vs Random,36,20260949,1,Random,Random,north,commander_capture,71,True,False,0
Random vs Random,37,20260950,0,Random,Random,north,commander_capture,53,True,False,0
Random vs Random,37,20260950,1,Random,Random,north,commander_capture,41,True,False,0
Random vs Random,38,20260951,0,Random,Random,south,commander_capture,138,True,False,0
Random vs Random,38,20260951,1,Random,Random,north,commander_capture,105,True,False,0
Random vs Random,39,20260952,0,Random,Random,north,commander_capture,229,True,False,0
Random vs Random,39,20260952,1,Random,Random,south,commander_capture,116,True,False,0
Random vs Random,40,20260953,0,Random,Random,north,commander_capture,47,True,False,0
Random vs Random,40,20260953,1,Random,Random,south,commander_capture,114,True,False,0
Random vs Random,41,20260954,0,Random,Random,south,commander_capture,118,True,False,0
Random vs Random,41,20260954,1,Random,Random,north,commander_capture,87,True,False,0
Random vs Random,42,20260955,0,Random,Random,south,commander_capture,94,True,False,0
Random vs Random,42,20260955,1,Random,Random,south,commander_capture,60,True,False,0
Random vs Random,43,20260956,0,Random,Random,south,commander_capture,258,True,False,0
Random vs Random,43,20260956,1,Random,Random,north,commander_capture,79,True,False,0
Random vs Random,44,20260957,0,Random,Random,north,commander_capture,61,True,False,0
Random vs Random,44,20260957,1,Random,Random,south,commander_capture,102,True,False,0
Random vs Random,45,20260958,0,Random,Random,north,commander_capture,75,True,False,0
Random vs Random,45,20260958,1,Random,Random,north,commander_capture,85,True,False,0
Random vs Random,46,20260959,0,Random,Random,north,commander_capture,47,True,False,0
Random vs Random,46,20260959,1,Random,Random,north,commander_capture,75,True,False,0
Random vs Random,47,20260960,0,Random,Random,south,commander_capture,88,True,False,0
Random vs Random,47,20260960,1,Random,Random,north,commander_capture,133,True,False,0
Random vs Random,48,20260961,0,Random,Random,south,commander_capture,74,True,False,0
Random vs Random,48,20260961,1,Random,Random,north,commander_capture,175,True,False,0
Random vs Random,49,20260962,0,Random,Random,north,commander_capture,97,True,False,0
Random vs Random,49,20260962,1,Random,Random,north,commander_capture,99,True,False,0
Random vs Random,50,20260963,0,Random,Random,south,commander_capture,168,True,False,0
Random vs Random,50,20260963,1,Random,Random,south,commander_capture,206,True,False,0
Random vs Random,51,20260964,0,Random,Random,south,commander_capture,130,True,False,0
Random vs Random,51,20260964,1,Random,Random,north,commander_capture,113,True,False,0
Random vs Random,52,20260965,0,Random,Random,north,commander_capture,105,True,False,0
Random vs Random,52,20260965,1,Random,Random,south,commander_capture,222,True,False,0
Random vs Random,53,20260966,0,Random,Random,south,commander_capture,124,True,False,0
Random vs Random,53,20260966,1,Random,Random,north,commander_capture,169,True,False,0
Random vs Random,54,20260967,0,Random,Random,,ply_limit,512,False,True,0
Random vs Random,54,20260967,1,Random,Random,south,commander_capture,150,True,False,0
Random vs Random,55,20260968,0,Random,Random,south,commander_capture,84,True,False,0
Random vs Random,55,20260968,1,Random,Random,north,commander_capture,119,True,False,0
Random vs Random,56,20260969,0,Random,Random,,ply_limit,512,False,True,0
Random vs Random,56,20260969,1,Random,Random,north,commander_capture,53,True,False,0
Random vs Random,57,20260970,0,Random,Random,north,commander_capture,37,True,False,0
Random vs Random,57,20260970,1,Random,Random,north,commander_capture,121,True,False,0
Random vs Random,58,20260971,0,Random,Random,south,commander_capture,150,True,False,0
Random vs Random,58,20260971,1,Random,Random,north,commander_capture,107,True,False,0
Random vs Random,59,20260972,0,Random,Random,north,commander_capture,125,True,False,0
Random vs Random,59,20260972,1,Random,Random,north,commander_capture,189,True,False,0
Random vs Random,60,20260973,0,Random,Random,south,commander_capture,52,True,False,0
Random vs Random,60,20260973,1,Random,Random,north,commander_capture,115,True,False,0
Random vs Random,61,20260974,0,Random,Random,,ply_limit,512,False,True,0
Random vs Random,61,20260974,1,Random,Random,south,commander_capture,142,True,False,0
Random vs Random,62,20260975,0,Random,Random,south,commander_capture,112,True,False,0
Random vs Random,62,20260975,1,Random,Random,south,commander_capture,142,True,False,0
Random vs Random,63,20260976,0,Random,Random,north,commander_capture,111,True,False,0
Random vs Random,63,20260976,1,Random,Random,north,commander_capture,191,True,False,0
Random vs Random,64,20260977,0,Random,Random,north,commander_capture,23,True,False,0
Random vs Random,64,20260977,1,Random,Random,south,commander_capture,72,True,False,0
Random vs Random,65,20260978,0,Random,Random,north,commander_capture,37,True,False,0
Random vs Random,65,20260978,1,Random,Random,north,commander_capture,47,True,False,0
Random vs Random,66,20260979,0,Random,Random,south,commander_capture,102,True,False,0
Random vs Random,66,20260979,1,Random,Random,north,commander_capture,45,True,False,0
Random vs Random,67,20260980,0,Random,Random,north,commander_capture,149,True,False,0
Random vs Random,67,20260980,1,Random,Random,,ply_limit,512,False,True,0
Random vs Random,68,20260981,0,Random,Random,south,commander_capture,124,True,False,0
Random vs Random,68,20260981,1,Random,Random,,ply_limit,512,False,True,0
Random vs Random,69,20260982,0,Random,Random,north,commander_capture,159,True,False,0
Random vs Random,69,20260982,1,Random,Random,north,commander_capture,127,True,False,0
Random vs Random,70,20260983,0,Random,Random,north,commander_capture,199,True,False,0
Random vs Random,70,20260983,1,Random,Random,,ply_limit,512,False,True,0
Random vs Random,71,20260984,0,Random,Random,north,commander_capture,93,True,False,0
Random vs Random,71,20260984,1,Random,Random,south,commander_capture,100,True,False,0
Random vs Random,72,20260985,0,Random,Random,south,commander_capture,120,True,False,0
Random vs Random,72,20260985,1,Random,Random,south,commander_capture,66,True,False,0
Random vs Random,73,20260986,0,Random,Random,north,commander_capture,129,True,False,0
Random vs Random,73,20260986,1,Random,Random,north,commander_capture,77,True,False,0
Random vs Random,74,20260987,0,Random,Random,north,commander_capture,105,True,False,0
Random vs Random,74,20260987,1,Random,Random,south,commander_capture,166,True,False,0
Random vs Random,75,20260988,0,Random,Random,north,commander_capture,75,True,False,0
Random vs Random,75,20260988,1,Random,Random,north,commander_capture,69,True,False,0
Random vs Random,76,20260989,0,Random,Random,south,commander_capture,76,True,False,0
Random vs Random,76,20260989,1,Random,Random,north,commander_capture,227,True,False,0
Random vs Random,77,20260990,0,Random,Random,south,commander_capture,90,True,False,0
Random vs Random,77,20260990,1,Random,Random,north,commander_capture,71,True,False,0
Random vs Random,78,20260991,0,Random,Random,north,commander_capture,143,True,False,0
Random vs Random,78,20260991,1,Random,Random,north,commander_capture,87,True,False,0
Random vs Random,79,20260992,0,Random,Random,south,commander_capture,200,True,False,0
Random vs Random,79,20260992,1,Random,Random,south,commander_capture,92,True,False,0
Random vs Random,80,20260993,0,Random,Random,south,commander_capture,52,True,False,0
Random vs Random,80,20260993,1,Random,Random,north,commander_capture,133,True,False,0
Random vs Random,81,20260994,0,Random,Random,south,commander_capture,168,True,False,0
Random vs Random,81,20260994,1,Random,Random,south,commander_capture,48,True,False,0
Random vs Random,82,20260995,0,Random,Random,,ply_limit,512,False,True,0
Random vs Random,82,20260995,1,Random,Random,north,commander_capture,85,True,False,0
Random vs Random,83,20260996,0,Random,Random,south,commander_capture,102,True,False,0
Random vs Random,83,20260996,1,Random,Random,south,commander_capture,128,True,False,0
Random vs Random,84,20260997,0,Random,Random,north,commander_capture,173,True,False,0
Random vs Random,84,20260997,1,Random,Random,north,commander_capture,73,True,False,0
Random vs Random,85,20260998,0,Random,Random,north,commander_capture,117,True,False,0
Random vs Random,85,20260998,1,Random,Random,north,commander_capture,175,True,False,0
Random vs Random,86,20260999,0,Random,Random,north,commander_capture,139,True,False,0
Random vs Random,86,20260999,1,Random,Random,south,commander_capture,242,True,False,0
Random vs Random,87,20261000,0,Random,Random,,ply_limit,512,False,True,0
Random vs Random,87,20261000,1,Random,Random,south,commander_capture,54,True,False,0
Random vs Random,88,20261001,0,Random,Random,,ply_limit,512,False,True,0
Random vs Random,88,20261001,1,Random,Random,,ply_limit,512,False,True,0
Random vs Random,89,20261002,0,Random,Random,north,commander_capture,243,True,False,0
Random vs Random,89,20261002,1,Random,Random,north,commander_capture,85,True,False,0
Random vs Random,90,20261003,0,Random,Random,south,commander_capture,80,True,False,0
Random vs Random,90,20261003,1,Random,Random,south,commander_capture,52,True,False,0
Random vs Random,91,20261004,0,Random,Random,south,commander_capture,100,True,False,0
Random vs Random,91,20261004,1,Random,Random,south,commander_capture,136,True,False,0
Random vs Random,92,20261005,0,Random,Random,south,commander_capture,152,True,False,0
Random vs Random,92,20261005,1,Random,Random,south,commander_capture,240,True,False,0
Random vs Random,93,20261006,0,Random,Random,south,commander_capture,98,True,False,0
Random vs Random,93,20261006,1,Random,Random,north,commander_capture,155,True,False,0
Random vs Random,94,20261007,0,Random,Random,south,commander_capture,148,True,False,0
Random vs Random,94,20261007,1,Random,Random,south,commander_capture,58,True,False,0
Random vs Random,95,20261008,0,Random,Random,,ply_limit,512,False,True,0
Random vs Random,95,20261008,1,Random,Random,south,commander_capture,142,True,False,0
Random vs Random,96,20261009,0,Random,Random,north,commander_capture,73,True,False,0
Random vs Random,96,20261009,1,Random,Random,north,commander_capture,95,True,False,0
Random vs Random,97,20261010,0,Random,Random,north,commander_capture,103,True,False,0
Random vs Random,97,20261010,1,Random,Random,south,commander_capture,68,True,False,0
Random vs Random,98,20261011,0,Random,Random,north,commander_capture,145,True,False,0
Random vs Random,98,20261011,1,Random,Random,south,commander_capture,68,True,False,0
Random vs Random,99,20261012,0,Random,Random,south,commander_capture,102,True,False,0
Random vs Random,99,20261012,1,Random,Random,south,commander_capture,160,True,False,0
Random vs Random,100,20261013,0,Random,Random,north,commander_capture,43,True,False,0
Random vs Random,100,20261013,1,Random,Random,north,commander_capture,123,True,False,0
Random vs Random,101,20261014,0,Random,Random,north,commander_capture,155,True,False,0
Random vs Random,101,20261014,1,Random,Random,south,commander_capture,106,True,False,0
Random vs Random,102,20261015,0,Random,Random,north,commander_capture,95,True,False,0
Random vs Random,102,20261015,1,Random,Random,north,commander_capture,73,True,False,0
Random vs Random,103,20261016,0,Random,Random,north,commander_capture,79,True,False,0
Random vs Random,103,20261016,1,Random,Random,south,commander_capture,118,True,False,0
Random vs Random,104,20261017,0,Random,Random,,ply_limit,512,False,True,0
Random vs Random,104,20261017,1,Random,Random,,ply_limit,512,False,True,0
Random vs Random,105,20261018,0,Random,Random,north,commander_capture,63,True,False,0
Random vs Random,105,20261018,1,Random,Random,,ply_limit,512,False,True,0
Random vs Random,106,20261019,0,Random,Random,south,commander_capture,200,True,False,0
Random vs Random,106,20261019,1,Random,Random,north,commander_capture,133,True,False,0
Random vs Random,107,20261020,0,Random,Random,south,commander_capture,182,True,False,0
Random vs Random,107,20261020,1,Random,Random,south,commander_capture,20,True,False,0
Random vs Random,108,20261021,0,Random,Random,north,commander_capture,167,True,False,0
Random vs Random,108,20261021,1,Random,Random,south,commander_capture,84,True,False,0
Random vs Random,109,20261022,0,Random,Random,north,commander_capture,71,True,False,0
Random vs Random,109,20261022,1,Random,Random,south,commander_capture,58,True,False,0
Random vs Random,110,20261023,0,Random,Random,south,commander_capture,144,True,False,0
Random vs Random,110,20261023,1,Random,Random,,ply_limit,512,False,True,0
Random vs Random,111,20261024,0,Random,Random,south,commander_capture,34,True,False,0
Random vs Random,111,20261024,1,Random,Random,south,commander_capture,54,True,False,0
Random vs Random,112,20261025,0,Random,Random,south,commander_capture,114,True,False,0
Random vs Random,112,20261025,1,Random,Random,south,commander_capture,72,True,False,0
Random vs Random,113,20261026,0,Random,Random,south,commander_capture,158,True,False,0
Random vs Random,113,20261026,1,Random,Random,south,commander_capture,154,True,False,0
Random vs Random,114,20261027,0,Random,Random,south,commander_capture,126,True,False,0
Random vs Random,114,20261027,1,Random,Random,north,commander_capture,79,True,False,0
Random vs Random,115,20261028,0,Random,Random,south,commander_capture,72,True,False,0
Random vs Random,115,20261028,1,Random,Random,,ply_limit,512,False,True,0
Random vs Random,116,20261029,0,Random,Random,north,commander_capture,79,True,False,0
Random vs Random,116,20261029,1,Random,Random,south,commander_capture,110,True,False,0
Random vs Random,117,20261030,0,Random,Random,,ply_limit,512,False,True,0
Random vs Random,117,20261030,1,Random,Random,south,commander_capture,120,True,False,0
Random vs Random,118,20261031,0,Random,Random,north,commander_capture,79,True,False,0
Random vs Random,118,20261031,1,Random,Random,north,commander_capture,67,True,False,0
Random vs Random,119,20261032,0,Random,Random,south,commander_capture,88,True,False,0
Random vs Random,119,20261032,1,Random,Random,north,commander_capture,107,True,False,0
Random vs Random,120,20261033,0,Random,Random,south,commander_capture,124,True,False,0
Random vs Random,120,20261033,1,Random,Random,south,commander_capture,98,True,False,0
Random vs Random,121,20261034,0,Random,Random,north,commander_capture,73,True,False,0
Random vs Random,121,20261034,1,Random,Random,south,commander_capture,46,True,False,0
Random vs Random,122,20261035,0,Random,Random,south,commander_capture,44,True,False,0
Random vs Random,122,20261035,1,Random,Random,south,commander_capture,156,True,False,0
Random vs Random,123,20261036,0,Random,Random,north,commander_capture,79,True,False,0
Random vs Random,123,20261036,1,Random,Random,north,commander_capture,105,True,False,0
Random vs Random,124,20261037,0,Random,Random,north,commander_capture,81,True,False,0
Random vs Random,124,20261037,1,Random,Random,north,commander_capture,65,True,False,0
Random vs Random,125,20261038,0,Random,Random,north,commander_capture,77,True,False,0
Random vs Random,125,20261038,1,Random,Random,,ply_limit,512,False,True,0
Random vs Random,126,20261039,0,Random,Random,south,commander_capture,66,True,False,0
Random vs Random,126,20261039,1,Random,Random,,ply_limit,512,False,True,0
Random vs Random,127,20261040,0,Random,Random,north,commander_capture,67,True,False,0
Random vs Random,127,20261040,1,Random,Random,south,commander_capture,68,True,False,0
Random vs Random,128,20261041,0,Random,Random,south,commander_capture,110,True,False,0
Random vs Random,128,20261041,1,Random,Random,south,commander_capture,112,True,False,0
Random vs Random,129,20261042,0,Random,Random,north,commander_capture,123,True,False,0
Random vs Random,129,20261042,1,Random,Random,south,commander_capture,154,True,False,0
Random vs Random,130,20261043,0,Random,Random,south,commander_capture,104,True,False,0
Random vs Random,130,20261043,1,Random,Random,south,commander_capture,132,True,False,0
Random vs Random,131,20261044,0,Random,Random,south,commander_capture,162,True,False,0
Random vs Random,131,20261044,1,Random,Random,north,commander_capture,83,True,False,0
Random vs Random,132,20261045,0,Random,Random,north,commander_capture,123,True,False,0
Random vs Random,132,20261045,1,Random,Random,south,commander_capture,66,True,False,0
Random vs Random,133,20261046,0,Random,Random,north,commander_capture,51,True,False,0
Random vs Random,133,20261046,1,Random,Random,north,commander_capture,137,True,False,0
Random vs Random,134,20261047,0,Random,Random,south,commander_capture,144,True,False,0
Random vs Random,134,20261047,1,Random,Random,south,commander_capture,72,True,False,0
Random vs Random,135,20261048,0,Random,Random,north,commander_capture,139,True,False,0
Random vs Random,135,20261048,1,Random,Random,north,commander_capture,193,True,False,0
Random vs Random,136,20261049,0,Random,Random,south,commander_capture,118,True,False,0
Random vs Random,136,20261049,1,Random,Random,south,commander_capture,112,True,False,0
Random vs Random,137,20261050,0,Random,Random,south,commander_capture,122,True,False,0
Random vs Random,137,20261050,1,Random,Random,,ply_limit,512,False,True,0
Random vs Random,138,20261051,0,Random,Random,,ply_limit,512,False,True,0
Random vs Random,138,20261051,1,Random,Random,south,commander_capture,52,True,False,0
Random vs Random,139,20261052,0,Random,Random,,ply_limit,512,False,True,0
Random vs Random,139,20261052,1,Random,Random,south,commander_capture,78,True,False,0
Random vs Random,140,20261053,0,Random,Random,south,commander_capture,92,True,False,0
Random vs Random,140,20261053,1,Random,Random,south,commander_capture,76,True,False,0
Random vs Random,141,20261054,0,Random,Random,north,commander_capture,123,True,False,0
Random vs Random,141,20261054,1,Random,Random,south,commander_capture,78,True,False,0
Random vs Random,142,20261055,0,Random,Random,south,commander_capture,72,True,False,0
Random vs Random,142,20261055,1,Random,Random,south,commander_capture,172,True,False,0
Random vs Random,143,20261056,0,Random,Random,north,commander_capture,171,True,False,0
Random vs Random,143,20261056,1,Random,Random,south,commander_capture,156,True,False,0
Random vs Random,144,20261057,0,Random,Random,south,commander_capture,172,True,False,0
Random vs Random,144,20261057,1,Random,Random,north,commander_capture,71,True,False,0
Random vs Random,145,20261058,0,Random,Random,north,commander_capture,107,True,False,0
Random vs Random,145,20261058,1,Random,Random,north,commander_capture,103,True,False,0
Random vs Random,146,20261059,0,Random,Random,north,commander_capture,97,True,False,0
Random vs Random,146,20261059,1,Random,Random,north,commander_capture,145,True,False,0
Random vs Random,147,20261060,0,Random,Random,north,commander_capture,327,True,False,0
Random vs Random,147,20261060,1,Random,Random,south,commander_capture,142,True,False,0
Random vs Random,148,20261061,0,Random,Random,north,commander_capture,131,True,False,0
Random vs Random,148,20261061,1,Random,Random,south,commander_capture,70,True,False,0
Random vs Random,149,20261062,0,Random,Random,north,commander_capture,95,True,False,0
Random vs Random,149,20261062,1,Random,Random,south,commander_capture,114,True,False,0
Random vs Random,150,20261063,0,Random,Random,south,commander_capture,136,True,False,0
Random vs Random,150,20261063,1,Random,Random,north,commander_capture,69,True,False,0
Random vs Random,151,20261064,0,Random,Random,north,commander_capture,101,True,False,0
Random vs Random,151,20261064,1,Random,Random,south,commander_capture,86,True,False,0
Random vs Random,152,20261065,0,Random,Random,north,commander_capture,69,True,False,0
Random vs Random,152,20261065,1,Random,Random,north,commander_capture,55,True,False,0
Random vs Random,153,20261066,0,Random,Random,south,commander_capture,138,True,False,0
Random vs Random,153,20261066,1,Random,Random,north,commander_capture,107,True,False,0
Random vs Random,154,20261067,0,Random,Random,north,commander_capture,53,True,False,0
Random vs Random,154,20261067,1,Random,Random,south,commander_capture,32,True,False,0
Random vs Random,155,20261068,0,Random,Random,south,commander_capture,44,True,False,0
Random vs Random,155,20261068,1,Random,Random,south,commander_capture,94,True,False,0
Random vs Random,156,20261069,0,Random,Random,south,commander_capture,204,True,False,0
Random vs Random,156,20261069,1,Random,Random,south,commander_capture,36,True,False,0
Random vs Random,157,20261070,0,Random,Random,north,commander_capture,215,True,False,0
Random vs Random,157,20261070,1,Random,Random,south,commander_capture,116,True,False,0
Random vs Random,158,20261071,0,Random,Random,south,commander_capture,164,True,False,0
Random vs Random,158,20261071,1,Random,Random,south,commander_capture,148,True,False,0
Random vs Random,159,20261072,0,Random,Random,north,commander_capture,33,True,False,0
Random vs Random,159,20261072,1,Random,Random,south,commander_capture,78,True,False,0
Random vs Random,160,20261073,0,Random,Random,north,commander_capture,61,True,False,0
Random vs Random,160,20261073,1,Random,Random,,ply_limit,512,False,True,0
Random vs Random,161,20261074,0,Random,Random,north,commander_capture,123,True,False,0
Random vs Random,161,20261074,1,Random,Random,south,commander_capture,166,True,False,0
Random vs Random,162,20261075,0,Random,Random,south,commander_capture,104,True,False,0
Random vs Random,162,20261075,1,Random,Random,north,commander_capture,141,True,False,0
Random vs Random,163,20261076,0,Random,Random,south,commander_capture,90,True,False,0
Random vs Random,163,20261076,1,Random,Random,north,commander_capture,65,True,False,0
Random vs Random,164,20261077,0,Random,Random,south,commander_capture,120,True,False,0
Random vs Random,164,20261077,1,Random,Random,north,commander_capture,133,True,False,0
Random vs Random,165,20261078,0,Random,Random,,ply_limit,512,False,True,0
Random vs Random,165,20261078,1,Random,Random,north,commander_capture,115,True,False,0
Random vs Random,166,20261079,0,Random,Random,south,commander_capture,98,True,False,0
Random vs Random,166,20261079,1,Random,Random,south,commander_capture,176,True,False,0
Random vs Random,167,20261080,0,Random,Random,north,commander_capture,71,True,False,0
Random vs Random,167,20261080,1,Random,Random,south,commander_capture,126,True,False,0
Random vs Random,168,20261081,0,Random,Random,south,commander_capture,148,True,False,0
Random vs Random,168,20261081,1,Random,Random,south,commander_capture,60,True,False,0
Random vs Random,169,20261082,0,Random,Random,south,commander_capture,146,True,False,0
Random vs Random,169,20261082,1,Random,Random,south,commander_capture,114,True,False,0
Random vs Random,170,20261083,0,Random,Random,north,commander_capture,107,True,False,0
Random vs Random,170,20261083,1,Random,Random,north,commander_capture,39,True,False,0
Random vs Random,171,20261084,0,Random,Random,south,commander_capture,80,True,False,0
Random vs Random,171,20261084,1,Random,Random,south,commander_capture,178,True,False,0
Random vs Random,172,20261085,0,Random,Random,north,commander_capture,193,True,False,0
Random vs Random,172,20261085,1,Random,Random,north,commander_capture,77,True,False,0
Random vs Random,173,20261086,0,Random,Random,,ply_limit,512,False,True,0
Random vs Random,173,20261086,1,Random,Random,south,commander_capture,192,True,False,0
Random vs Random,174,20261087,0,Random,Random,north,commander_capture,47,True,False,0
Random vs Random,174,20261087,1,Random,Random,north,commander_capture,111,True,False,0
Random vs Random,175,20261088,0,Random,Random,north,commander_capture,59,True,False,0
Random vs Random,175,20261088,1,Random,Random,south,commander_capture,134,True,False,0
Random vs Random,176,20261089,0,Random,Random,south,commander_capture,124,True,False,0
Random vs Random,176,20261089,1,Random,Random,north,commander_capture,125,True,False,0
Random vs Random,177,20261090,0,Random,Random,north,commander_capture,203,True,False,0
Random vs Random,177,20261090,1,Random,Random,south,commander_capture,124,True,False,0
Random vs Random,178,20261091,0,Random,Random,south,commander_capture,46,True,False,0
Random vs Random,178,20261091,1,Random,Random,south,commander_capture,90,True,False,0
Random vs Random,179,20261092,0,Random,Random,north,commander_capture,137,True,False,0
Random vs Random,179,20261092,1,Random,Random,south,commander_capture,96,True,False,0
Random vs Random,180,20261093,0,Random,Random,north,commander_capture,113,True,False,0
Random vs Random,180,20261093,1,Random,Random,south,commander_capture,100,True,False,0
Random vs Random,181,20261094,0,Random,Random,north,commander_capture,173,True,False,0
Random vs Random,181,20261094,1,Random,Random,north,commander_capture,65,True,False,0
Random vs Random,182,20261095,0,Random,Random,south,commander_capture,60,True,False,0
Random vs Random,182,20261095,1,Random,Random,south,commander_capture,66,True,False,0
Random vs Random,183,20261096,0,Random,Random,south,commander_capture,108,True,False,0
Random vs Random,183,20261096,1,Random,Random,north,commander_capture,193,True,False,0
Random vs Random,184,20261097,0,Random,Random,north,commander_capture,303,True,False,0
Random vs Random,184,20261097,1,Random,Random,south,commander_capture,50,True,False,0
Random vs Random,185,20261098,0,Random,Random,south,commander_capture,94,True,False,0
Random vs Random,185,20261098,1,Random,Random,north,commander_capture,63,True,False,0
Random vs Random,186,20261099,0,Random,Random,,ply_limit,512,False,True,0
Random vs Random,186,20261099,1,Random,Random,north,commander_capture,157,True,False,0
Random vs Random,187,20261100,0,Random,Random,north,commander_capture,91,True,False,0
Random vs Random,187,20261100,1,Random,Random,north,commander_capture,127,True,False,0
Random vs Random,188,20261101,0,Random,Random,south,commander_capture,30,True,False,0
Random vs Random,188,20261101,1,Random,Random,south,commander_capture,62,True,False,0
Random vs Random,189,20261102,0,Random,Random,north,commander_capture,85,True,False,0
Random vs Random,189,20261102,1,Random,Random,south,commander_capture,90,True,False,0
Random vs Random,190,20261103,0,Random,Random,north,commander_capture,113,True,False,0
Random vs Random,190,20261103,1,Random,Random,north,commander_capture,117,True,False,0
Random vs Random,191,20261104,0,Random,Random,south,commander_capture,124,True,False,0
Random vs Random,191,20261104,1,Random,Random,south,commander_capture,120,True,False,0
Random vs Random,192,20261105,0,Random,Random,north,commander_capture,119,True,False,0
Random vs Random,192,20261105,1,Random,Random,south,commander_capture,86,True,False,0
Random vs Random,193,20261106,0,Random,Random,south,commander_capture,96,True,False,0
Random vs Random,193,20261106,1,Random,Random,,ply_limit,512,False,True,0
Random vs Random,194,20261107,0,Random,Random,north,commander_capture,83,True,False,0
Random vs Random,194,20261107,1,Random,Random,north,commander_capture,81,True,False,0
Random vs Random,195,20261108,0,Random,Random,south,commander_capture,100,True,False,0
Random vs Random,195,20261108,1,Random,Random,north,commander_capture,101,True,False,0
Random vs Random,196,20261109,0,Random,Random,north,commander_capture,45,True,False,0
Random vs Random,196,20261109,1,Random,Random,north,commander_capture,215,True,False,0
Random vs Random,197,20261110,0,Random,Random,south,commander_capture,104,True,False,0
Random vs Random,197,20261110,1,Random,Random,north,commander_capture,115,True,False,0
Random vs Random,198,20261111,0,Random,Random,north,commander_capture,143,True,False,0
Random vs Random,198,20261111,1,Random,Random,south,commander_capture,78,True,False,0
Random vs Random,199,20261112,0,Random,Random,,ply_limit,512,False,True,0
Random vs Random,199,20261112,1,Random,Random,south,commander_capture,68,True,False,0
Random vs Random,200,20261113,0,Random,Random,north,commander_capture,45,True,False,0
Random vs Random,200,20261113,1,Random,Random,north,commander_capture,107,True,False,0
Random vs Random,201,20261114,0,Random,Random,,ply_limit,512,False,True,0
Random vs Random,201,20261114,1,Random,Random,south,commander_capture,64,True,False,0
Random vs Random,202,20261115,0,Random,Random,north,commander_capture,91,True,False,0
Random vs Random,202,20261115,1,Random,Random,,ply_limit,512,False,True,0
Random vs Random,203,20261116,0,Random,Random,south,commander_capture,252,True,False,0
Random vs Random,203,20261116,1,Random,Random,north,commander_capture,55,True,False,0
Random vs Random,204,20261117,0,Random,Random,south,commander_capture,110,True,False,0
Random vs Random,204,20261117,1,Random,Random,north,commander_capture,109,True,False,0
Random vs Random,205,20261118,0,Random,Random,north,commander_capture,129,True,False,0
Random vs Random,205,20261118,1,Random,Random,north,commander_capture,135,True,False,0
Random vs Random,206,20261119,0,Random,Random,south,commander_capture,80,True,False,0
Random vs Random,206,20261119,1,Random,Random,south,commander_capture,146,True,False,0
Random vs Random,207,20261120,0,Random,Random,south,commander_capture,44,True,False,0
Random vs Random,207,20261120,1,Random,Random,north,commander_capture,57,True,False,0
Random vs Random,208,20261121,0,Random,Random,north,commander_capture,75,True,False,0
Random vs Random,208,20261121,1,Random,Random,north,commander_capture,107,True,False,0
Random vs Random,209,20261122,0,Random,Random,south,commander_capture,82,True,False,0
Random vs Random,209,20261122,1,Random,Random,south,commander_capture,130,True,False,0
Random vs Random,210,20261123,0,Random,Random,south,commander_capture,232,True,False,0
Random vs Random,210,20261123,1,Random,Random,north,commander_capture,101,True,False,0
Random vs Random,211,20261124,0,Random,Random,,ply_limit,512,False,True,0
Random vs Random,211,20261124,1,Random,Random,south,commander_capture,20,True,False,0
Random vs Random,212,20261125,0,Random,Random,north,commander_capture,157,True,False,0
Random vs Random,212,20261125,1,Random,Random,north,commander_capture,45,True,False,0
Random vs Random,213,20261126,0,Random,Random,north,commander_capture,49,True,False,0
Random vs Random,213,20261126,1,Random,Random,south,commander_capture,86,True,False,0
Random vs Random,214,20261127,0,Random,Random,south,commander_capture,82,True,False,0
Random vs Random,214,20261127,1,Random,Random,south,commander_capture,146,True,False,0
Random vs Random,215,20261128,0,Random,Random,south,commander_capture,192,True,False,0
Random vs Random,215,20261128,1,Random,Random,south,commander_capture,62,True,False,0
Random vs Random,216,20261129,0,Random,Random,south,commander_capture,62,True,False,0
Random vs Random,216,20261129,1,Random,Random,south,commander_capture,90,True,False,0
Random vs Random,217,20261130,0,Random,Random,north,commander_capture,169,True,False,0
Random vs Random,217,20261130,1,Random,Random,north,commander_capture,65,True,False,0
Random vs Random,218,20261131,0,Random,Random,south,commander_capture,108,True,False,0
Random vs Random,218,20261131,1,Random,Random,,ply_limit,512,False,True,0
Random vs Random,219,20261132,0,Random,Random,north,commander_capture,91,True,False,0
Random vs Random,219,20261132,1,Random,Random,south,commander_capture,144,True,False,0
Random vs Random,220,20261133,0,Random,Random,south,commander_capture,182,True,False,0
Random vs Random,220,20261133,1,Random,Random,,ply_limit,512,False,True,0
Random vs Random,221,20261134,0,Random,Random,south,commander_capture,70,True,False,0
Random vs Random,221,20261134,1,Random,Random,south,commander_capture,58,True,False,0
Random vs Random,222,20261135,0,Random,Random,north,commander_capture,91,True,False,0
Random vs Random,222,20261135,1,Random,Random,north,commander_capture,59,True,False,0
Random vs Random,223,20261136,0,Random,Random,north,commander_capture,119,True,False,0
Random vs Random,223,20261136,1,Random,Random,north,commander_capture,143,True,False,0
Random vs Random,224,20261137,0,Random,Random,north,commander_capture,215,True,False,0
Random vs Random,224,20261137,1,Random,Random,north,commander_capture,133,True,False,0
Random vs Random,225,20261138,0,Random,Random,,ply_limit,512,False,True,0
Random vs Random,225,20261138,1,Random,Random,north,commander_capture,31,True,False,0
Random vs Random,226,20261139,0,Random,Random,south,commander_capture,88,True,False,0
Random vs Random,226,20261139,1,Random,Random,south,commander_capture,154,True,False,0
Random vs Random,227,20261140,0,Random,Random,north,commander_capture,119,True,False,0
Random vs Random,227,20261140,1,Random,Random,north,commander_capture,145,True,False,0
Random vs Random,228,20261141,0,Random,Random,draw,threefold_repetition,180,True,False,0
Random vs Random,228,20261141,1,Random,Random,,ply_limit,512,False,True,0
Random vs Random,229,20261142,0,Random,Random,south,commander_capture,54,True,False,0
Random vs Random,229,20261142,1,Random,Random,north,commander_capture,151,True,False,0
Random vs Random,230,20261143,0,Random,Random,north,commander_capture,53,True,False,0
Random vs Random,230,20261143,1,Random,Random,north,commander_capture,91,True,False,0
Random vs Random,231,20261144,0,Random,Random,north,commander_capture,127,True,False,0
Random vs Random,231,20261144,1,Random,Random,north,commander_capture,29,True,False,0
Random vs Random,232,20261145,0,Random,Random,north,commander_capture,47,True,False,0
Random vs Random,232,20261145,1,Random,Random,south,commander_capture,56,True,False,0
Random vs Random,233,20261146,0,Random,Random,,ply_limit,512,False,True,0
Random vs Random,233,20261146,1,Random,Random,,ply_limit,512,False,True,0
Random vs Random,234,20261147,0,Random,Random,,ply_limit,512,False,True,0
Random vs Random,234,20261147,1,Random,Random,north,commander_capture,65,True,False,0
Random vs Random,235,20261148,0,Random,Random,,ply_limit,512,False,True,0
Random vs Random,235,20261148,1,Random,Random,north,commander_capture,143,True,False,0
Random vs Random,236,20261149,0,Random,Random,north,commander_capture,83,True,False,0
Random vs Random,236,20261149,1,Random,Random,north,commander_capture,127,True,False,0
Random vs Random,237,20261150,0,Random,Random,south,commander_capture,58,True,False,0
Random vs Random,237,20261150,1,Random,Random,north,commander_capture,61,True,False,0
Random vs Random,238,20261151,0,Random,Random,south,commander_capture,110,True,False,0
Random vs Random,238,20261151,1,Random,Random,north,commander_capture,47,True,False,0
Random vs Random,239,20261152,0,Random,Random,south,commander_capture,58,True,False,0
Random vs Random,239,20261152,1,Random,Random,south,commander_capture,124,True,False,0
Random vs Random,240,20261153,0,Random,Random,north,commander_capture,129,True,False,0
Random vs Random,240,20261153,1,Random,Random,north,commander_capture,111,True,False,0
Random vs Random,241,20261154,0,Random,Random,north,commander_capture,63,True,False,0
Random vs Random,241,20261154,1,Random,Random,,ply_limit,512,False,True,0
Random vs Random,242,20261155,0,Random,Random,north,commander_capture,143,True,False,0
Random vs Random,242,20261155,1,Random,Random,north,commander_capture,165,True,False,0
Random vs Random,243,20261156,0,Random,Random,north,commander_capture,205,True,False,0
Random vs Random,243,20261156,1,Random,Random,north,commander_capture,69,True,False,0
Random vs Random,244,20261157,0,Random,Random,south,commander_capture,66,True,False,0
Random vs Random,244,20261157,1,Random,Random,south,commander_capture,22,True,False,0
Random vs Random,245,20261158,0,Random,Random,,ply_limit,512,False,True,0
Random vs Random,245,20261158,1,Random,Random,north,commander_capture,81,True,False,0
Random vs Random,246,20261159,0,Random,Random,south,commander_capture,104,True,False,0
Random vs Random,246,20261159,1,Random,Random,south,commander_capture,134,True,False,0
Random vs Random,247,20261160,0,Random,Random,north,commander_capture,137,True,False,0
Random vs Random,247,20261160,1,Random,Random,south,commander_capture,246,True,False,0
Random vs Random,248,20261161,0,Random,Random,south,commander_capture,186,True,False,0
Random vs Random,248,20261161,1,Random,Random,south,commander_capture,52,True,False,0
Random vs Random,249,20261162,0,Random,Random,south,commander_capture,66,True,False,0
Random vs Random,249,20261162,1,Random,Random,north,commander_capture,77,True,False,0
Random vs Random,250,20261163,0,Random,Random,,ply_limit,512,False,True,0
Random vs Random,250,20261163,1,Random,Random,south,commander_capture,50,True,False,0
Random vs Random,251,20261164,0,Random,Random,north,commander_capture,175,True,False,0
Random vs Random,251,20261164,1,Random,Random,north,commander_capture,67,True,False,0
Random vs Random,252,20261165,0,Random,Random,,ply_limit,512,False,True,0
Random vs Random,252,20261165,1,Random,Random,,ply_limit,512,False,True,0
Random vs Random,253,20261166,0,Random,Random,north,commander_capture,209,True,False,0
Random vs Random,253,20261166,1,Random,Random,south,commander_capture,92,True,False,0
Random vs Random,254,20261167,0,Random,Random,south,commander_capture,126,True,False,0
Random vs Random,254,20261167,1,Random,Random,north,commander_capture,157,True,False,0
Random vs Random,255,20261168,0,Random,Random,,ply_limit,512,False,True,0
Random vs Random,255,20261168,1,Random,Random,north,commander_capture,127,True,False,0
Random vs Random,256,20261169,0,Random,Random,north,commander_capture,107,True,False,0
Random vs Random,256,20261169,1,Random,Random,south,commander_capture,50,True,False,0
Random vs Random,257,20261170,0,Random,Random,north,commander_capture,163,True,False,0
Random vs Random,257,20261170,1,Random,Random,,ply_limit,512,False,True,0
Random vs Random,258,20261171,0,Random,Random,north,commander_capture,63,True,False,0
Random vs Random,258,20261171,1,Random,Random,south,commander_capture,58,True,False,0
Random vs Random,259,20261172,0,Random,Random,south,commander_capture,80,True,False,0
Random vs Random,259,20261172,1,Random,Random,south,commander_capture,58,True,False,0
Random vs Random,260,20261173,0,Random,Random,,ply_limit,512,False,True,0
Random vs Random,260,20261173,1,Random,Random,north,commander_capture,23,True,False,0
Random vs Random,261,20261174,0,Random,Random,north,commander_capture,107,True,False,0
Random vs Random,261,20261174,1,Random,Random,north,commander_capture,87,True,False,0
Random vs Random,262,20261175,0,Random,Random,north,commander_capture,41,True,False,0
Random vs Random,262,20261175,1,Random,Random,south,commander_capture,86,True,False,0
Random vs Random,263,20261176,0,Random,Random,north,commander_capture,79,True,False,0
Random vs Random,263,20261176,1,Random,Random,north,commander_capture,59,True,False,0
Random vs Random,264,20261177,0,Random,Random,south,commander_capture,92,True,False,0
Random vs Random,264,20261177,1,Random,Random,south,commander_capture,100,True,False,0
Random vs Random,265,20261178,0,Random,Random,south,commander_capture,78,True,False,0
Random vs Random,265,20261178,1,Random,Random,north,commander_capture,95,True,False,0
Random vs Random,266,20261179,0,Random,Random,south,commander_capture,64,True,False,0
Random vs Random,266,20261179,1,Random,Random,north,commander_capture,159,True,False,0
Random vs Random,267,20261180,0,Random,Random,south,commander_capture,100,True,False,0
Random vs Random,267,20261180,1,Random,Random,south,commander_capture,104,True,False,0
Random vs Random,268,20261181,0,Random,Random,south,commander_capture,76,True,False,0
Random vs Random,268,20261181,1,Random,Random,south,commander_capture,76,True,False,0
Random vs Random,269,20261182,0,Random,Random,north,commander_capture,99,True,False,0
Random vs Random,269,20261182,1,Random,Random,north,commander_capture,127,True,False,0
Random vs Random,270,20261183,0,Random,Random,south,commander_capture,212,True,False,0
Random vs Random,270,20261183,1,Random,Random,south,commander_capture,70,True,False,0
Random vs Random,271,20261184,0,Random,Random,south,commander_capture,42,True,False,0
Random vs Random,271,20261184,1,Random,Random,south,commander_capture,64,True,False,0
Random vs Random,272,20261185,0,Random,Random,south,commander_capture,124,True,False,0
Random vs Random,272,20261185,1,Random,Random,north,commander_capture,103,True,False,0
Random vs Random,273,20261186,0,Random,Random,north,commander_capture,71,True,False,0
Random vs Random,273,20261186,1,Random,Random,north,commander_capture,125,True,False,0
Random vs Random,274,20261187,0,Random,Random,south,commander_capture,106,True,False,0
Random vs Random,274,20261187,1,Random,Random,north,commander_capture,77,True,False,0
Random vs Random,275,20261188,0,Random,Random,south,commander_capture,36,True,False,0
Random vs Random,275,20261188,1,Random,Random,south,commander_capture,86,True,False,0
Random vs Random,276,20261189,0,Random,Random,south,commander_capture,116,True,False,0
Random vs Random,276,20261189,1,Random,Random,south,commander_capture,186,True,False,0
Random vs Random,277,20261190,0,Random,Random,north,commander_capture,55,True,False,0
Random vs Random,277,20261190,1,Random,Random,north,commander_capture,67,True,False,0
Random vs Random,278,20261191,0,Random,Random,south,commander_capture,58,True,False,0
Random vs Random,278,20261191,1,Random,Random,north,commander_capture,65,True,False,0
Random vs Random,279,20261192,0,Random,Random,south,commander_capture,156,True,False,0
Random vs Random,279,20261192,1,Random,Random,north,commander_capture,113,True,False,0
Random vs Random,280,20261193,0,Random,Random,north,commander_capture,55,True,False,0
Random vs Random,280,20261193,1,Random,Random,south,commander_capture,74,True,False,0
Random vs Random,281,20261194,0,Random,Random,south,commander_capture,66,True,False,0
Random vs Random,281,20261194,1,Random,Random,north,commander_capture,117,True,False,0
Random vs Random,282,20261195,0,Random,Random,north,commander_capture,95,True,False,0
Random vs Random,282,20261195,1,Random,Random,north,commander_capture,115,True,False,0
Random vs Random,283,20261196,0,Random,Random,south,commander_capture,254,True,False,0
Random vs Random,283,20261196,1,Random,Random,north,commander_capture,27,True,False,0
Random vs Random,284,20261197,0,Random,Random,south,commander_capture,82,True,False,0
Random vs Random,284,20261197,1,Random,Random,,ply_limit,512,False,True,0
Random vs Random,285,20261198,0,Random,Random,north,commander_capture,93,True,False,0
Random vs Random,285,20261198,1,Random,Random,north,commander_capture,119,True,False,0
Random vs Random,286,20261199,0,Random,Random,,ply_limit,512,False,True,0
Random vs Random,286,20261199,1,Random,Random,south,commander_capture,154,True,False,0
Random vs Random,287,20261200,0,Random,Random,south,commander_capture,66,True,False,0
Random vs Random,287,20261200,1,Random,Random,north,commander_capture,145,True,False,0
Random vs Random,288,20261201,0,Random,Random,north,commander_capture,57,True,False,0
Random vs Random,288,20261201,1,Random,Random,north,commander_capture,51,True,False,0
Random vs Random,289,20261202,0,Random,Random,south,commander_capture,24,True,False,0
Random vs Random,289,20261202,1,Random,Random,north,commander_capture,73,True,False,0
Random vs Random,290,20261203,0,Random,Random,south,commander_capture,108,True,False,0
Random vs Random,290,20261203,1,Random,Random,,ply_limit,512,False,True,0
Random vs Random,291,20261204,0,Random,Random,north,commander_capture,115,True,False,0
Random vs Random,291,20261204,1,Random,Random,north,commander_capture,127,True,False,0
Random vs Random,292,20261205,0,Random,Random,south,commander_capture,70,True,False,0
Random vs Random,292,20261205,1,Random,Random,,ply_limit,512,False,True,0
Random vs Random,293,20261206,0,Random,Random,south,commander_capture,146,True,False,0
Random vs Random,293,20261206,1,Random,Random,north,commander_capture,205,True,False,0
Random vs Random,294,20261207,0,Random,Random,north,commander_capture,123,True,False,0
Random vs Random,294,20261207,1,Random,Random,south,commander_capture,140,True,False,0
Random vs Random,295,20261208,0,Random,Random,south,commander_capture,60,True,False,0
Random vs Random,295,20261208,1,Random,Random,,ply_limit,512,False,True,0
Random vs Random,296,20261209,0,Random,Random,south,commander_capture,116,True,False,0
Random vs Random,296,20261209,1,Random,Random,north,commander_capture,85,True,False,0
Random vs Random,297,20261210,0,Random,Random,north,commander_capture,179,True,False,0
Random vs Random,297,20261210,1,Random,Random,south,commander_capture,76,True,False,0
Random vs Random,298,20261211,0,Random,Random,north,commander_capture,201,True,False,0
Random vs Random,298,20261211,1,Random,Random,south,commander_capture,120,True,False,0
Random vs Random,299,20261212,0,Random,Random,,ply_limit,512,False,True,0
Random vs Random,299,20261212,1,Random,Random,north,commander_capture,31,True,False,0
Random vs Random,300,20261213,0,Random,Random,north,commander_capture,121,True,False,0
Random vs Random,300,20261213,1,Random,Random,,ply_limit,512,False,True,0
Random vs Random,301,20261214,0,Random,Random,north,commander_capture,83,True,False,0
Random vs Random,301,20261214,1,Random,Random,north,commander_capture,107,True,False,0
Random vs Random,302,20261215,0,Random,Random,south,commander_capture,120,True,False,0
Random vs Random,302,20261215,1,Random,Random,,ply_limit,512,False,True,0
Random vs Random,303,20261216,0,Random,Random,south,commander_capture,198,True,False,0
Random vs Random,303,20261216,1,Random,Random,north,commander_capture,85,True,False,0
Random vs Random,304,20261217,0,Random,Random,north,commander_capture,55,True,False,0
Random vs Random,304,20261217,1,Random,Random,,ply_limit,512,False,True,0
Random vs Random,305,20261218,0,Random,Random,north,commander_capture,25,True,False,0
Random vs Random,305,20261218,1,Random,Random,north,commander_capture,67,True,False,0
Random vs Random,306,20261219,0,Random,Random,north,commander_capture,75,True,False,0
Random vs Random,306,20261219,1,Random,Random,north,commander_capture,129,True,False,0
Random vs Random,307,20261220,0,Random,Random,north,commander_capture,87,True,False,0
Random vs Random,307,20261220,1,Random,Random,,ply_limit,512,False,True,0
Random vs Random,308,20261221,0,Random,Random,north,commander_capture,81,True,False,0
Random vs Random,308,20261221,1,Random,Random,,ply_limit,512,False,True,0
Random vs Random,309,20261222,0,Random,Random,north,commander_capture,101,True,False,0
Random vs Random,309,20261222,1,Random,Random,north,commander_capture,53,True,False,0
Random vs Random,310,20261223,0,Random,Random,,ply_limit,512,False,True,0
Random vs Random,310,20261223,1,Random,Random,north,commander_capture,67,True,False,0
Random vs Random,311,20261224,0,Random,Random,south,commander_capture,140,True,False,0
Random vs Random,311,20261224,1,Random,Random,north,commander_capture,137,True,False,0
Random vs Random,312,20261225,0,Random,Random,north,commander_capture,123,True,False,0
Random vs Random,312,20261225,1,Random,Random,south,commander_capture,58,True,False,0
Random vs Random,313,20261226,0,Random,Random,north,commander_capture,115,True,False,0
Random vs Random,313,20261226,1,Random,Random,north,commander_capture,75,True,False,0
Random vs Random,314,20261227,0,Random,Random,south,commander_capture,96,True,False,0
Random vs Random,314,20261227,1,Random,Random,north,commander_capture,161,True,False,0
Random vs Random,315,20261228,0,Random,Random,north,commander_capture,73,True,False,0
Random vs Random,315,20261228,1,Random,Random,south,commander_capture,102,True,False,0
Random vs Random,316,20261229,0,Random,Random,south,commander_capture,70,True,False,0
Random vs Random,316,20261229,1,Random,Random,south,commander_capture,212,True,False,0
Random vs Random,317,20261230,0,Random,Random,north,commander_capture,229,True,False,0
Random vs Random,317,20261230,1,Random,Random,north,commander_capture,81,True,False,0
Random vs Random,318,20261231,0,Random,Random,south,commander_capture,110,True,False,0
Random vs Random,318,20261231,1,Random,Random,north,commander_capture,79,True,False,0
Random vs Random,319,20261232,0,Random,Random,south,commander_capture,86,True,False,0
Random vs Random,319,20261232,1,Random,Random,,ply_limit,512,False,True,0
Random vs Random,320,20261233,0,Random,Random,south,commander_capture,64,True,False,0
Random vs Random,320,20261233,1,Random,Random,south,commander_capture,108,True,False,0
Random vs Random,321,20261234,0,Random,Random,north,commander_capture,135,True,False,0
Random vs Random,321,20261234,1,Random,Random,south,commander_capture,112,True,False,0
Random vs Random,322,20261235,0,Random,Random,south,commander_capture,118,True,False,0
Random vs Random,322,20261235,1,Random,Random,,ply_limit,512,False,True,0
Random vs Random,323,20261236,0,Random,Random,south,commander_capture,108,True,False,0
Random vs Random,323,20261236,1,Random,Random,south,commander_capture,148,True,False,0
Random vs Random,324,20261237,0,Random,Random,north,commander_capture,105,True,False,0
Random vs Random,324,20261237,1,Random,Random,south,commander_capture,142,True,False,0
Random vs Random,325,20261238,0,Random,Random,south,commander_capture,50,True,False,0
Random vs Random,325,20261238,1,Random,Random,north,commander_capture,129,True,False,0
Random vs Random,326,20261239,0,Random,Random,north,commander_capture,65,True,False,0
Random vs Random,326,20261239,1,Random,Random,north,commander_capture,109,True,False,0
Random vs Random,327,20261240,0,Random,Random,south,commander_capture,170,True,False,0
Random vs Random,327,20261240,1,Random,Random,north,commander_capture,103,True,False,0
Random vs Random,328,20261241,0,Random,Random,north,commander_capture,217,True,False,0
Random vs Random,328,20261241,1,Random,Random,south,commander_capture,198,True,False,0
Random vs Random,329,20261242,0,Random,Random,south,commander_capture,154,True,False,0
Random vs Random,329,20261242,1,Random,Random,south,commander_capture,128,True,False,0
Random vs Random,330,20261243,0,Random,Random,north,commander_capture,97,True,False,0
Random vs Random,330,20261243,1,Random,Random,,ply_limit,512,False,True,0
Random vs Random,331,20261244,0,Random,Random,north,commander_capture,161,True,False,0
Random vs Random,331,20261244,1,Random,Random,south,commander_capture,36,True,False,0
Random vs Random,332,20261245,0,Random,Random,south,commander_capture,112,True,False,0
Random vs Random,332,20261245,1,Random,Random,north,commander_capture,257,True,False,0
Random vs Random,333,20261246,0,Random,Random,south,commander_capture,130,True,False,0
Random vs Random,333,20261246,1,Random,Random,north,commander_capture,145,True,False,0
Random vs Random,334,20261247,0,Random,Random,north,commander_capture,127,True,False,0
Random vs Random,334,20261247,1,Random,Random,south,commander_capture,62,True,False,0
Random vs Random,335,20261248,0,Random,Random,south,commander_capture,46,True,False,0
Random vs Random,335,20261248,1,Random,Random,north,commander_capture,215,True,False,0
Random vs Random,336,20261249,0,Random,Random,north,commander_capture,213,True,False,0
Random vs Random,336,20261249,1,Random,Random,north,commander_capture,89,True,False,0
Random vs Random,337,20261250,0,Random,Random,north,commander_capture,149,True,False,0
Random vs Random,337,20261250,1,Random,Random,south,commander_capture,138,True,False,0
Random vs Random,338,20261251,0,Random,Random,south,commander_capture,48,True,False,0
Random vs Random,338,20261251,1,Random,Random,south,commander_capture,68,True,False,0
Random vs Random,339,20261252,0,Random,Random,north,commander_capture,123,True,False,0
Random vs Random,339,20261252,1,Random,Random,south,commander_capture,186,True,False,0
Random vs Random,340,20261253,0,Random,Random,south,commander_capture,166,True,False,0
Random vs Random,340,20261253,1,Random,Random,south,commander_capture,120,True,False,0
Random vs Random,341,20261254,0,Random,Random,south,commander_capture,102,True,False,0
Random vs Random,341,20261254,1,Random,Random,north,commander_capture,43,True,False,0
Random vs Random,342,20261255,0,Random,Random,south,commander_capture,136,True,False,0
Random vs Random,342,20261255,1,Random,Random,south,commander_capture,44,True,False,0
Random vs Random,343,20261256,0,Random,Random,north,commander_capture,51,True,False,0
Random vs Random,343,20261256,1,Random,Random,north,commander_capture,89,True,False,0
Random vs Random,344,20261257,0,Random,Random,north,commander_capture,117,True,False,0
Random vs Random,344,20261257,1,Random,Random,south,commander_capture,190,True,False,0
Random vs Random,345,20261258,0,Random,Random,north,commander_capture,165,True,False,0
Random vs Random,345,20261258,1,Random,Random,south,commander_capture,224,True,False,0
Random vs Random,346,20261259,0,Random,Random,north,commander_capture,103,True,False,0
Random vs Random,346,20261259,1,Random,Random,north,commander_capture,61,True,False,0
Random vs Random,347,20261260,0,Random,Random,,ply_limit,512,False,True,0
Random vs Random,347,20261260,1,Random,Random,,ply_limit,512,False,True,0
Random vs Random,348,20261261,0,Random,Random,south,commander_capture,172,True,False,0
Random vs Random,348,20261261,1,Random,Random,north,commander_capture,109,True,False,0
Random vs Random,349,20261262,0,Random,Random,south,commander_capture,202,True,False,0
Random vs Random,349,20261262,1,Random,Random,north,commander_capture,131,True,False,0
Random vs Random,350,20261263,0,Random,Random,,ply_limit,512,False,True,0
Random vs Random,350,20261263,1,Random,Random,south,commander_capture,148,True,False,0
Random vs Random,351,20261264,0,Random,Random,south,commander_capture,70,True,False,0
Random vs Random,351,20261264,1,Random,Random,north,commander_capture,83,True,False,0
Random vs Random,352,20261265,0,Random,Random,south,commander_capture,92,True,False,0
Random vs Random,352,20261265,1,Random,Random,north,commander_capture,115,True,False,0
Random vs Random,353,20261266,0,Random,Random,north,commander_capture,99,True,False,0
Random vs Random,353,20261266,1,Random,Random,south,commander_capture,96,True,False,0
Random vs Random,354,20261267,0,Random,Random,,ply_limit,512,False,True,0
Random vs Random,354,20261267,1,Random,Random,,ply_limit,512,False,True,0
Random vs Random,355,20261268,0,Random,Random,south,commander_capture,82,True,False,0
Random vs Random,355,20261268,1,Random,Random,north,commander_capture,83,True,False,0
Random vs Random,356,20261269,0,Random,Random,south,commander_capture,82,True,False,0
Random vs Random,356,20261269,1,Random,Random,north,commander_capture,71,True,False,0
Random vs Random,357,20261270,0,Random,Random,south,commander_capture,272,True,False,0
Random vs Random,357,20261270,1,Random,Random,south,commander_capture,130,True,False,0
Random vs Random,358,20261271,0,Random,Random,south,commander_capture,42,True,False,0
Random vs Random,358,20261271,1,Random,Random,south,commander_capture,66,True,False,0
Random vs Random,359,20261272,0,Random,Random,north,commander_capture,65,True,False,0
Random vs Random,359,20261272,1,Random,Random,north,commander_capture,171,True,False,0
Random vs Random,360,20261273,0,Random,Random,south,commander_capture,120,True,False,0
Random vs Random,360,20261273,1,Random,Random,north,commander_capture,93,True,False,0
Random vs Random,361,20261274,0,Random,Random,north,commander_capture,101,True,False,0
Random vs Random,361,20261274,1,Random,Random,south,commander_capture,98,True,False,0
Random vs Random,362,20261275,0,Random,Random,south,commander_capture,72,True,False,0
Random vs Random,362,20261275,1,Random,Random,north,commander_capture,111,True,False,0
Random vs Random,363,20261276,0,Random,Random,north,commander_capture,193,True,False,0
Random vs Random,363,20261276,1,Random,Random,north,commander_capture,59,True,False,0
Random vs Random,364,20261277,0,Random,Random,south,commander_capture,170,True,False,0
Random vs Random,364,20261277,1,Random,Random,,ply_limit,512,False,True,0
Random vs Random,365,20261278,0,Random,Random,,ply_limit,512,False,True,0
Random vs Random,365,20261278,1,Random,Random,south,commander_capture,58,True,False,0
Random vs Random,366,20261279,0,Random,Random,south,commander_capture,92,True,False,0
Random vs Random,366,20261279,1,Random,Random,north,commander_capture,31,True,False,0
Random vs Random,367,20261280,0,Random,Random,north,commander_capture,99,True,False,0
Random vs Random,367,20261280,1,Random,Random,south,commander_capture,130,True,False,0
Random vs Random,368,20261281,0,Random,Random,north,commander_capture,91,True,False,0
Random vs Random,368,20261281,1,Random,Random,south,commander_capture,108,True,False,0
Random vs Random,369,20261282,0,Random,Random,north,commander_capture,77,True,False,0
Random vs Random,369,20261282,1,Random,Random,north,commander_capture,189,True,False,0
Random vs Random,370,20261283,0,Random,Random,south,commander_capture,76,True,False,0
Random vs Random,370,20261283,1,Random,Random,south,commander_capture,80,True,False,0
Random vs Random,371,20261284,0,Random,Random,south,commander_capture,70,True,False,0
Random vs Random,371,20261284,1,Random,Random,north,commander_capture,253,True,False,0
Random vs Random,372,20261285,0,Random,Random,north,commander_capture,251,True,False,0
Random vs Random,372,20261285,1,Random,Random,north,commander_capture,73,True,False,0
Random vs Random,373,20261286,0,Random,Random,,ply_limit,512,False,True,0
Random vs Random,373,20261286,1,Random,Random,south,commander_capture,142,True,False,0
Random vs Random,374,20261287,0,Random,Random,north,commander_capture,125,True,False,0
Random vs Random,374,20261287,1,Random,Random,,ply_limit,512,False,True,0
Random vs Random,375,20261288,0,Random,Random,south,commander_capture,48,True,False,0
Random vs Random,375,20261288,1,Random,Random,north,commander_capture,97,True,False,0
Random vs Random,376,20261289,0,Random,Random,south,commander_capture,76,True,False,0
Random vs Random,376,20261289,1,Random,Random,south,commander_capture,124,True,False,0
Random vs Random,377,20261290,0,Random,Random,north,commander_capture,87,True,False,0
Random vs Random,377,20261290,1,Random,Random,north,commander_capture,119,True,False,0
Random vs Random,378,20261291,0,Random,Random,north,commander_capture,119,True,False,0
Random vs Random,378,20261291,1,Random,Random,north,commander_capture,91,True,False,0
Random vs Random,379,20261292,0,Random,Random,south,commander_capture,50,True,False,0
Random vs Random,379,20261292,1,Random,Random,south,commander_capture,178,True,False,0
Random vs Random,380,20261293,0,Random,Random,south,commander_capture,182,True,False,0
Random vs Random,380,20261293,1,Random,Random,north,commander_capture,71,True,False,0
Random vs Random,381,20261294,0,Random,Random,south,commander_capture,238,True,False,0
Random vs Random,381,20261294,1,Random,Random,north,commander_capture,23,True,False,0
Random vs Random,382,20261295,0,Random,Random,north,commander_capture,131,True,False,0
Random vs Random,382,20261295,1,Random,Random,south,commander_capture,60,True,False,0
Random vs Random,383,20261296,0,Random,Random,south,commander_capture,136,True,False,0
Random vs Random,383,20261296,1,Random,Random,north,commander_capture,97,True,False,0
Random vs Random,384,20261297,0,Random,Random,north,commander_capture,89,True,False,0
Random vs Random,384,20261297,1,Random,Random,south,commander_capture,166,True,False,0
Random vs Random,385,20261298,0,Random,Random,south,commander_capture,46,True,False,0
Random vs Random,385,20261298,1,Random,Random,south,commander_capture,146,True,False,0
Random vs Random,386,20261299,0,Random,Random,north,commander_capture,81,True,False,0
Random vs Random,386,20261299,1,Random,Random,north,commander_capture,25,True,False,0
Random vs Random,387,20261300,0,Random,Random,north,commander_capture,55,True,False,0
Random vs Random,387,20261300,1,Random,Random,north,commander_capture,145,True,False,0
Random vs Random,388,20261301,0,Random,Random,north,commander_capture,165,True,False,0
Random vs Random,388,20261301,1,Random,Random,south,commander_capture,188,True,False,0
Random vs Random,389,20261302,0,Random,Random,south,commander_capture,46,True,False,0
Random vs Random,389,20261302,1,Random,Random,north,commander_capture,175,True,False,0
Random vs Random,390,20261303,0,Random,Random,north,commander_capture,113,True,False,0
Random vs Random,390,20261303,1,Random,Random,south,commander_capture,128,True,False,0
Random vs Random,391,20261304,0,Random,Random,north,commander_capture,49,True,False,0
Random vs Random,391,20261304,1,Random,Random,south,commander_capture,102,True,False,0
Random vs Random,392,20261305,0,Random,Random,south,commander_capture,138,True,False,0
Random vs Random,392,20261305,1,Random,Random,south,commander_capture,38,True,False,0
Random vs Random,393,20261306,0,Random,Random,south,commander_capture,56,True,False,0
Random vs Random,393,20261306,1,Random,Random,south,commander_capture,134,True,False,0
Random vs Random,394,20261307,0,Random,Random,north,commander_capture,173,True,False,0
Random vs Random,394,20261307,1,Random,Random,south,commander_capture,232,True,False,0
Random vs Random,395,20261308,0,Random,Random,,ply_limit,512,False,True,0
Random vs Random,395,20261308,1,Random,Random,south,commander_capture,258,True,False,0
Random vs Random,396,20261309,0,Random,Random,south,commander_capture,42,True,False,0
Random vs Random,396,20261309,1,Random,Random,south,commander_capture,122,True,False,0
Random vs Random,397,20261310,0,Random,Random,north,commander_capture,37,True,False,0
Random vs Random,397,20261310,1,Random,Random,south,commander_capture,120,True,False,0
Random vs Random,398,20261311,0,Random,Random,,ply_limit,512,False,True,0
Random vs Random,398,20261311,1,Random,Random,,ply_limit,512,False,True,0
Random vs Random,399,20261312,0,Random,Random,south,commander_capture,122,True,False,0
Random vs Random,399,20261312,1,Random,Random,north,commander_capture,215,True,False,0
Random vs Random,400,20261313,0,Random,Random,north,commander_capture,145,True,False,0
Random vs Random,400,20261313,1,Random,Random,north,commander_capture,63,True,False,0
Random vs Random,401,20261314,0,Random,Random,north,commander_capture,113,True,False,0
Random vs Random,401,20261314,1,Random,Random,north,commander_capture,135,True,False,0
Random vs Random,402,20261315,0,Random,Random,south,commander_capture,68,True,False,0
Random vs Random,402,20261315,1,Random,Random,north,commander_capture,85,True,False,0
Random vs Random,403,20261316,0,Random,Random,north,commander_capture,65,True,False,0
Random vs Random,403,20261316,1,Random,Random,south,commander_capture,118,True,False,0
Random vs Random,404,20261317,0,Random,Random,south,commander_capture,102,True,False,0
Random vs Random,404,20261317,1,Random,Random,north,commander_capture,109,True,False,0
Random vs Random,405,20261318,0,Random,Random,south,commander_capture,110,True,False,0
Random vs Random,405,20261318,1,Random,Random,south,commander_capture,48,True,False,0
Random vs Random,406,20261319,0,Random,Random,north,commander_capture,99,True,False,0
Random vs Random,406,20261319,1,Random,Random,north,commander_capture,65,True,False,0
Random vs Random,407,20261320,0,Random,Random,,ply_limit,512,False,True,0
Random vs Random,407,20261320,1,Random,Random,north,commander_capture,113,True,False,0
Random vs Random,408,20261321,0,Random,Random,south,commander_capture,156,True,False,0
Random vs Random,408,20261321,1,Random,Random,north,commander_capture,77,True,False,0
Random vs Random,409,20261322,0,Random,Random,,ply_limit,512,False,True,0
Random vs Random,409,20261322,1,Random,Random,,ply_limit,512,False,True,0
Random vs Random,410,20261323,0,Random,Random,north,commander_capture,43,True,False,0
Random vs Random,410,20261323,1,Random,Random,north,commander_capture,99,True,False,0
Random vs Random,411,20261324,0,Random,Random,south,commander_capture,94,True,False,0
Random vs Random,411,20261324,1,Random,Random,south,commander_capture,50,True,False,0
Random vs Random,412,20261325,0,Random,Random,north,commander_capture,183,True,False,0
Random vs Random,412,20261325,1,Random,Random,north,commander_capture,91,True,False,0
Random vs Random,413,20261326,0,Random,Random,south,commander_capture,88,True,False,0
Random vs Random,413,20261326,1,Random,Random,north,commander_capture,123,True,False,0
Random vs Random,414,20261327,0,Random,Random,north,commander_capture,109,True,False,0
Random vs Random,414,20261327,1,Random,Random,south,commander_capture,200,True,False,0
Random vs Random,415,20261328,0,Random,Random,south,commander_capture,148,True,False,0
Random vs Random,415,20261328,1,Random,Random,north,commander_capture,111,True,False,0
Random vs Random,416,20261329,0,Random,Random,north,commander_capture,29,True,False,0
Random vs Random,416,20261329,1,Random,Random,south,commander_capture,48,True,False,0
Random vs Random,417,20261330,0,Random,Random,south,commander_capture,144,True,False,0
Random vs Random,417,20261330,1,Random,Random,south,commander_capture,84,True,False,0
Random vs Random,418,20261331,0,Random,Random,north,commander_capture,65,True,False,0
Random vs Random,418,20261331,1,Random,Random,south,commander_capture,62,True,False,0
Random vs Random,419,20261332,0,Random,Random,south,commander_capture,36,True,False,0
Random vs Random,419,20261332,1,Random,Random,south,commander_capture,44,True,False,0
Random vs Random,420,20261333,0,Random,Random,north,commander_capture,79,True,False,0
Random vs Random,420,20261333,1,Random,Random,south,commander_capture,64,True,False,0
Random vs Random,421,20261334,0,Random,Random,south,commander_capture,84,True,False,0
Random vs Random,421,20261334,1,Random,Random,south,commander_capture,216,True,False,0
Random vs Random,422,20261335,0,Random,Random,south,commander_capture,130,True,False,0
Random vs Random,422,20261335,1,Random,Random,south,commander_capture,126,True,False,0
Random vs Random,423,20261336,0,Random,Random,north,commander_capture,119,True,False,0
Random vs Random,423,20261336,1,Random,Random,north,commander_capture,145,True,False,0
Random vs Random,424,20261337,0,Random,Random,south,commander_capture,162,True,False,0
Random vs Random,424,20261337,1,Random,Random,south,commander_capture,46,True,False,0
Random vs Random,425,20261338,0,Random,Random,north,commander_capture,119,True,False,0
Random vs Random,425,20261338,1,Random,Random,,ply_limit,512,False,True,0
Random vs Random,426,20261339,0,Random,Random,south,commander_capture,156,True,False,0
Random vs Random,426,20261339,1,Random,Random,north,commander_capture,89,True,False,0
Random vs Random,427,20261340,0,Random,Random,south,commander_capture,22,True,False,0
Random vs Random,427,20261340,1,Random,Random,south,commander_capture,106,True,False,0
Random vs Random,428,20261341,0,Random,Random,south,commander_capture,210,True,False,0
Random vs Random,428,20261341,1,Random,Random,north,commander_capture,119,True,False,0
Random vs Random,429,20261342,0,Random,Random,south,commander_capture,54,True,False,0
Random vs Random,429,20261342,1,Random,Random,north,commander_capture,61,True,False,0
Random vs Random,430,20261343,0,Random,Random,south,commander_capture,166,True,False,0
Random vs Random,430,20261343,1,Random,Random,north,commander_capture,65,True,False,0
Random vs Random,431,20261344,0,Random,Random,south,commander_capture,128,True,False,0
Random vs Random,431,20261344,1,Random,Random,south,commander_capture,128,True,False,0
Random vs Random,432,20261345,0,Random,Random,north,commander_capture,47,True,False,0
Random vs Random,432,20261345,1,Random,Random,north,commander_capture,145,True,False,0
Random vs Random,433,20261346,0,Random,Random,south,commander_capture,86,True,False,0
Random vs Random,433,20261346,1,Random,Random,south,commander_capture,172,True,False,0
Random vs Random,434,20261347,0,Random,Random,north,commander_capture,73,True,False,0
Random vs Random,434,20261347,1,Random,Random,north,commander_capture,37,True,False,0
Random vs Random,435,20261348,0,Random,Random,north,commander_capture,103,True,False,0
Random vs Random,435,20261348,1,Random,Random,north,commander_capture,223,True,False,0
Random vs Random,436,20261349,0,Random,Random,south,commander_capture,92,True,False,0
Random vs Random,436,20261349,1,Random,Random,north,commander_capture,103,True,False,0
Random vs Random,437,20261350,0,Random,Random,south,commander_capture,170,True,False,0
Random vs Random,437,20261350,1,Random,Random,north,commander_capture,143,True,False,0
Random vs Random,438,20261351,0,Random,Random,north,commander_capture,71,True,False,0
Random vs Random,438,20261351,1,Random,Random,north,commander_capture,53,True,False,0
Random vs Random,439,20261352,0,Random,Random,south,commander_capture,122,True,False,0
Random vs Random,439,20261352,1,Random,Random,south,commander_capture,38,True,False,0
Random vs Random,440,20261353,0,Random,Random,south,commander_capture,132,True,False,0
Random vs Random,440,20261353,1,Random,Random,north,commander_capture,179,True,False,0
Random vs Random,441,20261354,0,Random,Random,,ply_limit,512,False,True,0
Random vs Random,441,20261354,1,Random,Random,north,commander_capture,125,True,False,0
Random vs Random,442,20261355,0,Random,Random,south,commander_capture,40,True,False,0
Random vs Random,442,20261355,1,Random,Random,north,commander_capture,57,True,False,0
Random vs Random,443,20261356,0,Random,Random,north,commander_capture,91,True,False,0
Random vs Random,443,20261356,1,Random,Random,south,commander_capture,106,True,False,0
Random vs Random,444,20261357,0,Random,Random,south,commander_capture,140,True,False,0
Random vs Random,444,20261357,1,Random,Random,north,commander_capture,61,True,False,0
Random vs Random,445,20261358,0,Random,Random,north,commander_capture,103,True,False,0
Random vs Random,445,20261358,1,Random,Random,south,commander_capture,136,True,False,0
Random vs Random,446,20261359,0,Random,Random,north,commander_capture,83,True,False,0
Random vs Random,446,20261359,1,Random,Random,north,commander_capture,97,True,False,0
Random vs Random,447,20261360,0,Random,Random,north,commander_capture,65,True,False,0
Random vs Random,447,20261360,1,Random,Random,,ply_limit,512,False,True,0
Random vs Random,448,20261361,0,Random,Random,south,commander_capture,80,True,False,0
Random vs Random,448,20261361,1,Random,Random,south,commander_capture,98,True,False,0
Random vs Random,449,20261362,0,Random,Random,south,commander_capture,226,True,False,0
Random vs Random,449,20261362,1,Random,Random,north,commander_capture,73,True,False,0
Random vs Random,450,20261363,0,Random,Random,north,commander_capture,187,True,False,0
Random vs Random,450,20261363,1,Random,Random,north,commander_capture,93,True,False,0
Random vs Random,451,20261364,0,Random,Random,north,commander_capture,151,True,False,0
Random vs Random,451,20261364,1,Random,Random,north,commander_capture,33,True,False,0
Random vs Random,452,20261365,0,Random,Random,north,commander_capture,67,True,False,0
Random vs Random,452,20261365,1,Random,Random,north,commander_capture,53,True,False,0
Random vs Random,453,20261366,0,Random,Random,north,commander_capture,111,True,False,0
Random vs Random,453,20261366,1,Random,Random,south,commander_capture,146,True,False,0
Random vs Random,454,20261367,0,Random,Random,north,commander_capture,115,True,False,0
Random vs Random,454,20261367,1,Random,Random,north,commander_capture,135,True,False,0
Random vs Random,455,20261368,0,Random,Random,north,commander_capture,65,True,False,0
Random vs Random,455,20261368,1,Random,Random,north,commander_capture,179,True,False,0
Random vs Random,456,20261369,0,Random,Random,north,commander_capture,29,True,False,0
Random vs Random,456,20261369,1,Random,Random,north,commander_capture,47,True,False,0
Random vs Random,457,20261370,0,Random,Random,south,commander_capture,50,True,False,0
Random vs Random,457,20261370,1,Random,Random,south,commander_capture,180,True,False,0
Random vs Random,458,20261371,0,Random,Random,north,commander_capture,47,True,False,0
Random vs Random,458,20261371,1,Random,Random,north,commander_capture,81,True,False,0
Random vs Random,459,20261372,0,Random,Random,north,commander_capture,135,True,False,0
Random vs Random,459,20261372,1,Random,Random,north,commander_capture,55,True,False,0
Random vs Random,460,20261373,0,Random,Random,north,commander_capture,81,True,False,0
Random vs Random,460,20261373,1,Random,Random,north,commander_capture,137,True,False,0
Random vs Random,461,20261374,0,Random,Random,north,commander_capture,155,True,False,0
Random vs Random,461,20261374,1,Random,Random,north,commander_capture,55,True,False,0
Random vs Random,462,20261375,0,Random,Random,south,commander_capture,112,True,False,0
Random vs Random,462,20261375,1,Random,Random,south,commander_capture,86,True,False,0
Random vs Random,463,20261376,0,Random,Random,south,commander_capture,60,True,False,0
Random vs Random,463,20261376,1,Random,Random,south,commander_capture,192,True,False,0
Random vs Random,464,20261377,0,Random,Random,north,commander_capture,43,True,False,0
Random vs Random,464,20261377,1,Random,Random,south,commander_capture,128,True,False,0
Random vs Random,465,20261378,0,Random,Random,north,commander_capture,81,True,False,0
Random vs Random,465,20261378,1,Random,Random,north,commander_capture,79,True,False,0
Random vs Random,466,20261379,0,Random,Random,south,commander_capture,40,True,False,0
Random vs Random,466,20261379,1,Random,Random,north,commander_capture,109,True,False,0
Random vs Random,467,20261380,0,Random,Random,north,commander_capture,81,True,False,0
Random vs Random,467,20261380,1,Random,Random,south,commander_capture,132,True,False,0
Random vs Random,468,20261381,0,Random,Random,south,commander_capture,164,True,False,0
Random vs Random,468,20261381,1,Random,Random,north,commander_capture,65,True,False,0
Random vs Random,469,20261382,0,Random,Random,,ply_limit,512,False,True,0
Random vs Random,469,20261382,1,Random,Random,south,commander_capture,46,True,False,0
Random vs Random,470,20261383,0,Random,Random,south,commander_capture,190,True,False,0
Random vs Random,470,20261383,1,Random,Random,south,commander_capture,62,True,False,0
Random vs Random,471,20261384,0,Random,Random,,ply_limit,512,False,True,0
Random vs Random,471,20261384,1,Random,Random,south,commander_capture,94,True,False,0
Random vs Random,472,20261385,0,Random,Random,north,commander_capture,139,True,False,0
Random vs Random,472,20261385,1,Random,Random,south,commander_capture,52,True,False,0
Random vs Random,473,20261386,0,Random,Random,north,commander_capture,187,True,False,0
Random vs Random,473,20261386,1,Random,Random,south,commander_capture,70,True,False,0
Random vs Random,474,20261387,0,Random,Random,north,commander_capture,145,True,False,0
Random vs Random,474,20261387,1,Random,Random,,ply_limit,512,False,True,0
Random vs Random,475,20261388,0,Random,Random,north,commander_capture,107,True,False,0
Random vs Random,475,20261388,1,Random,Random,south,commander_capture,116,True,False,0
Random vs Random,476,20261389,0,Random,Random,north,commander_capture,103,True,False,0
Random vs Random,476,20261389,1,Random,Random,south,commander_capture,136,True,False,0
Random vs Random,477,20261390,0,Random,Random,north,commander_capture,99,True,False,0
Random vs Random,477,20261390,1,Random,Random,north,commander_capture,149,True,False,0
Random vs Random,478,20261391,0,Random,Random,south,commander_capture,112,True,False,0
Random vs Random,478,20261391,1,Random,Random,north,commander_capture,105,True,False,0
Random vs Random,479,20261392,0,Random,Random,south,commander_capture,190,True,False,0
Random vs Random,479,20261392,1,Random,Random,south,commander_capture,36,True,False,0
Random vs Random,480,20261393,0,Random,Random,south,commander_capture,136,True,False,0
Random vs Random,480,20261393,1,Random,Random,south,commander_capture,62,True,False,0
Random vs Random,481,20261394,0,Random,Random,north,commander_capture,69,True,False,0
Random vs Random,481,20261394,1,Random,Random,north,commander_capture,143,True,False,0
Random vs Random,482,20261395,0,Random,Random,north,commander_capture,81,True,False,0
Random vs Random,482,20261395,1,Random,Random,north,commander_capture,75,True,False,0
Random vs Random,483,20261396,0,Random,Random,north,commander_capture,189,True,False,0
Random vs Random,483,20261396,1,Random,Random,north,commander_capture,139,True,False,0
Random vs Random,484,20261397,0,Random,Random,south,commander_capture,188,True,False,0
Random vs Random,484,20261397,1,Random,Random,south,commander_capture,82,True,False,0
Random vs Random,485,20261398,0,Random,Random,south,commander_capture,136,True,False,0
Random vs Random,485,20261398,1,Random,Random,south,commander_capture,110,True,False,0
Random vs Random,486,20261399,0,Random,Random,north,commander_capture,87,True,False,0
Random vs Random,486,20261399,1,Random,Random,south,commander_capture,132,True,False,0
Random vs Random,487,20261400,0,Random,Random,north,commander_capture,81,True,False,0
Random vs Random,487,20261400,1,Random,Random,,ply_limit,512,False,True,0
Random vs Random,488,20261401,0,Random,Random,south,commander_capture,172,True,False,0
Random vs Random,488,20261401,1,Random,Random,south,commander_capture,96,True,False,0
Random vs Random,489,20261402,0,Random,Random,south,commander_capture,108,True,False,0
Random vs Random,489,20261402,1,Random,Random,south,commander_capture,108,True,False,0
Random vs Random,490,20261403,0,Random,Random,north,commander_capture,199,True,False,0
Random vs Random,490,20261403,1,Random,Random,north,commander_capture,97,True,False,0
Random vs Random,491,20261404,0,Random,Random,north,commander_capture,75,True,False,0
Random vs Random,491,20261404,1,Random,Random,south,commander_capture,100,True,False,0
Random vs Random,492,20261405,0,Random,Random,south,commander_capture,198,True,False,0
Random vs Random,492,20261405,1,Random,Random,south,commander_capture,30,True,False,0
Random vs Random,493,20261406,0,Random,Random,north,commander_capture,143,True,False,0
Random vs Random,493,20261406,1,Random,Random,north,commander_capture,103,True,False,0
Random vs Random,494,20261407,0,Random,Random,,ply_limit,512,False,True,0
Random vs Random,494,20261407,1,Random,Random,south,commander_capture,94,True,False,0
Random vs Random,495,20261408,0,Random,Random,north,commander_capture,173,True,False,0
Random vs Random,495,20261408,1,Random,Random,south,commander_capture,160,True,False,0
Random vs Random,496,20261409,0,Random,Random,,ply_limit,512,False,True,0
Random vs Random,496,20261409,1,Random,Random,north,commander_capture,59,True,False,0
Random vs Random,497,20261410,0,Random,Random,north,commander_capture,47,True,False,0
Random vs Random,497,20261410,1,Random,Random,north,commander_capture,135,True,False,0
Random vs Random,498,20261411,0,Random,Random,north,commander_capture,121,True,False,0
Random vs Random,498,20261411,1,Random,Random,draw,threefold_repetition,281,True,False,0
Random vs Random,499,20261412,0,Random,Random,south,commander_capture,194,True,False,0
Random vs Random,499,20261412,1,Random,Random,south,commander_capture,80,True,False,0
Random vs Random,500,20261413,0,Random,Random,north,commander_capture,77,True,False,0
Random vs Random,500,20261413,1,Random,Random,north,commander_capture,19,True,False,0
Random vs Random,501,20261414,0,Random,Random,south,commander_capture,132,True,False,0
Random vs Random,501,20261414,1,Random,Random,north,commander_capture,97,True,False,0
Random vs Random,502,20261415,0,Random,Random,north,commander_capture,143,True,False,0
Random vs Random,502,20261415,1,Random,Random,north,commander_capture,133,True,False,0
Random vs Random,503,20261416,0,Random,Random,north,commander_capture,111,True,False,0
Random vs Random,503,20261416,1,Random,Random,north,commander_capture,75,True,False,0
Random vs Random,504,20261417,0,Random,Random,south,commander_capture,94,True,False,0
Random vs Random,504,20261417,1,Random,Random,south,commander_capture,78,True,False,0
Random vs Random,505,20261418,0,Random,Random,north,commander_capture,65,True,False,0
Random vs Random,505,20261418,1,Random,Random,south,commander_capture,92,True,False,0
Random vs Random,506,20261419,0,Random,Random,north,commander_capture,143,True,False,0
Random vs Random,506,20261419,1,Random,Random,north,commander_capture,55,True,False,0
Random vs Random,507,20261420,0,Random,Random,south,commander_capture,44,True,False,0
Random vs Random,507,20261420,1,Random,Random,north,commander_capture,57,True,False,0
Random vs Random,508,20261421,0,Random,Random,south,commander_capture,112,True,False,0
Random vs Random,508,20261421,1,Random,Random,south,commander_capture,114,True,False,0
Random vs Random,509,20261422,0,Random,Random,,ply_limit,512,False,True,0
Random vs Random,509,20261422,1,Random,Random,south,commander_capture,86,True,False,0
Random vs Random,510,20261423,0,Random,Random,north,commander_capture,229,True,False,0
Random vs Random,510,20261423,1,Random,Random,north,commander_capture,131,True,False,0
Random vs Random,511,20261424,0,Random,Random,north,commander_capture,93,True,False,0
Random vs Random,511,20261424,1,Random,Random,south,commander_capture,114,True,False,0
Random vs Random,512,20261425,0,Random,Random,north,commander_capture,87,True,False,0
Random vs Random,512,20261425,1,Random,Random,south,commander_capture,50,True,False,0
Random vs Random,513,20261426,0,Random,Random,south,commander_capture,72,True,False,0
Random vs Random,513,20261426,1,Random,Random,north,commander_capture,47,True,False,0
Random vs Random,514,20261427,0,Random,Random,north,commander_capture,149,True,False,0
Random vs Random,514,20261427,1,Random,Random,north,commander_capture,135,True,False,0
Random vs Random,515,20261428,0,Random,Random,north,commander_capture,103,True,False,0
Random vs Random,515,20261428,1,Random,Random,north,commander_capture,75,True,False,0
Random vs Random,516,20261429,0,Random,Random,north,commander_capture,107,True,False,0
Random vs Random,516,20261429,1,Random,Random,,ply_limit,512,False,True,0
Random vs Random,517,20261430,0,Random,Random,south,commander_capture,54,True,False,0
Random vs Random,517,20261430,1,Random,Random,north,commander_capture,121,True,False,0
Random vs Random,518,20261431,0,Random,Random,south,commander_capture,164,True,False,0
Random vs Random,518,20261431,1,Random,Random,south,commander_capture,70,True,False,0
Random vs Random,519,20261432,0,Random,Random,south,commander_capture,116,True,False,0
Random vs Random,519,20261432,1,Random,Random,north,commander_capture,137,True,False,0
Random vs Random,520,20261433,0,Random,Random,,ply_limit,512,False,True,0
Random vs Random,520,20261433,1,Random,Random,south,commander_capture,36,True,False,0
Random vs Random,521,20261434,0,Random,Random,,ply_limit,512,False,True,0
Random vs Random,521,20261434,1,Random,Random,north,commander_capture,55,True,False,0
Random vs Random,522,20261435,0,Random,Random,north,commander_capture,107,True,False,0
Random vs Random,522,20261435,1,Random,Random,north,commander_capture,129,True,False,0
Random vs Random,523,20261436,0,Random,Random,,ply_limit,512,False,True,0
Random vs Random,523,20261436,1,Random,Random,south,commander_capture,106,True,False,0
Random vs Random,524,20261437,0,Random,Random,north,commander_capture,143,True,False,0
Random vs Random,524,20261437,1,Random,Random,south,commander_capture,138,True,False,0
Random vs Random,525,20261438,0,Random,Random,south,commander_capture,130,True,False,0
Random vs Random,525,20261438,1,Random,Random,south,commander_capture,120,True,False,0
Random vs Random,526,20261439,0,Random,Random,north,commander_capture,127,True,False,0
Random vs Random,526,20261439,1,Random,Random,north,commander_capture,15,True,False,0
Random vs Random,527,20261440,0,Random,Random,south,commander_capture,78,True,False,0
Random vs Random,527,20261440,1,Random,Random,,ply_limit,512,False,True,0
Random vs Random,528,20261441,0,Random,Random,south,commander_capture,58,True,False,0
Random vs Random,528,20261441,1,Random,Random,south,commander_capture,106,True,False,0
Random vs Random,529,20261442,0,Random,Random,south,commander_capture,148,True,False,0
Random vs Random,529,20261442,1,Random,Random,,ply_limit,512,False,True,0
Random vs Random,530,20261443,0,Random,Random,south,commander_capture,24,True,False,0
Random vs Random,530,20261443,1,Random,Random,north,commander_capture,79,True,False,0
Random vs Random,531,20261444,0,Random,Random,south,commander_capture,174,True,False,0
Random vs Random,531,20261444,1,Random,Random,north,commander_capture,165,True,False,0
Random vs Random,532,20261445,0,Random,Random,north,commander_capture,207,True,False,0
Random vs Random,532,20261445,1,Random,Random,,ply_limit,512,False,True,0
Random vs Random,533,20261446,0,Random,Random,north,commander_capture,115,True,False,0
Random vs Random,533,20261446,1,Random,Random,south,commander_capture,174,True,False,0
Random vs Random,534,20261447,0,Random,Random,south,commander_capture,122,True,False,0
Random vs Random,534,20261447,1,Random,Random,south,commander_capture,62,True,False,0
Random vs Random,535,20261448,0,Random,Random,,ply_limit,512,False,True,0
Random vs Random,535,20261448,1,Random,Random,south,commander_capture,94,True,False,0
Random vs Random,536,20261449,0,Random,Random,south,commander_capture,62,True,False,0
Random vs Random,536,20261449,1,Random,Random,north,commander_capture,121,True,False,0
Random vs Random,537,20261450,0,Random,Random,south,commander_capture,94,True,False,0
Random vs Random,537,20261450,1,Random,Random,south,commander_capture,40,True,False,0
Random vs Random,538,20261451,0,Random,Random,,ply_limit,512,False,True,0
Random vs Random,538,20261451,1,Random,Random,north,commander_capture,149,True,False,0
Random vs Random,539,20261452,0,Random,Random,south,commander_capture,154,True,False,0
Random vs Random,539,20261452,1,Random,Random,north,commander_capture,67,True,False,0
Random vs Random,540,20261453,0,Random,Random,south,commander_capture,86,True,False,0
Random vs Random,540,20261453,1,Random,Random,north,commander_capture,97,True,False,0
Random vs Random,541,20261454,0,Random,Random,south,commander_capture,98,True,False,0
Random vs Random,541,20261454,1,Random,Random,,ply_limit,512,False,True,0
Random vs Random,542,20261455,0,Random,Random,south,commander_capture,68,True,False,0
Random vs Random,542,20261455,1,Random,Random,north,commander_capture,155,True,False,0
Random vs Random,543,20261456,0,Random,Random,,ply_limit,512,False,True,0
Random vs Random,543,20261456,1,Random,Random,south,commander_capture,140,True,False,0
Random vs Random,544,20261457,0,Random,Random,south,commander_capture,100,True,False,0
Random vs Random,544,20261457,1,Random,Random,north,commander_capture,43,True,False,0
Random vs Random,545,20261458,0,Random,Random,south,commander_capture,102,True,False,0
Random vs Random,545,20261458,1,Random,Random,south,commander_capture,82,True,False,0
Random vs Random,546,20261459,0,Random,Random,south,commander_capture,32,True,False,0
Random vs Random,546,20261459,1,Random,Random,north,commander_capture,197,True,False,0
Random vs Random,547,20261460,0,Random,Random,south,commander_capture,236,True,False,0
Random vs Random,547,20261460,1,Random,Random,south,commander_capture,194,True,False,0
Random vs Random,548,20261461,0,Random,Random,north,commander_capture,97,True,False,0
Random vs Random,548,20261461,1,Random,Random,south,commander_capture,150,True,False,0
Random vs Random,549,20261462,0,Random,Random,north,commander_capture,145,True,False,0
Random vs Random,549,20261462,1,Random,Random,north,commander_capture,99,True,False,0
Random vs Random,550,20261463,0,Random,Random,north,commander_capture,93,True,False,0
Random vs Random,550,20261463,1,Random,Random,north,commander_capture,87,True,False,0
Random vs Random,551,20261464,0,Random,Random,north,commander_capture,125,True,False,0
Random vs Random,551,20261464,1,Random,Random,south,commander_capture,146,True,False,0
Random vs Random,552,20261465,0,Random,Random,north,commander_capture,59,True,False,0
Random vs Random,552,20261465,1,Random,Random,north,commander_capture,53,True,False,0
Random vs Random,553,20261466,0,Random,Random,south,commander_capture,100,True,False,0
Random vs Random,553,20261466,1,Random,Random,south,commander_capture,190,True,False,0
Random vs Random,554,20261467,0,Random,Random,south,commander_capture,80,True,False,0
Random vs Random,554,20261467,1,Random,Random,south,commander_capture,180,True,False,0
Random vs Random,555,20261468,0,Random,Random,south,commander_capture,190,True,False,0
Random vs Random,555,20261468,1,Random,Random,north,commander_capture,153,True,False,0
Random vs Random,556,20261469,0,Random,Random,north,commander_capture,27,True,False,0
Random vs Random,556,20261469,1,Random,Random,north,commander_capture,121,True,False,0
Random vs Random,557,20261470,0,Random,Random,north,commander_capture,105,True,False,0
Random vs Random,557,20261470,1,Random,Random,north,commander_capture,47,True,False,0
Random vs Random,558,20261471,0,Random,Random,north,commander_capture,103,True,False,0
Random vs Random,558,20261471,1,Random,Random,south,commander_capture,108,True,False,0
Random vs Random,559,20261472,0,Random,Random,north,commander_capture,87,True,False,0
Random vs Random,559,20261472,1,Random,Random,north,commander_capture,135,True,False,0
Random vs Random,560,20261473,0,Random,Random,north,commander_capture,43,True,False,0
Random vs Random,560,20261473,1,Random,Random,,ply_limit,512,False,True,0
Random vs Random,561,20261474,0,Random,Random,north,commander_capture,67,True,False,0
Random vs Random,561,20261474,1,Random,Random,north,commander_capture,37,True,False,0
Random vs Random,562,20261475,0,Random,Random,north,commander_capture,43,True,False,0
Random vs Random,562,20261475,1,Random,Random,,ply_limit,512,False,True,0
Random vs Random,563,20261476,0,Random,Random,north,commander_capture,113,True,False,0
Random vs Random,563,20261476,1,Random,Random,north,commander_capture,97,True,False,0
Random vs Random,564,20261477,0,Random,Random,south,commander_capture,84,True,False,0
Random vs Random,564,20261477,1,Random,Random,south,commander_capture,70,True,False,0
Random vs Random,565,20261478,0,Random,Random,south,commander_capture,16,True,False,0
Random vs Random,565,20261478,1,Random,Random,north,commander_capture,59,True,False,0
Random vs Random,566,20261479,0,Random,Random,south,commander_capture,54,True,False,0
Random vs Random,566,20261479,1,Random,Random,north,commander_capture,63,True,False,0
Random vs Random,567,20261480,0,Random,Random,north,commander_capture,61,True,False,0
Random vs Random,567,20261480,1,Random,Random,south,commander_capture,102,True,False,0
Random vs Random,568,20261481,0,Random,Random,south,commander_capture,244,True,False,0
Random vs Random,568,20261481,1,Random,Random,south,commander_capture,70,True,False,0
Random vs Random,569,20261482,0,Random,Random,north,commander_capture,81,True,False,0
Random vs Random,569,20261482,1,Random,Random,south,commander_capture,172,True,False,0
Random vs Random,570,20261483,0,Random,Random,south,commander_capture,88,True,False,0
Random vs Random,570,20261483,1,Random,Random,north,commander_capture,77,True,False,0
Random vs Random,571,20261484,0,Random,Random,south,commander_capture,30,True,False,0
Random vs Random,571,20261484,1,Random,Random,south,commander_capture,58,True,False,0
Random vs Random,572,20261485,0,Random,Random,south,commander_capture,66,True,False,0
Random vs Random,572,20261485,1,Random,Random,north,commander_capture,95,True,False,0
Random vs Random,573,20261486,0,Random,Random,south,commander_capture,110,True,False,0
Random vs Random,573,20261486,1,Random,Random,north,commander_capture,89,True,False,0
Random vs Random,574,20261487,0,Random,Random,south,commander_capture,80,True,False,0
Random vs Random,574,20261487,1,Random,Random,north,commander_capture,53,True,False,0
Random vs Random,575,20261488,0,Random,Random,south,commander_capture,46,True,False,0
Random vs Random,575,20261488,1,Random,Random,north,commander_capture,67,True,False,0
Random vs Random,576,20261489,0,Random,Random,south,commander_capture,176,True,False,0
Random vs Random,576,20261489,1,Random,Random,south,commander_capture,114,True,False,0
Random vs Random,577,20261490,0,Random,Random,south,commander_capture,126,True,False,0
Random vs Random,577,20261490,1,Random,Random,south,commander_capture,58,True,False,0
Random vs Random,578,20261491,0,Random,Random,south,commander_capture,82,True,False,0
Random vs Random,578,20261491,1,Random,Random,north,commander_capture,99,True,False,0
Random vs Random,579,20261492,0,Random,Random,south,commander_capture,20,True,False,0
Random vs Random,579,20261492,1,Random,Random,,ply_limit,512,False,True,0
Random vs Random,580,20261493,0,Random,Random,north,commander_capture,141,True,False,0
Random vs Random,580,20261493,1,Random,Random,north,commander_capture,143,True,False,0
Random vs Random,581,20261494,0,Random,Random,north,commander_capture,99,True,False,0
Random vs Random,581,20261494,1,Random,Random,north,commander_capture,241,True,False,0
Random vs Random,582,20261495,0,Random,Random,south,commander_capture,132,True,False,0
Random vs Random,582,20261495,1,Random,Random,south,commander_capture,108,True,False,0
Random vs Random,583,20261496,0,Random,Random,south,commander_capture,66,True,False,0
Random vs Random,583,20261496,1,Random,Random,,ply_limit,512,False,True,0
Random vs Random,584,20261497,0,Random,Random,,ply_limit,512,False,True,0
Random vs Random,584,20261497,1,Random,Random,north,commander_capture,39,True,False,0
Random vs Random,585,20261498,0,Random,Random,north,commander_capture,179,True,False,0
Random vs Random,585,20261498,1,Random,Random,north,commander_capture,211,True,False,0
Random vs Random,586,20261499,0,Random,Random,south,commander_capture,106,True,False,0
Random vs Random,586,20261499,1,Random,Random,south,commander_capture,82,True,False,0
Random vs Random,587,20261500,0,Random,Random,north,commander_capture,91,True,False,0
Random vs Random,587,20261500,1,Random,Random,north,commander_capture,143,True,False,0
Random vs Random,588,20261501,0,Random,Random,north,commander_capture,45,True,False,0
Random vs Random,588,20261501,1,Random,Random,south,commander_capture,40,True,False,0
Random vs Random,589,20261502,0,Random,Random,south,commander_capture,78,True,False,0
Random vs Random,589,20261502,1,Random,Random,south,commander_capture,134,True,False,0
Random vs Random,590,20261503,0,Random,Random,south,commander_capture,66,True,False,0
Random vs Random,590,20261503,1,Random,Random,south,commander_capture,172,True,False,0
Random vs Random,591,20261504,0,Random,Random,south,commander_capture,50,True,False,0
Random vs Random,591,20261504,1,Random,Random,north,commander_capture,139,True,False,0
Random vs Random,592,20261505,0,Random,Random,south,commander_capture,122,True,False,0
Random vs Random,592,20261505,1,Random,Random,south,commander_capture,66,True,False,0
Random vs Random,593,20261506,0,Random,Random,north,commander_capture,85,True,False,0
Random vs Random,593,20261506,1,Random,Random,south,commander_capture,80,True,False,0
Random vs Random,594,20261507,0,Random,Random,,ply_limit,512,False,True,0
Random vs Random,594,20261507,1,Random,Random,south,commander_capture,24,True,False,0
Random vs Random,595,20261508,0,Random,Random,north,commander_capture,33,True,False,0
Random vs Random,595,20261508,1,Random,Random,south,commander_capture,48,True,False,0
Random vs Random,596,20261509,0,Random,Random,south,commander_capture,144,True,False,0
Random vs Random,596,20261509,1,Random,Random,south,commander_capture,78,True,False,0
Random vs Random,597,20261510,0,Random,Random,south,commander_capture,104,True,False,0
Random vs Random,597,20261510,1,Random,Random,south,commander_capture,238,True,False,0
Random vs Random,598,20261511,0,Random,Random,south,commander_capture,120,True,False,0
Random vs Random,598,20261511,1,Random,Random,north,commander_capture,75,True,False,0
Random vs Random,599,20261512,0,Random,Random,north,commander_capture,41,True,False,0
Random vs Random,599,20261512,1,Random,Random,north,commander_capture,91,True,False,0
Random vs Random,600,20261513,0,Random,Random,south,commander_capture,58,True,False,0
Random vs Random,600,20261513,1,Random,Random,north,commander_capture,91,True,False,0
Random vs Random,601,20261514,0,Random,Random,south,commander_capture,30,True,False,0
Random vs Random,601,20261514,1,Random,Random,north,commander_capture,87,True,False,0
Random vs Random,602,20261515,0,Random,Random,south,commander_capture,42,True,False,0
Random vs Random,602,20261515,1,Random,Random,north,commander_capture,107,True,False,0
Random vs Random,603,20261516,0,Random,Random,south,commander_capture,62,True,False,0
Random vs Random,603,20261516,1,Random,Random,south,commander_capture,124,True,False,0
Random vs Random,604,20261517,0,Random,Random,,ply_limit,512,False,True,0
Random vs Random,604,20261517,1,Random,Random,,ply_limit,512,False,True,0
Random vs Random,605,20261518,0,Random,Random,north,commander_capture,95,True,False,0
Random vs Random,605,20261518,1,Random,Random,,ply_limit,512,False,True,0
Random vs Random,606,20261519,0,Random,Random,south,commander_capture,154,True,False,0
Random vs Random,606,20261519,1,Random,Random,south,commander_capture,250,True,False,0
Random vs Random,607,20261520,0,Random,Random,north,commander_capture,99,True,False,0
Random vs Random,607,20261520,1,Random,Random,south,commander_capture,60,True,False,0
Random vs Random,608,20261521,0,Random,Random,south,commander_capture,48,True,False,0
Random vs Random,608,20261521,1,Random,Random,north,commander_capture,191,True,False,0
Random vs Random,609,20261522,0,Random,Random,,ply_limit,512,False,True,0
Random vs Random,609,20261522,1,Random,Random,south,commander_capture,122,True,False,0
Random vs Random,610,20261523,0,Random,Random,south,commander_capture,50,True,False,0
Random vs Random,610,20261523,1,Random,Random,south,commander_capture,136,True,False,0
Random vs Random,611,20261524,0,Random,Random,south,commander_capture,78,True,False,0
Random vs Random,611,20261524,1,Random,Random,north,commander_capture,99,True,False,0
Random vs Random,612,20261525,0,Random,Random,north,commander_capture,95,True,False,0
Random vs Random,612,20261525,1,Random,Random,south,commander_capture,124,True,False,0
Random vs Random,613,20261526,0,Random,Random,north,commander_capture,103,True,False,0
Random vs Random,613,20261526,1,Random,Random,south,commander_capture,122,True,False,0
Random vs Random,614,20261527,0,Random,Random,south,commander_capture,24,True,False,0
Random vs Random,614,20261527,1,Random,Random,north,commander_capture,39,True,False,0
Random vs Random,615,20261528,0,Random,Random,south,commander_capture,100,True,False,0
Random vs Random,615,20261528,1,Random,Random,south,commander_capture,108,True,False,0
Random vs Random,616,20261529,0,Random,Random,north,commander_capture,47,True,False,0
Random vs Random,616,20261529,1,Random,Random,south,commander_capture,116,True,False,0
Random vs Random,617,20261530,0,Random,Random,north,commander_capture,97,True,False,0
Random vs Random,617,20261530,1,Random,Random,north,commander_capture,87,True,False,0
Random vs Random,618,20261531,0,Random,Random,south,commander_capture,94,True,False,0
Random vs Random,618,20261531,1,Random,Random,north,commander_capture,133,True,False,0
Random vs Random,619,20261532,0,Random,Random,north,commander_capture,43,True,False,0
Random vs Random,619,20261532,1,Random,Random,south,commander_capture,36,True,False,0
Random vs Random,620,20261533,0,Random,Random,south,commander_capture,50,True,False,0
Random vs Random,620,20261533,1,Random,Random,north,commander_capture,97,True,False,0
Random vs Random,621,20261534,0,Random,Random,north,commander_capture,61,True,False,0
Random vs Random,621,20261534,1,Random,Random,,ply_limit,512,False,True,0
Random vs Random,622,20261535,0,Random,Random,south,commander_capture,180,True,False,0
Random vs Random,622,20261535,1,Random,Random,north,commander_capture,133,True,False,0
Random vs Random,623,20261536,0,Random,Random,north,commander_capture,47,True,False,0
Random vs Random,623,20261536,1,Random,Random,south,commander_capture,184,True,False,0
Random vs Random,624,20261537,0,Random,Random,north,commander_capture,69,True,False,0
Random vs Random,624,20261537,1,Random,Random,north,commander_capture,83,True,False,0
Random vs Random,625,20261538,0,Random,Random,south,commander_capture,130,True,False,0
Random vs Random,625,20261538,1,Random,Random,north,commander_capture,165,True,False,0
Random vs Random,626,20261539,0,Random,Random,south,commander_capture,70,True,False,0
Random vs Random,626,20261539,1,Random,Random,south,commander_capture,184,True,False,0
Random vs Random,627,20261540,0,Random,Random,south,commander_capture,82,True,False,0
Random vs Random,627,20261540,1,Random,Random,north,commander_capture,127,True,False,0
Random vs Random,628,20261541,0,Random,Random,south,commander_capture,44,True,False,0
Random vs Random,628,20261541,1,Random,Random,north,commander_capture,117,True,False,0
Random vs Random,629,20261542,0,Random,Random,south,commander_capture,60,True,False,0
Random vs Random,629,20261542,1,Random,Random,south,commander_capture,156,True,False,0
Random vs Random,630,20261543,0,Random,Random,north,commander_capture,109,True,False,0
Random vs Random,630,20261543,1,Random,Random,draw,threefold_repetition,233,True,False,0
Random vs Random,631,20261544,0,Random,Random,south,commander_capture,152,True,False,0
Random vs Random,631,20261544,1,Random,Random,north,commander_capture,71,True,False,0
Random vs Random,632,20261545,0,Random,Random,north,commander_capture,63,True,False,0
Random vs Random,632,20261545,1,Random,Random,south,commander_capture,56,True,False,0
Random vs Random,633,20261546,0,Random,Random,north,commander_capture,105,True,False,0
Random vs Random,633,20261546,1,Random,Random,north,commander_capture,59,True,False,0
Random vs Random,634,20261547,0,Random,Random,north,commander_capture,75,True,False,0
Random vs Random,634,20261547,1,Random,Random,south,commander_capture,86,True,False,0
Random vs Random,635,20261548,0,Random,Random,south,commander_capture,266,True,False,0
Random vs Random,635,20261548,1,Random,Random,north,commander_capture,63,True,False,0
Random vs Random,636,20261549,0,Random,Random,south,commander_capture,176,True,False,0
Random vs Random,636,20261549,1,Random,Random,north,commander_capture,199,True,False,0
Random vs Random,637,20261550,0,Random,Random,south,commander_capture,100,True,False,0
Random vs Random,637,20261550,1,Random,Random,north,commander_capture,103,True,False,0
Random vs Random,638,20261551,0,Random,Random,south,commander_capture,30,True,False,0
Random vs Random,638,20261551,1,Random,Random,north,commander_capture,109,True,False,0
Random vs Random,639,20261552,0,Random,Random,south,commander_capture,34,True,False,0
Random vs Random,639,20261552,1,Random,Random,north,commander_capture,57,True,False,0
Random vs Random,640,20261553,0,Random,Random,north,commander_capture,63,True,False,0
Random vs Random,640,20261553,1,Random,Random,north,commander_capture,39,True,False,0
Random vs Random,641,20261554,0,Random,Random,,ply_limit,512,False,True,0
Random vs Random,641,20261554,1,Random,Random,south,commander_capture,88,True,False,0
Random vs Random,642,20261555,0,Random,Random,north,commander_capture,95,True,False,0
Random vs Random,642,20261555,1,Random,Random,north,commander_capture,81,True,False,0
Random vs Random,643,20261556,0,Random,Random,north,commander_capture,149,True,False,0
Random vs Random,643,20261556,1,Random,Random,south,commander_capture,138,True,False,0
Random vs Random,644,20261557,0,Random,Random,north,commander_capture,97,True,False,0
Random vs Random,644,20261557,1,Random,Random,north,commander_capture,113,True,False,0
Random vs Random,645,20261558,0,Random,Random,north,commander_capture,225,True,False,0
Random vs Random,645,20261558,1,Random,Random,north,commander_capture,147,True,False,0
Random vs Random,646,20261559,0,Random,Random,north,commander_capture,225,True,False,0
Random vs Random,646,20261559,1,Random,Random,south,commander_capture,60,True,False,0
Random vs Random,647,20261560,0,Random,Random,south,commander_capture,64,True,False,0
Random vs Random,647,20261560,1,Random,Random,south,commander_capture,52,True,False,0
Random vs Random,648,20261561,0,Random,Random,south,commander_capture,138,True,False,0
Random vs Random,648,20261561,1,Random,Random,south,commander_capture,130,True,False,0
Random vs Random,649,20261562,0,Random,Random,south,commander_capture,70,True,False,0
Random vs Random,649,20261562,1,Random,Random,north,commander_capture,127,True,False,0
Random vs Random,650,20261563,0,Random,Random,south,commander_capture,128,True,False,0
Random vs Random,650,20261563,1,Random,Random,south,commander_capture,38,True,False,0
Random vs Random,651,20261564,0,Random,Random,south,commander_capture,158,True,False,0
Random vs Random,651,20261564,1,Random,Random,south,commander_capture,80,True,False,0
Random vs Random,652,20261565,0,Random,Random,north,commander_capture,51,True,False,0
Random vs Random,652,20261565,1,Random,Random,south,commander_capture,166,True,False,0
Random vs Random,653,20261566,0,Random,Random,north,commander_capture,97,True,False,0
Random vs Random,653,20261566,1,Random,Random,south,commander_capture,100,True,False,0
Random vs Random,654,20261567,0,Random,Random,north,commander_capture,45,True,False,0
Random vs Random,654,20261567,1,Random,Random,north,commander_capture,137,True,False,0
Random vs Random,655,20261568,0,Random,Random,north,commander_capture,105,True,False,0
Random vs Random,655,20261568,1,Random,Random,south,commander_capture,44,True,False,0
Random vs Random,656,20261569,0,Random,Random,north,commander_capture,89,True,False,0
Random vs Random,656,20261569,1,Random,Random,,ply_limit,512,False,True,0
Random vs Random,657,20261570,0,Random,Random,south,commander_capture,130,True,False,0
Random vs Random,657,20261570,1,Random,Random,south,commander_capture,164,True,False,0
Random vs Random,658,20261571,0,Random,Random,north,commander_capture,105,True,False,0
Random vs Random,658,20261571,1,Random,Random,south,commander_capture,122,True,False,0
Random vs Random,659,20261572,0,Random,Random,north,commander_capture,129,True,False,0
Random vs Random,659,20261572,1,Random,Random,south,commander_capture,34,True,False,0
Random vs Random,660,20261573,0,Random,Random,north,commander_capture,73,True,False,0
Random vs Random,660,20261573,1,Random,Random,south,commander_capture,164,True,False,0
Random vs Random,661,20261574,0,Random,Random,north,commander_capture,69,True,False,0
Random vs Random,661,20261574,1,Random,Random,south,commander_capture,106,True,False,0
Random vs Random,662,20261575,0,Random,Random,south,commander_capture,106,True,False,0
Random vs Random,662,20261575,1,Random,Random,south,commander_capture,140,True,False,0
Random vs Random,663,20261576,0,Random,Random,south,commander_capture,100,True,False,0
Random vs Random,663,20261576,1,Random,Random,south,commander_capture,116,True,False,0
Random vs Random,664,20261577,0,Random,Random,south,commander_capture,60,True,False,0
Random vs Random,664,20261577,1,Random,Random,north,commander_capture,169,True,False,0
Random vs Random,665,20261578,0,Random,Random,north,commander_capture,81,True,False,0
Random vs Random,665,20261578,1,Random,Random,south,commander_capture,26,True,False,0
Random vs Random,666,20261579,0,Random,Random,north,commander_capture,187,True,False,0
Random vs Random,666,20261579,1,Random,Random,south,commander_capture,104,True,False,0
Random vs Random,667,20261580,0,Random,Random,,ply_limit,512,False,True,0
Random vs Random,667,20261580,1,Random,Random,north,commander_capture,163,True,False,0
Random vs Random,668,20261581,0,Random,Random,north,commander_capture,123,True,False,0
Random vs Random,668,20261581,1,Random,Random,,ply_limit,512,False,True,0
Random vs Random,669,20261582,0,Random,Random,south,commander_capture,158,True,False,0
Random vs Random,669,20261582,1,Random,Random,north,commander_capture,105,True,False,0
Random vs Random,670,20261583,0,Random,Random,south,commander_capture,150,True,False,0
Random vs Random,670,20261583,1,Random,Random,south,commander_capture,138,True,False,0
Random vs Random,671,20261584,0,Random,Random,north,commander_capture,219,True,False,0
Random vs Random,671,20261584,1,Random,Random,north,commander_capture,71,True,False,0
Random vs Random,672,20261585,0,Random,Random,north,commander_capture,57,True,False,0
Random vs Random,672,20261585,1,Random,Random,south,commander_capture,124,True,False,0
Random vs Random,673,20261586,0,Random,Random,north,commander_capture,65,True,False,0
Random vs Random,673,20261586,1,Random,Random,north,commander_capture,57,True,False,0
Random vs Random,674,20261587,0,Random,Random,south,commander_capture,30,True,False,0
Random vs Random,674,20261587,1,Random,Random,south,commander_capture,74,True,False,0
Random vs Random,675,20261588,0,Random,Random,north,commander_capture,101,True,False,0
Random vs Random,675,20261588,1,Random,Random,south,commander_capture,50,True,False,0
Random vs Random,676,20261589,0,Random,Random,south,commander_capture,72,True,False,0
Random vs Random,676,20261589,1,Random,Random,north,commander_capture,29,True,False,0
Random vs Random,677,20261590,0,Random,Random,south,commander_capture,56,True,False,0
Random vs Random,677,20261590,1,Random,Random,south,commander_capture,78,True,False,0
Random vs Random,678,20261591,0,Random,Random,north,commander_capture,143,True,False,0
Random vs Random,678,20261591,1,Random,Random,,ply_limit,512,False,True,0
Random vs Random,679,20261592,0,Random,Random,north,commander_capture,105,True,False,0
Random vs Random,679,20261592,1,Random,Random,south,commander_capture,146,True,False,0
Random vs Random,680,20261593,0,Random,Random,north,commander_capture,63,True,False,0
Random vs Random,680,20261593,1,Random,Random,north,commander_capture,103,True,False,0
Random vs Random,681,20261594,0,Random,Random,south,commander_capture,174,True,False,0
Random vs Random,681,20261594,1,Random,Random,north,commander_capture,101,True,False,0
Random vs Random,682,20261595,0,Random,Random,north,commander_capture,101,True,False,0
Random vs Random,682,20261595,1,Random,Random,north,commander_capture,41,True,False,0
Random vs Random,683,20261596,0,Random,Random,north,commander_capture,167,True,False,0
Random vs Random,683,20261596,1,Random,Random,south,commander_capture,162,True,False,0
Random vs Random,684,20261597,0,Random,Random,north,commander_capture,103,True,False,0
Random vs Random,684,20261597,1,Random,Random,south,commander_capture,70,True,False,0
Random vs Random,685,20261598,0,Random,Random,,ply_limit,512,False,True,0
Random vs Random,685,20261598,1,Random,Random,south,commander_capture,86,True,False,0
Random vs Random,686,20261599,0,Random,Random,north,commander_capture,69,True,False,0
Random vs Random,686,20261599,1,Random,Random,north,commander_capture,143,True,False,0
Random vs Random,687,20261600,0,Random,Random,north,commander_capture,169,True,False,0
Random vs Random,687,20261600,1,Random,Random,,ply_limit,512,False,True,0
Random vs Random,688,20261601,0,Random,Random,south,commander_capture,86,True,False,0
Random vs Random,688,20261601,1,Random,Random,south,commander_capture,44,True,False,0
Random vs Random,689,20261602,0,Random,Random,south,commander_capture,58,True,False,0
Random vs Random,689,20261602,1,Random,Random,,ply_limit,512,False,True,0
Random vs Random,690,20261603,0,Random,Random,north,commander_capture,55,True,False,0
Random vs Random,690,20261603,1,Random,Random,,ply_limit,512,False,True,0
Random vs Random,691,20261604,0,Random,Random,north,commander_capture,135,True,False,0
Random vs Random,691,20261604,1,Random,Random,south,commander_capture,214,True,False,0
Random vs Random,692,20261605,0,Random,Random,south,commander_capture,162,True,False,0
Random vs Random,692,20261605,1,Random,Random,south,commander_capture,26,True,False,0
Random vs Random,693,20261606,0,Random,Random,north,commander_capture,49,True,False,0
Random vs Random,693,20261606,1,Random,Random,south,commander_capture,92,True,False,0
Random vs Random,694,20261607,0,Random,Random,north,commander_capture,43,True,False,0
Random vs Random,694,20261607,1,Random,Random,north,commander_capture,61,True,False,0
Random vs Random,695,20261608,0,Random,Random,south,commander_capture,132,True,False,0
Random vs Random,695,20261608,1,Random,Random,south,commander_capture,146,True,False,0
Random vs Random,696,20261609,0,Random,Random,south,commander_capture,94,True,False,0
Random vs Random,696,20261609,1,Random,Random,south,commander_capture,76,True,False,0
Random vs Random,697,20261610,0,Random,Random,north,commander_capture,63,True,False,0
Random vs Random,697,20261610,1,Random,Random,south,commander_capture,88,True,False,0
Random vs Random,698,20261611,0,Random,Random,south,commander_capture,128,True,False,0
Random vs Random,698,20261611,1,Random,Random,south,commander_capture,144,True,False,0
Random vs Random,699,20261612,0,Random,Random,north,commander_capture,207,True,False,0
Random vs Random,699,20261612,1,Random,Random,north,commander_capture,103,True,False,0
Random vs Random,700,20261613,0,Random,Random,south,commander_capture,50,True,False,0
Random vs Random,700,20261613,1,Random,Random,south,commander_capture,84,True,False,0
Random vs Random,701,20261614,0,Random,Random,south,commander_capture,100,True,False,0
Random vs Random,701,20261614,1,Random,Random,,ply_limit,512,False,True,0
Random vs Random,702,20261615,0,Random,Random,south,commander_capture,78,True,False,0
Random vs Random,702,20261615,1,Random,Random,north,commander_capture,81,True,False,0
Random vs Random,703,20261616,0,Random,Random,south,commander_capture,158,True,False,0
Random vs Random,703,20261616,1,Random,Random,north,commander_capture,71,True,False,0
Random vs Random,704,20261617,0,Random,Random,south,commander_capture,100,True,False,0
Random vs Random,704,20261617,1,Random,Random,north,commander_capture,135,True,False,0
Random vs Random,705,20261618,0,Random,Random,south,commander_capture,132,True,False,0
Random vs Random,705,20261618,1,Random,Random,north,commander_capture,65,True,False,0
Random vs Random,706,20261619,0,Random,Random,north,commander_capture,135,True,False,0
Random vs Random,706,20261619,1,Random,Random,north,commander_capture,109,True,False,0
Random vs Random,707,20261620,0,Random,Random,south,commander_capture,54,True,False,0
Random vs Random,707,20261620,1,Random,Random,north,commander_capture,61,True,False,0
Random vs Random,708,20261621,0,Random,Random,south,commander_capture,22,True,False,0
Random vs Random,708,20261621,1,Random,Random,south,commander_capture,48,True,False,0
Random vs Random,709,20261622,0,Random,Random,south,commander_capture,100,True,False,0
Random vs Random,709,20261622,1,Random,Random,south,commander_capture,116,True,False,0
Random vs Random,710,20261623,0,Random,Random,north,commander_capture,141,True,False,0
Random vs Random,710,20261623,1,Random,Random,north,commander_capture,161,True,False,0
Random vs Random,711,20261624,0,Random,Random,north,commander_capture,103,True,False,0
Random vs Random,711,20261624,1,Random,Random,south,commander_capture,124,True,False,0
Random vs Random,712,20261625,0,Random,Random,,ply_limit,512,False,True,0
Random vs Random,712,20261625,1,Random,Random,south,commander_capture,108,True,False,0
Random vs Random,713,20261626,0,Random,Random,north,commander_capture,19,True,False,0
Random vs Random,713,20261626,1,Random,Random,south,commander_capture,152,True,False,0
Random vs Random,714,20261627,0,Random,Random,south,commander_capture,98,True,False,0
Random vs Random,714,20261627,1,Random,Random,north,commander_capture,157,True,False,0
Random vs Random,715,20261628,0,Random,Random,south,commander_capture,36,True,False,0
Random vs Random,715,20261628,1,Random,Random,south,commander_capture,60,True,False,0
Random vs Random,716,20261629,0,Random,Random,south,commander_capture,60,True,False,0
Random vs Random,716,20261629,1,Random,Random,north,commander_capture,225,True,False,0
Random vs Random,717,20261630,0,Random,Random,north,commander_capture,209,True,False,0
Random vs Random,717,20261630,1,Random,Random,south,commander_capture,24,True,False,0
Random vs Random,718,20261631,0,Random,Random,south,commander_capture,74,True,False,0
Random vs Random,718,20261631,1,Random,Random,south,commander_capture,70,True,False,0
Random vs Random,719,20261632,0,Random,Random,south,commander_capture,104,True,False,0
Random vs Random,719,20261632,1,Random,Random,north,commander_capture,149,True,False,0
Random vs Random,720,20261633,0,Random,Random,south,commander_capture,144,True,False,0
Random vs Random,720,20261633,1,Random,Random,north,commander_capture,87,True,False,0
Random vs Random,721,20261634,0,Random,Random,north,commander_capture,93,True,False,0
Random vs Random,721,20261634,1,Random,Random,,ply_limit,512,False,True,0
Random vs Random,722,20261635,0,Random,Random,north,commander_capture,189,True,False,0
Random vs Random,722,20261635,1,Random,Random,south,commander_capture,124,True,False,0
Random vs Random,723,20261636,0,Random,Random,south,commander_capture,86,True,False,0
Random vs Random,723,20261636,1,Random,Random,south,commander_capture,46,True,False,0
Random vs Random,724,20261637,0,Random,Random,north,commander_capture,211,True,False,0
Random vs Random,724,20261637,1,Random,Random,north,commander_capture,135,True,False,0
Random vs Random,725,20261638,0,Random,Random,north,commander_capture,79,True,False,0
Random vs Random,725,20261638,1,Random,Random,north,commander_capture,201,True,False,0
Random vs Random,726,20261639,0,Random,Random,north,commander_capture,109,True,False,0
Random vs Random,726,20261639,1,Random,Random,south,commander_capture,272,True,False,0
Random vs Random,727,20261640,0,Random,Random,,ply_limit,512,False,True,0
Random vs Random,727,20261640,1,Random,Random,south,commander_capture,140,True,False,0
Random vs Random,728,20261641,0,Random,Random,north,commander_capture,21,True,False,0
Random vs Random,728,20261641,1,Random,Random,north,commander_capture,103,True,False,0
Random vs Random,729,20261642,0,Random,Random,south,commander_capture,80,True,False,0
Random vs Random,729,20261642,1,Random,Random,north,commander_capture,53,True,False,0
Random vs Random,730,20261643,0,Random,Random,south,commander_capture,134,True,False,0
Random vs Random,730,20261643,1,Random,Random,north,commander_capture,83,True,False,0
Random vs Random,731,20261644,0,Random,Random,,ply_limit,512,False,True,0
Random vs Random,731,20261644,1,Random,Random,south,commander_capture,70,True,False,0
Random vs Random,732,20261645,0,Random,Random,north,commander_capture,263,True,False,0
Random vs Random,732,20261645,1,Random,Random,north,commander_capture,135,True,False,0
Random vs Random,733,20261646,0,Random,Random,south,commander_capture,72,True,False,0
Random vs Random,733,20261646,1,Random,Random,south,commander_capture,104,True,False,0
Random vs Random,734,20261647,0,Random,Random,south,commander_capture,68,True,False,0
Random vs Random,734,20261647,1,Random,Random,north,commander_capture,225,True,False,0
Random vs Random,735,20261648,0,Random,Random,north,commander_capture,153,True,False,0
Random vs Random,735,20261648,1,Random,Random,north,commander_capture,85,True,False,0
Random vs Random,736,20261649,0,Random,Random,north,commander_capture,129,True,False,0
Random vs Random,736,20261649,1,Random,Random,north,commander_capture,39,True,False,0
Random vs Random,737,20261650,0,Random,Random,south,commander_capture,142,True,False,0
Random vs Random,737,20261650,1,Random,Random,north,commander_capture,65,True,False,0
Random vs Random,738,20261651,0,Random,Random,south,commander_capture,52,True,False,0
Random vs Random,738,20261651,1,Random,Random,north,commander_capture,55,True,False,0
Random vs Random,739,20261652,0,Random,Random,north,commander_capture,117,True,False,0
Random vs Random,739,20261652,1,Random,Random,south,commander_capture,88,True,False,0
Random vs Random,740,20261653,0,Random,Random,,ply_limit,512,False,True,0
Random vs Random,740,20261653,1,Random,Random,south,commander_capture,66,True,False,0
Random vs Random,741,20261654,0,Random,Random,south,commander_capture,60,True,False,0
Random vs Random,741,20261654,1,Random,Random,south,commander_capture,132,True,False,0
Random vs Random,742,20261655,0,Random,Random,north,commander_capture,83,True,False,0
Random vs Random,742,20261655,1,Random,Random,south,commander_capture,112,True,False,0
Random vs Random,743,20261656,0,Random,Random,north,commander_capture,51,True,False,0
Random vs Random,743,20261656,1,Random,Random,south,commander_capture,68,True,False,0
Random vs Random,744,20261657,0,Random,Random,,ply_limit,512,False,True,0
Random vs Random,744,20261657,1,Random,Random,north,commander_capture,205,True,False,0
Random vs Random,745,20261658,0,Random,Random,south,commander_capture,108,True,False,0
Random vs Random,745,20261658,1,Random,Random,north,commander_capture,137,True,False,0
Random vs Random,746,20261659,0,Random,Random,south,commander_capture,176,True,False,0
Random vs Random,746,20261659,1,Random,Random,south,commander_capture,126,True,False,0
Random vs Random,747,20261660,0,Random,Random,south,commander_capture,132,True,False,0
Random vs Random,747,20261660,1,Random,Random,,ply_limit,512,False,True,0
Random vs Random,748,20261661,0,Random,Random,south,commander_capture,124,True,False,0
Random vs Random,748,20261661,1,Random,Random,north,commander_capture,37,True,False,0
Random vs Random,749,20261662,0,Random,Random,south,commander_capture,94,True,False,0
Random vs Random,749,20261662,1,Random,Random,north,commander_capture,59,True,False,0
Random vs Random,750,20261663,0,Random,Random,south,commander_capture,126,True,False,0
Random vs Random,750,20261663,1,Random,Random,north,commander_capture,71,True,False,0
Random vs Random,751,20261664,0,Random,Random,south,commander_capture,294,True,False,0
Random vs Random,751,20261664,1,Random,Random,south,commander_capture,48,True,False,0
Random vs Random,752,20261665,0,Random,Random,south,commander_capture,90,True,False,0
Random vs Random,752,20261665,1,Random,Random,south,commander_capture,58,True,False,0
Random vs Random,753,20261666,0,Random,Random,south,commander_capture,108,True,False,0
Random vs Random,753,20261666,1,Random,Random,south,commander_capture,62,True,False,0
Random vs Random,754,20261667,0,Random,Random,south,commander_capture,50,True,False,0
Random vs Random,754,20261667,1,Random,Random,south,commander_capture,138,True,False,0
Random vs Random,755,20261668,0,Random,Random,south,commander_capture,30,True,False,0
Random vs Random,755,20261668,1,Random,Random,north,commander_capture,49,True,False,0
Random vs Random,756,20261669,0,Random,Random,south,commander_capture,262,True,False,0
Random vs Random,756,20261669,1,Random,Random,south,commander_capture,42,True,False,0
Random vs Random,757,20261670,0,Random,Random,north,commander_capture,37,True,False,0
Random vs Random,757,20261670,1,Random,Random,north,commander_capture,89,True,False,0
Random vs Random,758,20261671,0,Random,Random,north,commander_capture,41,True,False,0
Random vs Random,758,20261671,1,Random,Random,north,commander_capture,85,True,False,0
Random vs Random,759,20261672,0,Random,Random,north,commander_capture,187,True,False,0
Random vs Random,759,20261672,1,Random,Random,north,commander_capture,77,True,False,0
Random vs Random,760,20261673,0,Random,Random,south,commander_capture,54,True,False,0
Random vs Random,760,20261673,1,Random,Random,south,commander_capture,156,True,False,0
Random vs Random,761,20261674,0,Random,Random,north,commander_capture,69,True,False,0
Random vs Random,761,20261674,1,Random,Random,north,commander_capture,81,True,False,0
Random vs Random,762,20261675,0,Random,Random,north,commander_capture,83,True,False,0
Random vs Random,762,20261675,1,Random,Random,south,commander_capture,44,True,False,0
Random vs Random,763,20261676,0,Random,Random,,ply_limit,512,False,True,0
Random vs Random,763,20261676,1,Random,Random,south,commander_capture,74,True,False,0
Random vs Random,764,20261677,0,Random,Random,south,commander_capture,142,True,False,0
Random vs Random,764,20261677,1,Random,Random,south,commander_capture,146,True,False,0
Random vs Random,765,20261678,0,Random,Random,south,commander_capture,76,True,False,0
Random vs Random,765,20261678,1,Random,Random,south,commander_capture,80,True,False,0
Random vs Random,766,20261679,0,Random,Random,north,commander_capture,61,True,False,0
Random vs Random,766,20261679,1,Random,Random,south,commander_capture,68,True,False,0
Random vs Random,767,20261680,0,Random,Random,,ply_limit,512,False,True,0
Random vs Random,767,20261680,1,Random,Random,north,commander_capture,29,True,False,0
Random vs Random,768,20261681,0,Random,Random,north,commander_capture,113,True,False,0
Random vs Random,768,20261681,1,Random,Random,south,commander_capture,84,True,False,0
Random vs Random,769,20261682,0,Random,Random,north,commander_capture,65,True,False,0
Random vs Random,769,20261682,1,Random,Random,north,commander_capture,61,True,False,0
Random vs Random,770,20261683,0,Random,Random,south,commander_capture,88,True,False,0
Random vs Random,770,20261683,1,Random,Random,,ply_limit,512,False,True,0
Random vs Random,771,20261684,0,Random,Random,north,commander_capture,65,True,False,0
Random vs Random,771,20261684,1,Random,Random,,ply_limit,512,False,True,0
Random vs Random,772,20261685,0,Random,Random,north,commander_capture,85,True,False,0
Random vs Random,772,20261685,1,Random,Random,north,commander_capture,101,True,False,0
Random vs Random,773,20261686,0,Random,Random,north,commander_capture,135,True,False,0
Random vs Random,773,20261686,1,Random,Random,south,commander_capture,86,True,False,0
Random vs Random,774,20261687,0,Random,Random,north,commander_capture,77,True,False,0
Random vs Random,774,20261687,1,Random,Random,north,commander_capture,69,True,False,0
Random vs Random,775,20261688,0,Random,Random,,ply_limit,512,False,True,0
Random vs Random,775,20261688,1,Random,Random,north,commander_capture,105,True,False,0
Random vs Random,776,20261689,0,Random,Random,north,commander_capture,133,True,False,0
Random vs Random,776,20261689,1,Random,Random,south,commander_capture,104,True,False,0
Random vs Random,777,20261690,0,Random,Random,north,commander_capture,65,True,False,0
Random vs Random,777,20261690,1,Random,Random,south,commander_capture,28,True,False,0
Random vs Random,778,20261691,0,Random,Random,south,commander_capture,138,True,False,0
Random vs Random,778,20261691,1,Random,Random,south,commander_capture,96,True,False,0
Random vs Random,779,20261692,0,Random,Random,south,commander_capture,252,True,False,0
Random vs Random,779,20261692,1,Random,Random,,ply_limit,512,False,True,0
Random vs Random,780,20261693,0,Random,Random,north,commander_capture,155,True,False,0
Random vs Random,780,20261693,1,Random,Random,north,commander_capture,101,True,False,0
Random vs Random,781,20261694,0,Random,Random,south,commander_capture,114,True,False,0
Random vs Random,781,20261694,1,Random,Random,south,commander_capture,122,True,False,0
Random vs Random,782,20261695,0,Random,Random,south,commander_capture,62,True,False,0
Random vs Random,782,20261695,1,Random,Random,north,commander_capture,69,True,False,0
Random vs Random,783,20261696,0,Random,Random,south,commander_capture,136,True,False,0
Random vs Random,783,20261696,1,Random,Random,,ply_limit,512,False,True,0
Random vs Random,784,20261697,0,Random,Random,north,commander_capture,65,True,False,0
Random vs Random,784,20261697,1,Random,Random,north,commander_capture,61,True,False,0
Random vs Random,785,20261698,0,Random,Random,south,commander_capture,70,True,False,0
Random vs Random,785,20261698,1,Random,Random,,ply_limit,512,False,True,0
Random vs Random,786,20261699,0,Random,Random,north,commander_capture,149,True,False,0
Random vs Random,786,20261699,1,Random,Random,south,commander_capture,64,True,False,0
Random vs Random,787,20261700,0,Random,Random,north,commander_capture,87,True,False,0
Random vs Random,787,20261700,1,Random,Random,south,commander_capture,104,True,False,0
Random vs Random,788,20261701,0,Random,Random,south,commander_capture,40,True,False,0
Random vs Random,788,20261701,1,Random,Random,north,commander_capture,73,True,False,0
Random vs Random,789,20261702,0,Random,Random,south,commander_capture,144,True,False,0
Random vs Random,789,20261702,1,Random,Random,north,commander_capture,91,True,False,0
Random vs Random,790,20261703,0,Random,Random,north,commander_capture,29,True,False,0
Random vs Random,790,20261703,1,Random,Random,north,commander_capture,67,True,False,0
Random vs Random,791,20261704,0,Random,Random,south,commander_capture,76,True,False,0
Random vs Random,791,20261704,1,Random,Random,south,commander_capture,90,True,False,0
Random vs Random,792,20261705,0,Random,Random,south,commander_capture,134,True,False,0
Random vs Random,792,20261705,1,Random,Random,north,commander_capture,87,True,False,0
Random vs Random,793,20261706,0,Random,Random,south,commander_capture,90,True,False,0
Random vs Random,793,20261706,1,Random,Random,south,commander_capture,104,True,False,0
Random vs Random,794,20261707,0,Random,Random,north,commander_capture,31,True,False,0
Random vs Random,794,20261707,1,Random,Random,north,commander_capture,105,True,False,0
Random vs Random,795,20261708,0,Random,Random,south,commander_capture,130,True,False,0
Random vs Random,795,20261708,1,Random,Random,south,commander_capture,88,True,False,0
Random vs Random,796,20261709,0,Random,Random,south,commander_capture,100,True,False,0
Random vs Random,796,20261709,1,Random,Random,south,commander_capture,74,True,False,0
Random vs Random,797,20261710,0,Random,Random,south,commander_capture,112,True,False,0
Random vs Random,797,20261710,1,Random,Random,draw,threefold_repetition,458,True,False,0
Random vs Random,798,20261711,0,Random,Random,south,commander_capture,62,True,False,0
Random vs Random,798,20261711,1,Random,Random,north,commander_capture,69,True,False,0
Random vs Random,799,20261712,0,Random,Random,north,commander_capture,257,True,False,0
Random vs Random,799,20261712,1,Random,Random,south,commander_capture,60,True,False,0
Random vs Random,800,20261713,0,Random,Random,south,commander_capture,162,True,False,0
Random vs Random,800,20261713,1,Random,Random,north,commander_capture,69,True,False,0
Random vs Random,801,20261714,0,Random,Random,south,commander_capture,126,True,False,0
Random vs Random,801,20261714,1,Random,Random,south,commander_capture,86,True,False,0
Random vs Random,802,20261715,0,Random,Random,south,commander_capture,38,True,False,0
Random vs Random,802,20261715,1,Random,Random,north,commander_capture,125,True,False,0
Random vs Random,803,20261716,0,Random,Random,,ply_limit,512,False,True,0
Random vs Random,803,20261716,1,Random,Random,south,commander_capture,138,True,False,0
Random vs Random,804,20261717,0,Random,Random,south,commander_capture,28,True,False,0
Random vs Random,804,20261717,1,Random,Random,north,commander_capture,115,True,False,0
Random vs Random,805,20261718,0,Random,Random,north,commander_capture,111,True,False,0
Random vs Random,805,20261718,1,Random,Random,north,commander_capture,181,True,False,0
Random vs Random,806,20261719,0,Random,Random,north,commander_capture,85,True,False,0
Random vs Random,806,20261719,1,Random,Random,south,commander_capture,262,True,False,0
Random vs Random,807,20261720,0,Random,Random,north,commander_capture,61,True,False,0
Random vs Random,807,20261720,1,Random,Random,north,commander_capture,53,True,False,0
Random vs Random,808,20261721,0,Random,Random,north,commander_capture,161,True,False,0
Random vs Random,808,20261721,1,Random,Random,south,commander_capture,80,True,False,0
Random vs Random,809,20261722,0,Random,Random,south,commander_capture,22,True,False,0
Random vs Random,809,20261722,1,Random,Random,north,commander_capture,103,True,False,0
Random vs Random,810,20261723,0,Random,Random,north,commander_capture,89,True,False,0
Random vs Random,810,20261723,1,Random,Random,south,commander_capture,76,True,False,0
Random vs Random,811,20261724,0,Random,Random,north,commander_capture,153,True,False,0
Random vs Random,811,20261724,1,Random,Random,south,commander_capture,128,True,False,0
Random vs Random,812,20261725,0,Random,Random,south,commander_capture,132,True,False,0
Random vs Random,812,20261725,1,Random,Random,south,commander_capture,38,True,False,0
Random vs Random,813,20261726,0,Random,Random,,ply_limit,512,False,True,0
Random vs Random,813,20261726,1,Random,Random,north,commander_capture,109,True,False,0
Random vs Random,814,20261727,0,Random,Random,south,commander_capture,96,True,False,0
Random vs Random,814,20261727,1,Random,Random,south,commander_capture,90,True,False,0
Random vs Random,815,20261728,0,Random,Random,south,commander_capture,86,True,False,0
Random vs Random,815,20261728,1,Random,Random,south,commander_capture,54,True,False,0
Random vs Random,816,20261729,0,Random,Random,south,commander_capture,64,True,False,0
Random vs Random,816,20261729,1,Random,Random,south,commander_capture,78,True,False,0
Random vs Random,817,20261730,0,Random,Random,north,commander_capture,95,True,False,0
Random vs Random,817,20261730,1,Random,Random,draw,threefold_repetition,406,True,False,0
Random vs Random,818,20261731,0,Random,Random,north,commander_capture,105,True,False,0
Random vs Random,818,20261731,1,Random,Random,south,commander_capture,34,True,False,0
Random vs Random,819,20261732,0,Random,Random,north,commander_capture,129,True,False,0
Random vs Random,819,20261732,1,Random,Random,south,commander_capture,92,True,False,0
Random vs Random,820,20261733,0,Random,Random,north,commander_capture,63,True,False,0
Random vs Random,820,20261733,1,Random,Random,south,commander_capture,86,True,False,0
Random vs Random,821,20261734,0,Random,Random,north,commander_capture,15,True,False,0
Random vs Random,821,20261734,1,Random,Random,,ply_limit,512,False,True,0
Random vs Random,822,20261735,0,Random,Random,south,commander_capture,54,True,False,0
Random vs Random,822,20261735,1,Random,Random,south,commander_capture,98,True,False,0
Random vs Random,823,20261736,0,Random,Random,south,commander_capture,102,True,False,0
Random vs Random,823,20261736,1,Random,Random,south,commander_capture,134,True,False,0
Random vs Random,824,20261737,0,Random,Random,north,commander_capture,99,True,False,0
Random vs Random,824,20261737,1,Random,Random,south,commander_capture,108,True,False,0
Random vs Random,825,20261738,0,Random,Random,north,commander_capture,105,True,False,0
Random vs Random,825,20261738,1,Random,Random,north,commander_capture,81,True,False,0
Random vs Random,826,20261739,0,Random,Random,,ply_limit,512,False,True,0
Random vs Random,826,20261739,1,Random,Random,north,commander_capture,115,True,False,0
Random vs Random,827,20261740,0,Random,Random,south,commander_capture,60,True,False,0
Random vs Random,827,20261740,1,Random,Random,,ply_limit,512,False,True,0
Random vs Random,828,20261741,0,Random,Random,north,commander_capture,55,True,False,0
Random vs Random,828,20261741,1,Random,Random,north,commander_capture,45,True,False,0
Random vs Random,829,20261742,0,Random,Random,north,commander_capture,125,True,False,0
Random vs Random,829,20261742,1,Random,Random,north,commander_capture,87,True,False,0
Random vs Random,830,20261743,0,Random,Random,south,commander_capture,98,True,False,0
Random vs Random,830,20261743,1,Random,Random,south,commander_capture,164,True,False,0
Random vs Random,831,20261744,0,Random,Random,,ply_limit,512,False,True,0
Random vs Random,831,20261744,1,Random,Random,north,commander_capture,45,True,False,0
Random vs Random,832,20261745,0,Random,Random,,ply_limit,512,False,True,0
Random vs Random,832,20261745,1,Random,Random,north,commander_capture,319,True,False,0
Random vs Random,833,20261746,0,Random,Random,north,commander_capture,105,True,False,0
Random vs Random,833,20261746,1,Random,Random,,ply_limit,512,False,True,0
Random vs Random,834,20261747,0,Random,Random,south,commander_capture,156,True,False,0
Random vs Random,834,20261747,1,Random,Random,south,commander_capture,74,True,False,0
Random vs Random,835,20261748,0,Random,Random,north,commander_capture,99,True,False,0
Random vs Random,835,20261748,1,Random,Random,north,commander_capture,145,True,False,0
Random vs Random,836,20261749,0,Random,Random,,ply_limit,512,False,True,0
Random vs Random,836,20261749,1,Random,Random,south,commander_capture,52,True,False,0
Random vs Random,837,20261750,0,Random,Random,north,commander_capture,79,True,False,0
Random vs Random,837,20261750,1,Random,Random,south,commander_capture,134,True,False,0
Random vs Random,838,20261751,0,Random,Random,south,commander_capture,74,True,False,0
Random vs Random,838,20261751,1,Random,Random,north,commander_capture,165,True,False,0
Random vs Random,839,20261752,0,Random,Random,north,commander_capture,61,True,False,0
Random vs Random,839,20261752,1,Random,Random,,ply_limit,512,False,True,0
Random vs Random,840,20261753,0,Random,Random,south,commander_capture,106,True,False,0
Random vs Random,840,20261753,1,Random,Random,south,commander_capture,170,True,False,0
Random vs Random,841,20261754,0,Random,Random,south,commander_capture,120,True,False,0
Random vs Random,841,20261754,1,Random,Random,north,commander_capture,69,True,False,0
Random vs Random,842,20261755,0,Random,Random,south,commander_capture,72,True,False,0
Random vs Random,842,20261755,1,Random,Random,north,commander_capture,247,True,False,0
Random vs Random,843,20261756,0,Random,Random,north,commander_capture,89,True,False,0
Random vs Random,843,20261756,1,Random,Random,,ply_limit,512,False,True,0
Random vs Random,844,20261757,0,Random,Random,south,commander_capture,118,True,False,0
Random vs Random,844,20261757,1,Random,Random,south,commander_capture,134,True,False,0
Random vs Random,845,20261758,0,Random,Random,north,commander_capture,147,True,False,0
Random vs Random,845,20261758,1,Random,Random,north,commander_capture,81,True,False,0
Random vs Random,846,20261759,0,Random,Random,north,commander_capture,105,True,False,0
Random vs Random,846,20261759,1,Random,Random,south,commander_capture,120,True,False,0
Random vs Random,847,20261760,0,Random,Random,south,commander_capture,70,True,False,0
Random vs Random,847,20261760,1,Random,Random,south,commander_capture,180,True,False,0
Random vs Random,848,20261761,0,Random,Random,north,commander_capture,97,True,False,0
Random vs Random,848,20261761,1,Random,Random,north,commander_capture,187,True,False,0
Random vs Random,849,20261762,0,Random,Random,south,commander_capture,114,True,False,0
Random vs Random,849,20261762,1,Random,Random,north,commander_capture,135,True,False,0
Random vs Random,850,20261763,0,Random,Random,north,commander_capture,21,True,False,0
Random vs Random,850,20261763,1,Random,Random,north,commander_capture,137,True,False,0
Random vs Random,851,20261764,0,Random,Random,south,commander_capture,112,True,False,0
Random vs Random,851,20261764,1,Random,Random,south,commander_capture,160,True,False,0
Random vs Random,852,20261765,0,Random,Random,north,commander_capture,191,True,False,0
Random vs Random,852,20261765,1,Random,Random,south,commander_capture,140,True,False,0
Random vs Random,853,20261766,0,Random,Random,,ply_limit,512,False,True,0
Random vs Random,853,20261766,1,Random,Random,north,commander_capture,75,True,False,0
Random vs Random,854,20261767,0,Random,Random,,ply_limit,512,False,True,0
Random vs Random,854,20261767,1,Random,Random,north,commander_capture,91,True,False,0
Random vs Random,855,20261768,0,Random,Random,south,commander_capture,112,True,False,0
Random vs Random,855,20261768,1,Random,Random,north,commander_capture,119,True,False,0
Random vs Random,856,20261769,0,Random,Random,north,commander_capture,63,True,False,0
Random vs Random,856,20261769,1,Random,Random,,ply_limit,512,False,True,0
Random vs Random,857,20261770,0,Random,Random,north,commander_capture,143,True,False,0
Random vs Random,857,20261770,1,Random,Random,south,commander_capture,120,True,False,0
Random vs Random,858,20261771,0,Random,Random,north,commander_capture,87,True,False,0
Random vs Random,858,20261771,1,Random,Random,south,commander_capture,184,True,False,0
Random vs Random,859,20261772,0,Random,Random,south,commander_capture,112,True,False,0
Random vs Random,859,20261772,1,Random,Random,south,commander_capture,116,True,False,0
Random vs Random,860,20261773,0,Random,Random,south,commander_capture,186,True,False,0
Random vs Random,860,20261773,1,Random,Random,north,commander_capture,131,True,False,0
Random vs Random,861,20261774,0,Random,Random,south,commander_capture,44,True,False,0
Random vs Random,861,20261774,1,Random,Random,south,commander_capture,144,True,False,0
Random vs Random,862,20261775,0,Random,Random,south,commander_capture,140,True,False,0
Random vs Random,862,20261775,1,Random,Random,north,commander_capture,93,True,False,0
Random vs Random,863,20261776,0,Random,Random,north,commander_capture,117,True,False,0
Random vs Random,863,20261776,1,Random,Random,south,commander_capture,132,True,False,0
Random vs Random,864,20261777,0,Random,Random,south,commander_capture,38,True,False,0
Random vs Random,864,20261777,1,Random,Random,north,commander_capture,91,True,False,0
Random vs Random,865,20261778,0,Random,Random,,ply_limit,512,False,True,0
Random vs Random,865,20261778,1,Random,Random,north,commander_capture,127,True,False,0
Random vs Random,866,20261779,0,Random,Random,south,commander_capture,74,True,False,0
Random vs Random,866,20261779,1,Random,Random,south,commander_capture,50,True,False,0
Random vs Random,867,20261780,0,Random,Random,south,commander_capture,90,True,False,0
Random vs Random,867,20261780,1,Random,Random,south,commander_capture,62,True,False,0
Random vs Random,868,20261781,0,Random,Random,south,commander_capture,108,True,False,0
Random vs Random,868,20261781,1,Random,Random,,ply_limit,512,False,True,0
Random vs Random,869,20261782,0,Random,Random,north,commander_capture,75,True,False,0
Random vs Random,869,20261782,1,Random,Random,south,commander_capture,98,True,False,0
Random vs Random,870,20261783,0,Random,Random,south,commander_capture,106,True,False,0
Random vs Random,870,20261783,1,Random,Random,north,commander_capture,61,True,False,0
Random vs Random,871,20261784,0,Random,Random,south,commander_capture,106,True,False,0
Random vs Random,871,20261784,1,Random,Random,north,commander_capture,53,True,False,0
Random vs Random,872,20261785,0,Random,Random,,ply_limit,512,False,True,0
Random vs Random,872,20261785,1,Random,Random,north,commander_capture,141,True,False,0
Random vs Random,873,20261786,0,Random,Random,north,commander_capture,55,True,False,0
Random vs Random,873,20261786,1,Random,Random,south,commander_capture,146,True,False,0
Random vs Random,874,20261787,0,Random,Random,south,commander_capture,106,True,False,0
Random vs Random,874,20261787,1,Random,Random,draw,threefold_repetition,505,True,False,0
Random vs Random,875,20261788,0,Random,Random,south,commander_capture,110,True,False,0
Random vs Random,875,20261788,1,Random,Random,,ply_limit,512,False,True,0
Random vs Random,876,20261789,0,Random,Random,south,commander_capture,106,True,False,0
Random vs Random,876,20261789,1,Random,Random,north,commander_capture,125,True,False,0
Random vs Random,877,20261790,0,Random,Random,north,commander_capture,87,True,False,0
Random vs Random,877,20261790,1,Random,Random,south,commander_capture,90,True,False,0
Random vs Random,878,20261791,0,Random,Random,north,commander_capture,39,True,False,0
Random vs Random,878,20261791,1,Random,Random,north,commander_capture,103,True,False,0
Random vs Random,879,20261792,0,Random,Random,north,commander_capture,87,True,False,0
Random vs Random,879,20261792,1,Random,Random,north,commander_capture,115,True,False,0
Random vs Random,880,20261793,0,Random,Random,north,commander_capture,81,True,False,0
Random vs Random,880,20261793,1,Random,Random,south,commander_capture,58,True,False,0
Random vs Random,881,20261794,0,Random,Random,north,commander_capture,91,True,False,0
Random vs Random,881,20261794,1,Random,Random,north,commander_capture,77,True,False,0
Random vs Random,882,20261795,0,Random,Random,south,commander_capture,146,True,False,0
Random vs Random,882,20261795,1,Random,Random,north,commander_capture,173,True,False,0
Random vs Random,883,20261796,0,Random,Random,,ply_limit,512,False,True,0
Random vs Random,883,20261796,1,Random,Random,north,commander_capture,37,True,False,0
Random vs Random,884,20261797,0,Random,Random,,ply_limit,512,False,True,0
Random vs Random,884,20261797,1,Random,Random,north,commander_capture,29,True,False,0
Random vs Random,885,20261798,0,Random,Random,,ply_limit,512,False,True,0
Random vs Random,885,20261798,1,Random,Random,north,commander_capture,195,True,False,0
Random vs Random,886,20261799,0,Random,Random,north,commander_capture,189,True,False,0
Random vs Random,886,20261799,1,Random,Random,south,commander_capture,166,True,False,0
Random vs Random,887,20261800,0,Random,Random,south,commander_capture,224,True,False,0
Random vs Random,887,20261800,1,Random,Random,north,commander_capture,143,True,False,0
Random vs Random,888,20261801,0,Random,Random,north,commander_capture,95,True,False,0
Random vs Random,888,20261801,1,Random,Random,north,commander_capture,151,True,False,0
Random vs Random,889,20261802,0,Random,Random,north,commander_capture,53,True,False,0
Random vs Random,889,20261802,1,Random,Random,north,commander_capture,179,True,False,0
Random vs Random,890,20261803,0,Random,Random,,ply_limit,512,False,True,0
Random vs Random,890,20261803,1,Random,Random,south,commander_capture,44,True,False,0
Random vs Random,891,20261804,0,Random,Random,,ply_limit,512,False,True,0
Random vs Random,891,20261804,1,Random,Random,south,commander_capture,114,True,False,0
Random vs Random,892,20261805,0,Random,Random,south,commander_capture,72,True,False,0
Random vs Random,892,20261805,1,Random,Random,north,commander_capture,81,True,False,0
Random vs Random,893,20261806,0,Random,Random,north,commander_capture,59,True,False,0
Random vs Random,893,20261806,1,Random,Random,north,commander_capture,63,True,False,0
Random vs Random,894,20261807,0,Random,Random,south,commander_capture,90,True,False,0
Random vs Random,894,20261807,1,Random,Random,north,commander_capture,81,True,False,0
Random vs Random,895,20261808,0,Random,Random,north,commander_capture,47,True,False,0
Random vs Random,895,20261808,1,Random,Random,south,commander_capture,98,True,False,0
Random vs Random,896,20261809,0,Random,Random,south,commander_capture,26,True,False,0
Random vs Random,896,20261809,1,Random,Random,south,commander_capture,252,True,False,0
Random vs Random,897,20261810,0,Random,Random,north,commander_capture,71,True,False,0
Random vs Random,897,20261810,1,Random,Random,south,commander_capture,140,True,False,0
Random vs Random,898,20261811,0,Random,Random,south,commander_capture,46,True,False,0
Random vs Random,898,20261811,1,Random,Random,south,commander_capture,244,True,False,0
Random vs Random,899,20261812,0,Random,Random,south,commander_capture,104,True,False,0
Random vs Random,899,20261812,1,Random,Random,south,commander_capture,122,True,False,0
Random vs Random,900,20261813,0,Random,Random,south,commander_capture,58,True,False,0
Random vs Random,900,20261813,1,Random,Random,south,commander_capture,54,True,False,0
Random vs Random,901,20261814,0,Random,Random,south,commander_capture,70,True,False,0
Random vs Random,901,20261814,1,Random,Random,,ply_limit,512,False,True,0
Random vs Random,902,20261815,0,Random,Random,south,commander_capture,60,True,False,0
Random vs Random,902,20261815,1,Random,Random,south,commander_capture,46,True,False,0
Random vs Random,903,20261816,0,Random,Random,south,commander_capture,148,True,False,0
Random vs Random,903,20261816,1,Random,Random,north,commander_capture,257,True,False,0
Random vs Random,904,20261817,0,Random,Random,north,commander_capture,73,True,False,0
Random vs Random,904,20261817,1,Random,Random,south,commander_capture,178,True,False,0
Random vs Random,905,20261818,0,Random,Random,south,commander_capture,96,True,False,0
Random vs Random,905,20261818,1,Random,Random,south,commander_capture,140,True,False,0
Random vs Random,906,20261819,0,Random,Random,south,commander_capture,78,True,False,0
Random vs Random,906,20261819,1,Random,Random,south,commander_capture,80,True,False,0
Random vs Random,907,20261820,0,Random,Random,south,commander_capture,84,True,False,0
Random vs Random,907,20261820,1,Random,Random,south,commander_capture,70,True,False,0
Random vs Random,908,20261821,0,Random,Random,south,commander_capture,112,True,False,0
Random vs Random,908,20261821,1,Random,Random,north,commander_capture,59,True,False,0
Random vs Random,909,20261822,0,Random,Random,north,commander_capture,247,True,False,0
Random vs Random,909,20261822,1,Random,Random,south,commander_capture,140,True,False,0
Random vs Random,910,20261823,0,Random,Random,north,commander_capture,131,True,False,0
Random vs Random,910,20261823,1,Random,Random,south,commander_capture,104,True,False,0
Random vs Random,911,20261824,0,Random,Random,south,commander_capture,154,True,False,0
Random vs Random,911,20261824,1,Random,Random,north,commander_capture,89,True,False,0
Random vs Random,912,20261825,0,Random,Random,north,commander_capture,87,True,False,0
Random vs Random,912,20261825,1,Random,Random,,ply_limit,512,False,True,0
Random vs Random,913,20261826,0,Random,Random,south,commander_capture,86,True,False,0
Random vs Random,913,20261826,1,Random,Random,north,commander_capture,111,True,False,0
Random vs Random,914,20261827,0,Random,Random,,ply_limit,512,False,True,0
Random vs Random,914,20261827,1,Random,Random,south,commander_capture,100,True,False,0
Random vs Random,915,20261828,0,Random,Random,,ply_limit,512,False,True,0
Random vs Random,915,20261828,1,Random,Random,south,commander_capture,130,True,False,0
Random vs Random,916,20261829,0,Random,Random,south,commander_capture,120,True,False,0
Random vs Random,916,20261829,1,Random,Random,south,commander_capture,62,True,False,0
Random vs Random,917,20261830,0,Random,Random,north,commander_capture,63,True,False,0
Random vs Random,917,20261830,1,Random,Random,south,commander_capture,154,True,False,0
Random vs Random,918,20261831,0,Random,Random,north,commander_capture,151,True,False,0
Random vs Random,918,20261831,1,Random,Random,north,commander_capture,117,True,False,0
Random vs Random,919,20261832,0,Random,Random,south,commander_capture,104,True,False,0
Random vs Random,919,20261832,1,Random,Random,north,commander_capture,87,True,False,0
Random vs Random,920,20261833,0,Random,Random,,ply_limit,512,False,True,0
Random vs Random,920,20261833,1,Random,Random,south,commander_capture,84,True,False,0
Random vs Random,921,20261834,0,Random,Random,north,commander_capture,205,True,False,0
Random vs Random,921,20261834,1,Random,Random,south,commander_capture,28,True,False,0
Random vs Random,922,20261835,0,Random,Random,north,commander_capture,83,True,False,0
Random vs Random,922,20261835,1,Random,Random,south,commander_capture,130,True,False,0
Random vs Random,923,20261836,0,Random,Random,south,commander_capture,148,True,False,0
Random vs Random,923,20261836,1,Random,Random,south,commander_capture,46,True,False,0
Random vs Random,924,20261837,0,Random,Random,,ply_limit,512,False,True,0
Random vs Random,924,20261837,1,Random,Random,north,commander_capture,31,True,False,0
Random vs Random,925,20261838,0,Random,Random,north,commander_capture,103,True,False,0
Random vs Random,925,20261838,1,Random,Random,south,commander_capture,98,True,False,0
Random vs Random,926,20261839,0,Random,Random,south,commander_capture,110,True,False,0
Random vs Random,926,20261839,1,Random,Random,north,commander_capture,97,True,False,0
Random vs Random,927,20261840,0,Random,Random,south,commander_capture,176,True,False,0
Random vs Random,927,20261840,1,Random,Random,north,commander_capture,115,True,False,0
Random vs Random,928,20261841,0,Random,Random,south,commander_capture,92,True,False,0
Random vs Random,928,20261841,1,Random,Random,south,commander_capture,152,True,False,0
Random vs Random,929,20261842,0,Random,Random,north,commander_capture,71,True,False,0
Random vs Random,929,20261842,1,Random,Random,south,commander_capture,192,True,False,0
Random vs Random,930,20261843,0,Random,Random,south,commander_capture,106,True,False,0
Random vs Random,930,20261843,1,Random,Random,,ply_limit,512,False,True,0
Random vs Random,931,20261844,0,Random,Random,north,commander_capture,67,True,False,0
Random vs Random,931,20261844,1,Random,Random,,ply_limit,512,False,True,0
Random vs Random,932,20261845,0,Random,Random,north,commander_capture,97,True,False,0
Random vs Random,932,20261845,1,Random,Random,south,commander_capture,164,True,False,0
Random vs Random,933,20261846,0,Random,Random,,ply_limit,512,False,True,0
Random vs Random,933,20261846,1,Random,Random,north,commander_capture,99,True,False,0
Random vs Random,934,20261847,0,Random,Random,south,commander_capture,82,True,False,0
Random vs Random,934,20261847,1,Random,Random,south,commander_capture,152,True,False,0
Random vs Random,935,20261848,0,Random,Random,south,commander_capture,60,True,False,0
Random vs Random,935,20261848,1,Random,Random,north,commander_capture,81,True,False,0
Random vs Random,936,20261849,0,Random,Random,south,commander_capture,26,True,False,0
Random vs Random,936,20261849,1,Random,Random,south,commander_capture,86,True,False,0
Random vs Random,937,20261850,0,Random,Random,south,commander_capture,110,True,False,0
Random vs Random,937,20261850,1,Random,Random,north,commander_capture,119,True,False,0
Random vs Random,938,20261851,0,Random,Random,south,commander_capture,92,True,False,0
Random vs Random,938,20261851,1,Random,Random,south,commander_capture,92,True,False,0
Random vs Random,939,20261852,0,Random,Random,south,commander_capture,80,True,False,0
Random vs Random,939,20261852,1,Random,Random,south,commander_capture,80,True,False,0
Random vs Random,940,20261853,0,Random,Random,north,commander_capture,113,True,False,0
Random vs Random,940,20261853,1,Random,Random,north,commander_capture,205,True,False,0
Random vs Random,941,20261854,0,Random,Random,north,commander_capture,53,True,False,0
Random vs Random,941,20261854,1,Random,Random,south,commander_capture,114,True,False,0
Random vs Random,942,20261855,0,Random,Random,south,commander_capture,56,True,False,0
Random vs Random,942,20261855,1,Random,Random,north,commander_capture,117,True,False,0
Random vs Random,943,20261856,0,Random,Random,north,commander_capture,57,True,False,0
Random vs Random,943,20261856,1,Random,Random,south,commander_capture,152,True,False,0
Random vs Random,944,20261857,0,Random,Random,north,commander_capture,27,True,False,0
Random vs Random,944,20261857,1,Random,Random,north,commander_capture,65,True,False,0
Random vs Random,945,20261858,0,Random,Random,north,commander_capture,151,True,False,0
Random vs Random,945,20261858,1,Random,Random,south,commander_capture,104,True,False,0
Random vs Random,946,20261859,0,Random,Random,north,commander_capture,59,True,False,0
Random vs Random,946,20261859,1,Random,Random,north,commander_capture,89,True,False,0
Random vs Random,947,20261860,0,Random,Random,south,commander_capture,48,True,False,0
Random vs Random,947,20261860,1,Random,Random,south,commander_capture,52,True,False,0
Random vs Random,948,20261861,0,Random,Random,north,commander_capture,75,True,False,0
Random vs Random,948,20261861,1,Random,Random,north,commander_capture,131,True,False,0
Random vs Random,949,20261862,0,Random,Random,north,commander_capture,53,True,False,0
Random vs Random,949,20261862,1,Random,Random,south,commander_capture,80,True,False,0
Random vs Random,950,20261863,0,Random,Random,north,commander_capture,79,True,False,0
Random vs Random,950,20261863,1,Random,Random,south,commander_capture,102,True,False,0
Random vs Random,951,20261864,0,Random,Random,south,commander_capture,140,True,False,0
Random vs Random,951,20261864,1,Random,Random,north,commander_capture,99,True,False,0
Random vs Random,952,20261865,0,Random,Random,south,commander_capture,54,True,False,0
Random vs Random,952,20261865,1,Random,Random,,ply_limit,512,False,True,0
Random vs Random,953,20261866,0,Random,Random,south,commander_capture,102,True,False,0
Random vs Random,953,20261866,1,Random,Random,north,commander_capture,141,True,False,0
Random vs Random,954,20261867,0,Random,Random,north,commander_capture,125,True,False,0
Random vs Random,954,20261867,1,Random,Random,south,commander_capture,158,True,False,0
Random vs Random,955,20261868,0,Random,Random,south,commander_capture,64,True,False,0
Random vs Random,955,20261868,1,Random,Random,north,commander_capture,91,True,False,0
Random vs Random,956,20261869,0,Random,Random,north,commander_capture,49,True,False,0
Random vs Random,956,20261869,1,Random,Random,north,commander_capture,143,True,False,0
Random vs Random,957,20261870,0,Random,Random,south,commander_capture,122,True,False,0
Random vs Random,957,20261870,1,Random,Random,south,commander_capture,166,True,False,0
Random vs Random,958,20261871,0,Random,Random,north,commander_capture,35,True,False,0
Random vs Random,958,20261871,1,Random,Random,north,commander_capture,71,True,False,0
Random vs Random,959,20261872,0,Random,Random,north,commander_capture,151,True,False,0
Random vs Random,959,20261872,1,Random,Random,south,commander_capture,78,True,False,0
Random vs Random,960,20261873,0,Random,Random,south,commander_capture,94,True,False,0
Random vs Random,960,20261873,1,Random,Random,north,commander_capture,33,True,False,0
Random vs Random,961,20261874,0,Random,Random,north,commander_capture,43,True,False,0
Random vs Random,961,20261874,1,Random,Random,north,commander_capture,223,True,False,0
Random vs Random,962,20261875,0,Random,Random,south,commander_capture,202,True,False,0
Random vs Random,962,20261875,1,Random,Random,south,commander_capture,90,True,False,0
Random vs Random,963,20261876,0,Random,Random,south,commander_capture,168,True,False,0
Random vs Random,963,20261876,1,Random,Random,north,commander_capture,69,True,False,0
Random vs Random,964,20261877,0,Random,Random,north,commander_capture,67,True,False,0
Random vs Random,964,20261877,1,Random,Random,north,commander_capture,85,True,False,0
Random vs Random,965,20261878,0,Random,Random,north,commander_capture,109,True,False,0
Random vs Random,965,20261878,1,Random,Random,,ply_limit,512,False,True,0
Random vs Random,966,20261879,0,Random,Random,north,commander_capture,99,True,False,0
Random vs Random,966,20261879,1,Random,Random,north,commander_capture,117,True,False,0
Random vs Random,967,20261880,0,Random,Random,,ply_limit,512,False,True,0
Random vs Random,967,20261880,1,Random,Random,north,commander_capture,131,True,False,0
Random vs Random,968,20261881,0,Random,Random,south,commander_capture,120,True,False,0
Random vs Random,968,20261881,1,Random,Random,south,commander_capture,106,True,False,0
Random vs Random,969,20261882,0,Random,Random,south,commander_capture,72,True,False,0
Random vs Random,969,20261882,1,Random,Random,north,commander_capture,105,True,False,0
Random vs Random,970,20261883,0,Random,Random,north,commander_capture,125,True,False,0
Random vs Random,970,20261883,1,Random,Random,north,commander_capture,127,True,False,0
Random vs Random,971,20261884,0,Random,Random,north,commander_capture,137,True,False,0
Random vs Random,971,20261884,1,Random,Random,north,commander_capture,109,True,False,0
Random vs Random,972,20261885,0,Random,Random,south,commander_capture,104,True,False,0
Random vs Random,972,20261885,1,Random,Random,south,commander_capture,74,True,False,0
Random vs Random,973,20261886,0,Random,Random,,ply_limit,512,False,True,0
Random vs Random,973,20261886,1,Random,Random,south,commander_capture,116,True,False,0
Random vs Random,974,20261887,0,Random,Random,north,commander_capture,183,True,False,0
Random vs Random,974,20261887,1,Random,Random,south,commander_capture,166,True,False,0
Random vs Random,975,20261888,0,Random,Random,north,commander_capture,157,True,False,0
Random vs Random,975,20261888,1,Random,Random,south,commander_capture,110,True,False,0
Random vs Random,976,20261889,0,Random,Random,south,commander_capture,64,True,False,0
Random vs Random,976,20261889,1,Random,Random,,ply_limit,512,False,True,0
Random vs Random,977,20261890,0,Random,Random,north,commander_capture,47,True,False,0
Random vs Random,977,20261890,1,Random,Random,south,commander_capture,82,True,False,0
Random vs Random,978,20261891,0,Random,Random,south,commander_capture,92,True,False,0
Random vs Random,978,20261891,1,Random,Random,south,commander_capture,66,True,False,0
Random vs Random,979,20261892,0,Random,Random,south,commander_capture,132,True,False,0
Random vs Random,979,20261892,1,Random,Random,south,commander_capture,152,True,False,0
Random vs Random,980,20261893,0,Random,Random,south,commander_capture,38,True,False,0
Random vs Random,980,20261893,1,Random,Random,south,commander_capture,202,True,False,0
Random vs Random,981,20261894,0,Random,Random,north,commander_capture,111,True,False,0
Random vs Random,981,20261894,1,Random,Random,north,commander_capture,169,True,False,0
Random vs Random,982,20261895,0,Random,Random,south,commander_capture,112,True,False,0
Random vs Random,982,20261895,1,Random,Random,north,commander_capture,61,True,False,0
Random vs Random,983,20261896,0,Random,Random,south,commander_capture,106,True,False,0
Random vs Random,983,20261896,1,Random,Random,north,commander_capture,93,True,False,0
Random vs Random,984,20261897,0,Random,Random,south,commander_capture,82,True,False,0
Random vs Random,984,20261897,1,Random,Random,south,commander_capture,124,True,False,0
Random vs Random,985,20261898,0,Random,Random,south,commander_capture,150,True,False,0
Random vs Random,985,20261898,1,Random,Random,,ply_limit,512,False,True,0
Random vs Random,986,20261899,0,Random,Random,south,commander_capture,116,True,False,0
Random vs Random,986,20261899,1,Random,Random,,ply_limit,512,False,True,0
Random vs Random,987,20261900,0,Random,Random,north,commander_capture,83,True,False,0
Random vs Random,987,20261900,1,Random,Random,south,commander_capture,128,True,False,0
Random vs Random,988,20261901,0,Random,Random,north,commander_capture,187,True,False,0
Random vs Random,988,20261901,1,Random,Random,south,commander_capture,126,True,False,0
Random vs Random,989,20261902,0,Random,Random,north,commander_capture,67,True,False,0
Random vs Random,989,20261902,1,Random,Random,south,commander_capture,124,True,False,0
Random vs Random,990,20261903,0,Random,Random,south,commander_capture,124,True,False,0
Random vs Random,990,20261903,1,Random,Random,north,commander_capture,79,True,False,0
Random vs Random,991,20261904,0,Random,Random,north,commander_capture,87,True,False,0
Random vs Random,991,20261904,1,Random,Random,north,commander_capture,127,True,False,0
Random vs Random,992,20261905,0,Random,Random,south,commander_capture,124,True,False,0
Random vs Random,992,20261905,1,Random,Random,south,commander_capture,146,True,False,0
Random vs Random,993,20261906,0,Random,Random,north,commander_capture,195,True,False,0
Random vs Random,993,20261906,1,Random,Random,north,commander_capture,139,True,False,0
Random vs Random,994,20261907,0,Random,Random,south,commander_capture,148,True,False,0
Random vs Random,994,20261907,1,Random,Random,south,commander_capture,72,True,False,0
Random vs Random,995,20261908,0,Random,Random,north,commander_capture,163,True,False,0
Random vs Random,995,20261908,1,Random,Random,north,commander_capture,167,True,False,0
Random vs Random,996,20261909,0,Random,Random,south,commander_capture,182,True,False,0
Random vs Random,996,20261909,1,Random,Random,south,commander_capture,48,True,False,0
Random vs Random,997,20261910,0,Random,Random,north,commander_capture,85,True,False,0
Random vs Random,997,20261910,1,Random,Random,south,commander_capture,86,True,False,0
Random vs Random,998,20261911,0,Random,Random,north,commander_capture,103,True,False,0
Random vs Random,998,20261911,1,Random,Random,north,commander_capture,71,True,False,0
Random vs Random,999,20261912,0,Random,Random,north,commander_capture,63,True,False,0
Random vs Random,999,20261912,1,Random,Random,south,commander_capture,94,True,False,0
Random vs Random,1000,20261913,0,Random,Random,,ply_limit,512,False,True,0
Random vs Random,1000,20261913,1,Random,Random,north,commander_capture,179,True,False,0
Random vs Random,1001,20261914,0,Random,Random,south,commander_capture,60,True,False,0
Random vs Random,1001,20261914,1,Random,Random,north,commander_capture,83,True,False,0
Random vs Random,1002,20261915,0,Random,Random,south,commander_capture,98,True,False,0
Random vs Random,1002,20261915,1,Random,Random,north,commander_capture,111,True,False,0
Random vs Random,1003,20261916,0,Random,Random,south,commander_capture,124,True,False,0
Random vs Random,1003,20261916,1,Random,Random,north,commander_capture,131,True,False,0
Random vs Random,1004,20261917,0,Random,Random,south,commander_capture,138,True,False,0
Random vs Random,1004,20261917,1,Random,Random,south,commander_capture,212,True,False,0
Random vs Random,1005,20261918,0,Random,Random,,ply_limit,512,False,True,0
Random vs Random,1005,20261918,1,Random,Random,south,commander_capture,58,True,False,0
Random vs Random,1006,20261919,0,Random,Random,north,commander_capture,135,True,False,0
Random vs Random,1006,20261919,1,Random,Random,,ply_limit,512,False,True,0
Random vs Random,1007,20261920,0,Random,Random,north,commander_capture,137,True,False,0
Random vs Random,1007,20261920,1,Random,Random,north,commander_capture,51,True,False,0
Random vs Random,1008,20261921,0,Random,Random,,ply_limit,512,False,True,0
Random vs Random,1008,20261921,1,Random,Random,south,commander_capture,26,True,False,0
Random vs Random,1009,20261922,0,Random,Random,north,commander_capture,17,True,False,0
Random vs Random,1009,20261922,1,Random,Random,,ply_limit,512,False,True,0
Random vs Random,1010,20261923,0,Random,Random,,ply_limit,512,False,True,0
Random vs Random,1010,20261923,1,Random,Random,south,commander_capture,68,True,False,0
Random vs Random,1011,20261924,0,Random,Random,north,commander_capture,87,True,False,0
Random vs Random,1011,20261924,1,Random,Random,north,commander_capture,117,True,False,0
Random vs Random,1012,20261925,0,Random,Random,south,commander_capture,102,True,False,0
Random vs Random,1012,20261925,1,Random,Random,south,commander_capture,78,True,False,0
Random vs Random,1013,20261926,0,Random,Random,north,commander_capture,181,True,False,0
Random vs Random,1013,20261926,1,Random,Random,south,commander_capture,116,True,False,0
Random vs Random,1014,20261927,0,Random,Random,south,commander_capture,106,True,False,0
Random vs Random,1014,20261927,1,Random,Random,south,commander_capture,188,True,False,0
Random vs Random,1015,20261928,0,Random,Random,south,commander_capture,90,True,False,0
Random vs Random,1015,20261928,1,Random,Random,north,commander_capture,61,True,False,0
Random vs Random,1016,20261929,0,Random,Random,north,commander_capture,63,True,False,0
Random vs Random,1016,20261929,1,Random,Random,south,commander_capture,122,True,False,0
Random vs Random,1017,20261930,0,Random,Random,,ply_limit,512,False,True,0
Random vs Random,1017,20261930,1,Random,Random,south,commander_capture,88,True,False,0
Random vs Random,1018,20261931,0,Random,Random,south,commander_capture,122,True,False,0
Random vs Random,1018,20261931,1,Random,Random,north,commander_capture,55,True,False,0
Random vs Random,1019,20261932,0,Random,Random,south,commander_capture,56,True,False,0
Random vs Random,1019,20261932,1,Random,Random,south,commander_capture,130,True,False,0
Random vs Random,1020,20261933,0,Random,Random,south,commander_capture,150,True,False,0
Random vs Random,1020,20261933,1,Random,Random,,ply_limit,512,False,True,0
Random vs Random,1021,20261934,0,Random,Random,south,commander_capture,122,True,False,0
Random vs Random,1021,20261934,1,Random,Random,north,commander_capture,107,True,False,0
Random vs Random,1022,20261935,0,Random,Random,north,commander_capture,185,True,False,0
Random vs Random,1022,20261935,1,Random,Random,south,commander_capture,180,True,False,0
Random vs Random,1023,20261936,0,Random,Random,north,commander_capture,71,True,False,0
Random vs Random,1023,20261936,1,Random,Random,north,commander_capture,103,True,False,0
Random vs Random,1024,20261937,0,Random,Random,north,commander_capture,137,True,False,0
Random vs Random,1024,20261937,1,Random,Random,south,commander_capture,116,True,False,0
Random vs Random,1025,20261938,0,Random,Random,north,commander_capture,29,True,False,0
Random vs Random,1025,20261938,1,Random,Random,south,commander_capture,128,True,False,0
Random vs Random,1026,20261939,0,Random,Random,north,commander_capture,189,True,False,0
Random vs Random,1026,20261939,1,Random,Random,north,commander_capture,69,True,False,0
Random vs Random,1027,20261940,0,Random,Random,south,commander_capture,192,True,False,0
Random vs Random,1027,20261940,1,Random,Random,south,commander_capture,62,True,False,0
Random vs Random,1028,20261941,0,Random,Random,south,commander_capture,36,True,False,0
Random vs Random,1028,20261941,1,Random,Random,south,commander_capture,50,True,False,0
Random vs Random,1029,20261942,0,Random,Random,north,commander_capture,151,True,False,0
Random vs Random,1029,20261942,1,Random,Random,south,commander_capture,78,True,False,0
Random vs Random,1030,20261943,0,Random,Random,south,commander_capture,60,True,False,0
Random vs Random,1030,20261943,1,Random,Random,south,commander_capture,62,True,False,0
Random vs Random,1031,20261944,0,Random,Random,north,commander_capture,129,True,False,0
Random vs Random,1031,20261944,1,Random,Random,south,commander_capture,144,True,False,0
Random vs Random,1032,20261945,0,Random,Random,north,commander_capture,59,True,False,0
Random vs Random,1032,20261945,1,Random,Random,south,commander_capture,44,True,False,0
Random vs Random,1033,20261946,0,Random,Random,south,commander_capture,44,True,False,0
Random vs Random,1033,20261946,1,Random,Random,south,commander_capture,62,True,False,0
Random vs Random,1034,20261947,0,Random,Random,south,commander_capture,220,True,False,0
Random vs Random,1034,20261947,1,Random,Random,south,commander_capture,148,True,False,0
Random vs Random,1035,20261948,0,Random,Random,south,commander_capture,94,True,False,0
Random vs Random,1035,20261948,1,Random,Random,north,commander_capture,29,True,False,0
Random vs Random,1036,20261949,0,Random,Random,north,commander_capture,131,True,False,0
Random vs Random,1036,20261949,1,Random,Random,north,commander_capture,47,True,False,0
Random vs Random,1037,20261950,0,Random,Random,north,commander_capture,93,True,False,0
Random vs Random,1037,20261950,1,Random,Random,south,commander_capture,182,True,False,0
Random vs Random,1038,20261951,0,Random,Random,south,commander_capture,30,True,False,0
Random vs Random,1038,20261951,1,Random,Random,,ply_limit,512,False,True,0
Random vs Random,1039,20261952,0,Random,Random,north,commander_capture,119,True,False,0
Random vs Random,1039,20261952,1,Random,Random,north,commander_capture,83,True,False,0
Random vs Random,1040,20261953,0,Random,Random,south,commander_capture,44,True,False,0
Random vs Random,1040,20261953,1,Random,Random,north,commander_capture,167,True,False,0
Random vs Random,1041,20261954,0,Random,Random,south,commander_capture,94,True,False,0
Random vs Random,1041,20261954,1,Random,Random,,ply_limit,512,False,True,0
Random vs Random,1042,20261955,0,Random,Random,north,commander_capture,65,True,False,0
Random vs Random,1042,20261955,1,Random,Random,,ply_limit,512,False,True,0
Random vs Random,1043,20261956,0,Random,Random,north,commander_capture,165,True,False,0
Random vs Random,1043,20261956,1,Random,Random,south,commander_capture,54,True,False,0
Random vs Random,1044,20261957,0,Random,Random,north,commander_capture,99,True,False,0
Random vs Random,1044,20261957,1,Random,Random,,ply_limit,512,False,True,0
Random vs Random,1045,20261958,0,Random,Random,south,commander_capture,76,True,False,0
Random vs Random,1045,20261958,1,Random,Random,north,commander_capture,125,True,False,0
Random vs Random,1046,20261959,0,Random,Random,north,commander_capture,95,True,False,0
Random vs Random,1046,20261959,1,Random,Random,south,commander_capture,96,True,False,0
Random vs Random,1047,20261960,0,Random,Random,south,commander_capture,112,True,False,0
Random vs Random,1047,20261960,1,Random,Random,north,commander_capture,75,True,False,0
Random vs Random,1048,20261961,0,Random,Random,south,commander_capture,186,True,False,0
Random vs Random,1048,20261961,1,Random,Random,north,commander_capture,199,True,False,0
Random vs Random,1049,20261962,0,Random,Random,south,commander_capture,60,True,False,0
Random vs Random,1049,20261962,1,Random,Random,north,commander_capture,121,True,False,0
Random vs Random,1050,20261963,0,Random,Random,north,commander_capture,119,True,False,0
Random vs Random,1050,20261963,1,Random,Random,north,commander_capture,69,True,False,0
Random vs Random,1051,20261964,0,Random,Random,north,commander_capture,91,True,False,0
Random vs Random,1051,20261964,1,Random,Random,north,commander_capture,85,True,False,0
Random vs Random,1052,20261965,0,Random,Random,south,commander_capture,116,True,False,0
Random vs Random,1052,20261965,1,Random,Random,south,commander_capture,30,True,False,0
Random vs Random,1053,20261966,0,Random,Random,north,commander_capture,53,True,False,0
Random vs Random,1053,20261966,1,Random,Random,,ply_limit,512,False,True,0
Random vs Random,1054,20261967,0,Random,Random,,ply_limit,512,False,True,0
Random vs Random,1054,20261967,1,Random,Random,north,commander_capture,83,True,False,0
Random vs Random,1055,20261968,0,Random,Random,north,commander_capture,77,True,False,0
Random vs Random,1055,20261968,1,Random,Random,north,commander_capture,69,True,False,0
Random vs Random,1056,20261969,0,Random,Random,south,commander_capture,100,True,False,0
Random vs Random,1056,20261969,1,Random,Random,north,commander_capture,89,True,False,0
Random vs Random,1057,20261970,0,Random,Random,south,commander_capture,94,True,False,0
Random vs Random,1057,20261970,1,Random,Random,south,commander_capture,112,True,False,0
Random vs Random,1058,20261971,0,Random,Random,north,commander_capture,79,True,False,0
Random vs Random,1058,20261971,1,Random,Random,south,commander_capture,70,True,False,0
Random vs Random,1059,20261972,0,Random,Random,south,commander_capture,88,True,False,0
Random vs Random,1059,20261972,1,Random,Random,south,commander_capture,94,True,False,0
Random vs Random,1060,20261973,0,Random,Random,,ply_limit,512,False,True,0
Random vs Random,1060,20261973,1,Random,Random,south,commander_capture,150,True,False,0
Random vs Random,1061,20261974,0,Random,Random,north,commander_capture,119,True,False,0
Random vs Random,1061,20261974,1,Random,Random,,ply_limit,512,False,True,0
Random vs Random,1062,20261975,0,Random,Random,north,commander_capture,101,True,False,0
Random vs Random,1062,20261975,1,Random,Random,south,commander_capture,128,True,False,0
Random vs Random,1063,20261976,0,Random,Random,south,commander_capture,148,True,False,0
Random vs Random,1063,20261976,1,Random,Random,north,commander_capture,75,True,False,0
Random vs Random,1064,20261977,0,Random,Random,south,commander_capture,66,True,False,0
Random vs Random,1064,20261977,1,Random,Random,north,commander_capture,293,True,False,0
Random vs Random,1065,20261978,0,Random,Random,south,commander_capture,128,True,False,0
Random vs Random,1065,20261978,1,Random,Random,north,commander_capture,139,True,False,0
Random vs Random,1066,20261979,0,Random,Random,south,commander_capture,222,True,False,0
Random vs Random,1066,20261979,1,Random,Random,north,commander_capture,169,True,False,0
Random vs Random,1067,20261980,0,Random,Random,north,commander_capture,157,True,False,0
Random vs Random,1067,20261980,1,Random,Random,north,commander_capture,91,True,False,0
Random vs Random,1068,20261981,0,Random,Random,south,commander_capture,80,True,False,0
Random vs Random,1068,20261981,1,Random,Random,north,commander_capture,73,True,False,0
Random vs Random,1069,20261982,0,Random,Random,south,commander_capture,130,True,False,0
Random vs Random,1069,20261982,1,Random,Random,,ply_limit,512,False,True,0
Random vs Random,1070,20261983,0,Random,Random,south,commander_capture,106,True,False,0
Random vs Random,1070,20261983,1,Random,Random,north,commander_capture,59,True,False,0
Random vs Random,1071,20261984,0,Random,Random,north,commander_capture,157,True,False,0
Random vs Random,1071,20261984,1,Random,Random,north,commander_capture,149,True,False,0
Random vs Random,1072,20261985,0,Random,Random,south,commander_capture,124,True,False,0
Random vs Random,1072,20261985,1,Random,Random,south,commander_capture,124,True,False,0
Random vs Random,1073,20261986,0,Random,Random,south,commander_capture,54,True,False,0
Random vs Random,1073,20261986,1,Random,Random,south,commander_capture,84,True,False,0
Random vs Random,1074,20261987,0,Random,Random,south,commander_capture,112,True,False,0
Random vs Random,1074,20261987,1,Random,Random,north,commander_capture,51,True,False,0
Random vs Random,1075,20261988,0,Random,Random,north,commander_capture,29,True,False,0
Random vs Random,1075,20261988,1,Random,Random,north,commander_capture,129,True,False,0
Random vs Random,1076,20261989,0,Random,Random,north,commander_capture,165,True,False,0
Random vs Random,1076,20261989,1,Random,Random,south,commander_capture,190,True,False,0
Random vs Random,1077,20261990,0,Random,Random,south,commander_capture,104,True,False,0
Random vs Random,1077,20261990,1,Random,Random,,ply_limit,512,False,True,0
Random vs Random,1078,20261991,0,Random,Random,south,commander_capture,138,True,False,0
Random vs Random,1078,20261991,1,Random,Random,north,commander_capture,55,True,False,0
Random vs Random,1079,20261992,0,Random,Random,north,commander_capture,119,True,False,0
Random vs Random,1079,20261992,1,Random,Random,north,commander_capture,59,True,False,0
Random vs Random,1080,20261993,0,Random,Random,,ply_limit,512,False,True,0
Random vs Random,1080,20261993,1,Random,Random,south,commander_capture,140,True,False,0
Random vs Random,1081,20261994,0,Random,Random,north,commander_capture,221,True,False,0
Random vs Random,1081,20261994,1,Random,Random,south,commander_capture,34,True,False,0
Random vs Random,1082,20261995,0,Random,Random,south,commander_capture,118,True,False,0
Random vs Random,1082,20261995,1,Random,Random,north,commander_capture,105,True,False,0
Random vs Random,1083,20261996,0,Random,Random,,ply_limit,512,False,True,0
Random vs Random,1083,20261996,1,Random,Random,north,commander_capture,233,True,False,0
Random vs Random,1084,20261997,0,Random,Random,south,commander_capture,134,True,False,0
Random vs Random,1084,20261997,1,Random,Random,,ply_limit,512,False,True,0
Random vs Random,1085,20261998,0,Random,Random,south,commander_capture,30,True,False,0
Random vs Random,1085,20261998,1,Random,Random,north,commander_capture,57,True,False,0
Random vs Random,1086,20261999,0,Random,Random,south,commander_capture,166,True,False,0
Random vs Random,1086,20261999,1,Random,Random,south,commander_capture,210,True,False,0
Random vs Random,1087,20262000,0,Random,Random,north,commander_capture,115,True,False,0
Random vs Random,1087,20262000,1,Random,Random,south,commander_capture,48,True,False,0
Random vs Random,1088,20262001,0,Random,Random,,ply_limit,512,False,True,0
Random vs Random,1088,20262001,1,Random,Random,,ply_limit,512,False,True,0
Random vs Random,1089,20262002,0,Random,Random,south,commander_capture,82,True,False,0
Random vs Random,1089,20262002,1,Random,Random,north,commander_capture,123,True,False,0
Random vs Random,1090,20262003,0,Random,Random,north,commander_capture,171,True,False,0
Random vs Random,1090,20262003,1,Random,Random,south,commander_capture,62,True,False,0
Random vs Random,1091,20262004,0,Random,Random,north,commander_capture,107,True,False,0
Random vs Random,1091,20262004,1,Random,Random,north,commander_capture,101,True,False,0
Random vs Random,1092,20262005,0,Random,Random,south,commander_capture,126,True,False,0
Random vs Random,1092,20262005,1,Random,Random,,ply_limit,512,False,True,0
Random vs Random,1093,20262006,0,Random,Random,south,commander_capture,98,True,False,0
Random vs Random,1093,20262006,1,Random,Random,,ply_limit,512,False,True,0
Random vs Random,1094,20262007,0,Random,Random,south,commander_capture,94,True,False,0
Random vs Random,1094,20262007,1,Random,Random,north,commander_capture,105,True,False,0
Random vs Random,1095,20262008,0,Random,Random,,ply_limit,512,False,True,0
Random vs Random,1095,20262008,1,Random,Random,south,commander_capture,160,True,False,0
Random vs Random,1096,20262009,0,Random,Random,south,commander_capture,134,True,False,0
Random vs Random,1096,20262009,1,Random,Random,south,commander_capture,70,True,False,0
Random vs Random,1097,20262010,0,Random,Random,south,commander_capture,80,True,False,0
Random vs Random,1097,20262010,1,Random,Random,south,commander_capture,92,True,False,0
Random vs Random,1098,20262011,0,Random,Random,south,commander_capture,106,True,False,0
Random vs Random,1098,20262011,1,Random,Random,south,commander_capture,102,True,False,0
Random vs Random,1099,20262012,0,Random,Random,south,commander_capture,76,True,False,0
Random vs Random,1099,20262012,1,Random,Random,north,commander_capture,129,True,False,0
Random vs Random,1100,20262013,0,Random,Random,south,commander_capture,194,True,False,0
Random vs Random,1100,20262013,1,Random,Random,south,commander_capture,50,True,False,0
Random vs Random,1101,20262014,0,Random,Random,south,commander_capture,108,True,False,0
Random vs Random,1101,20262014,1,Random,Random,south,commander_capture,46,True,False,0
Random vs Random,1102,20262015,0,Random,Random,south,commander_capture,96,True,False,0
Random vs Random,1102,20262015,1,Random,Random,north,commander_capture,97,True,False,0
Random vs Random,1103,20262016,0,Random,Random,south,commander_capture,52,True,False,0
Random vs Random,1103,20262016,1,Random,Random,north,commander_capture,99,True,False,0
Random vs Random,1104,20262017,0,Random,Random,south,commander_capture,70,True,False,0
Random vs Random,1104,20262017,1,Random,Random,north,commander_capture,99,True,False,0
Random vs Random,1105,20262018,0,Random,Random,north,commander_capture,159,True,False,0
Random vs Random,1105,20262018,1,Random,Random,south,commander_capture,40,True,False,0
Random vs Random,1106,20262019,0,Random,Random,south,commander_capture,120,True,False,0
Random vs Random,1106,20262019,1,Random,Random,,ply_limit,512,False,True,0
Random vs Random,1107,20262020,0,Random,Random,south,commander_capture,64,True,False,0
Random vs Random,1107,20262020,1,Random,Random,south,commander_capture,16,True,False,0
Random vs Random,1108,20262021,0,Random,Random,south,commander_capture,78,True,False,0
Random vs Random,1108,20262021,1,Random,Random,north,commander_capture,137,True,False,0
Random vs Random,1109,20262022,0,Random,Random,north,commander_capture,103,True,False,0
Random vs Random,1109,20262022,1,Random,Random,south,commander_capture,92,True,False,0
Random vs Random,1110,20262023,0,Random,Random,north,commander_capture,85,True,False,0
Random vs Random,1110,20262023,1,Random,Random,south,commander_capture,158,True,False,0
Random vs Random,1111,20262024,0,Random,Random,south,commander_capture,134,True,False,0
Random vs Random,1111,20262024,1,Random,Random,south,commander_capture,114,True,False,0
Random vs Random,1112,20262025,0,Random,Random,north,commander_capture,77,True,False,0
Random vs Random,1112,20262025,1,Random,Random,north,commander_capture,47,True,False,0
Random vs Random,1113,20262026,0,Random,Random,north,commander_capture,45,True,False,0
Random vs Random,1113,20262026,1,Random,Random,south,commander_capture,68,True,False,0
Random vs Random,1114,20262027,0,Random,Random,south,commander_capture,80,True,False,0
Random vs Random,1114,20262027,1,Random,Random,south,commander_capture,198,True,False,0
Random vs Random,1115,20262028,0,Random,Random,north,commander_capture,193,True,False,0
Random vs Random,1115,20262028,1,Random,Random,north,commander_capture,87,True,False,0
Random vs Random,1116,20262029,0,Random,Random,north,commander_capture,99,True,False,0
Random vs Random,1116,20262029,1,Random,Random,north,commander_capture,49,True,False,0
Random vs Random,1117,20262030,0,Random,Random,north,commander_capture,123,True,False,0
Random vs Random,1117,20262030,1,Random,Random,south,commander_capture,118,True,False,0
Random vs Random,1118,20262031,0,Random,Random,north,commander_capture,163,True,False,0
Random vs Random,1118,20262031,1,Random,Random,north,commander_capture,109,True,False,0
Random vs Random,1119,20262032,0,Random,Random,south,commander_capture,98,True,False,0
Random vs Random,1119,20262032,1,Random,Random,south,commander_capture,166,True,False,0
Random vs Random,1120,20262033,0,Random,Random,south,commander_capture,88,True,False,0
Random vs Random,1120,20262033,1,Random,Random,,ply_limit,512,False,True,0
Random vs Random,1121,20262034,0,Random,Random,north,commander_capture,111,True,False,0
Random vs Random,1121,20262034,1,Random,Random,south,commander_capture,148,True,False,0
Random vs Random,1122,20262035,0,Random,Random,north,commander_capture,111,True,False,0
Random vs Random,1122,20262035,1,Random,Random,south,commander_capture,134,True,False,0
Random vs Random,1123,20262036,0,Random,Random,north,commander_capture,369,True,False,0
Random vs Random,1123,20262036,1,Random,Random,south,commander_capture,62,True,False,0
Random vs Random,1124,20262037,0,Random,Random,north,commander_capture,117,True,False,0
Random vs Random,1124,20262037,1,Random,Random,north,commander_capture,137,True,False,0
Random vs Random,1125,20262038,0,Random,Random,,ply_limit,512,False,True,0
Random vs Random,1125,20262038,1,Random,Random,south,commander_capture,118,True,False,0
Random vs Random,1126,20262039,0,Random,Random,south,commander_capture,68,True,False,0
Random vs Random,1126,20262039,1,Random,Random,north,commander_capture,43,True,False,0
Random vs Random,1127,20262040,0,Random,Random,north,commander_capture,215,True,False,0
Random vs Random,1127,20262040,1,Random,Random,south,commander_capture,148,True,False,0
Random vs Random,1128,20262041,0,Random,Random,,ply_limit,512,False,True,0
Random vs Random,1128,20262041,1,Random,Random,south,commander_capture,74,True,False,0
Random vs Random,1129,20262042,0,Random,Random,north,commander_capture,179,True,False,0
Random vs Random,1129,20262042,1,Random,Random,north,commander_capture,255,True,False,0
Random vs Random,1130,20262043,0,Random,Random,south,commander_capture,76,True,False,0
Random vs Random,1130,20262043,1,Random,Random,north,commander_capture,129,True,False,0
Random vs Random,1131,20262044,0,Random,Random,north,commander_capture,121,True,False,0
Random vs Random,1131,20262044,1,Random,Random,north,commander_capture,259,True,False,0
Random vs Random,1132,20262045,0,Random,Random,south,commander_capture,206,True,False,0
Random vs Random,1132,20262045,1,Random,Random,north,commander_capture,145,True,False,0
Random vs Random,1133,20262046,0,Random,Random,south,commander_capture,158,True,False,0
Random vs Random,1133,20262046,1,Random,Random,south,commander_capture,64,True,False,0
Random vs Random,1134,20262047,0,Random,Random,north,commander_capture,143,True,False,0
Random vs Random,1134,20262047,1,Random,Random,north,commander_capture,77,True,False,0
Random vs Random,1135,20262048,0,Random,Random,south,commander_capture,188,True,False,0
Random vs Random,1135,20262048,1,Random,Random,north,commander_capture,37,True,False,0
Random vs Random,1136,20262049,0,Random,Random,,ply_limit,512,False,True,0
Random vs Random,1136,20262049,1,Random,Random,north,commander_capture,45,True,False,0
Random vs Random,1137,20262050,0,Random,Random,,ply_limit,512,False,True,0
Random vs Random,1137,20262050,1,Random,Random,south,commander_capture,112,True,False,0
Random vs Random,1138,20262051,0,Random,Random,south,commander_capture,324,True,False,0
Random vs Random,1138,20262051,1,Random,Random,south,commander_capture,14,True,False,0
Random vs Random,1139,20262052,0,Random,Random,south,commander_capture,164,True,False,0
Random vs Random,1139,20262052,1,Random,Random,south,commander_capture,232,True,False,0
Random vs Random,1140,20262053,0,Random,Random,north,commander_capture,129,True,False,0
Random vs Random,1140,20262053,1,Random,Random,north,commander_capture,43,True,False,0
Random vs Random,1141,20262054,0,Random,Random,south,commander_capture,150,True,False,0
Random vs Random,1141,20262054,1,Random,Random,south,commander_capture,116,True,False,0
Random vs Random,1142,20262055,0,Random,Random,north,commander_capture,161,True,False,0
Random vs Random,1142,20262055,1,Random,Random,north,commander_capture,19,True,False,0
Random vs Random,1143,20262056,0,Random,Random,south,commander_capture,102,True,False,0
Random vs Random,1143,20262056,1,Random,Random,south,commander_capture,62,True,False,0
Random vs Random,1144,20262057,0,Random,Random,north,commander_capture,55,True,False,0
Random vs Random,1144,20262057,1,Random,Random,north,commander_capture,51,True,False,0
Random vs Random,1145,20262058,0,Random,Random,north,commander_capture,69,True,False,0
Random vs Random,1145,20262058,1,Random,Random,south,commander_capture,142,True,False,0
Random vs Random,1146,20262059,0,Random,Random,,ply_limit,512,False,True,0
Random vs Random,1146,20262059,1,Random,Random,south,commander_capture,68,True,False,0
Random vs Random,1147,20262060,0,Random,Random,north,commander_capture,105,True,False,0
Random vs Random,1147,20262060,1,Random,Random,south,commander_capture,100,True,False,0
Random vs Random,1148,20262061,0,Random,Random,north,commander_capture,95,True,False,0
Random vs Random,1148,20262061,1,Random,Random,south,commander_capture,138,True,False,0
Random vs Random,1149,20262062,0,Random,Random,south,commander_capture,74,True,False,0
Random vs Random,1149,20262062,1,Random,Random,north,commander_capture,153,True,False,0
Random vs Random,1150,20262063,0,Random,Random,south,commander_capture,84,True,False,0
Random vs Random,1150,20262063,1,Random,Random,south,commander_capture,42,True,False,0
Random vs Random,1151,20262064,0,Random,Random,,ply_limit,512,False,True,0
Random vs Random,1151,20262064,1,Random,Random,north,commander_capture,137,True,False,0
Random vs Random,1152,20262065,0,Random,Random,north,commander_capture,217,True,False,0
Random vs Random,1152,20262065,1,Random,Random,north,commander_capture,115,True,False,0
Random vs Random,1153,20262066,0,Random,Random,north,commander_capture,91,True,False,0
Random vs Random,1153,20262066,1,Random,Random,south,commander_capture,148,True,False,0
Random vs Random,1154,20262067,0,Random,Random,north,commander_capture,173,True,False,0
Random vs Random,1154,20262067,1,Random,Random,south,commander_capture,92,True,False,0
Random vs Random,1155,20262068,0,Random,Random,,ply_limit,512,False,True,0
Random vs Random,1155,20262068,1,Random,Random,south,commander_capture,192,True,False,0
Random vs Random,1156,20262069,0,Random,Random,north,commander_capture,95,True,False,0
Random vs Random,1156,20262069,1,Random,Random,north,commander_capture,103,True,False,0
Random vs Random,1157,20262070,0,Random,Random,,ply_limit,512,False,True,0
Random vs Random,1157,20262070,1,Random,Random,north,commander_capture,45,True,False,0
Random vs Random,1158,20262071,0,Random,Random,north,commander_capture,35,True,False,0
Random vs Random,1158,20262071,1,Random,Random,south,commander_capture,66,True,False,0
Random vs Random,1159,20262072,0,Random,Random,south,commander_capture,124,True,False,0
Random vs Random,1159,20262072,1,Random,Random,,ply_limit,512,False,True,0
Random vs Random,1160,20262073,0,Random,Random,north,commander_capture,57,True,False,0
Random vs Random,1160,20262073,1,Random,Random,south,commander_capture,202,True,False,0
Random vs Random,1161,20262074,0,Random,Random,south,commander_capture,118,True,False,0
Random vs Random,1161,20262074,1,Random,Random,north,commander_capture,121,True,False,0
Random vs Random,1162,20262075,0,Random,Random,north,commander_capture,71,True,False,0
Random vs Random,1162,20262075,1,Random,Random,north,commander_capture,91,True,False,0
Random vs Random,1163,20262076,0,Random,Random,north,commander_capture,59,True,False,0
Random vs Random,1163,20262076,1,Random,Random,south,commander_capture,68,True,False,0
Random vs Random,1164,20262077,0,Random,Random,south,commander_capture,82,True,False,0
Random vs Random,1164,20262077,1,Random,Random,north,commander_capture,125,True,False,0
Random vs Random,1165,20262078,0,Random,Random,north,commander_capture,91,True,False,0
Random vs Random,1165,20262078,1,Random,Random,south,commander_capture,54,True,False,0
Random vs Random,1166,20262079,0,Random,Random,south,commander_capture,80,True,False,0
Random vs Random,1166,20262079,1,Random,Random,south,commander_capture,190,True,False,0
Random vs Random,1167,20262080,0,Random,Random,south,commander_capture,164,True,False,0
Random vs Random,1167,20262080,1,Random,Random,north,commander_capture,145,True,False,0
Random vs Random,1168,20262081,0,Random,Random,south,commander_capture,110,True,False,0
Random vs Random,1168,20262081,1,Random,Random,,ply_limit,512,False,True,0
Random vs Random,1169,20262082,0,Random,Random,north,commander_capture,135,True,False,0
Random vs Random,1169,20262082,1,Random,Random,,ply_limit,512,False,True,0
Random vs Random,1170,20262083,0,Random,Random,north,commander_capture,77,True,False,0
Random vs Random,1170,20262083,1,Random,Random,,ply_limit,512,False,True,0
Random vs Random,1171,20262084,0,Random,Random,,ply_limit,512,False,True,0
Random vs Random,1171,20262084,1,Random,Random,north,commander_capture,125,True,False,0
Random vs Random,1172,20262085,0,Random,Random,north,commander_capture,43,True,False,0
Random vs Random,1172,20262085,1,Random,Random,south,commander_capture,88,True,False,0
Random vs Random,1173,20262086,0,Random,Random,south,commander_capture,204,True,False,0
Random vs Random,1173,20262086,1,Random,Random,south,commander_capture,78,True,False,0
Random vs Random,1174,20262087,0,Random,Random,north,commander_capture,127,True,False,0
Random vs Random,1174,20262087,1,Random,Random,north,commander_capture,93,True,False,0
Random vs Random,1175,20262088,0,Random,Random,north,commander_capture,255,True,False,0
Random vs Random,1175,20262088,1,Random,Random,north,commander_capture,37,True,False,0
Random vs Random,1176,20262089,0,Random,Random,north,commander_capture,75,True,False,0
Random vs Random,1176,20262089,1,Random,Random,,ply_limit,512,False,True,0
Random vs Random,1177,20262090,0,Random,Random,south,commander_capture,96,True,False,0
Random vs Random,1177,20262090,1,Random,Random,south,commander_capture,92,True,False,0
Random vs Random,1178,20262091,0,Random,Random,south,commander_capture,138,True,False,0
Random vs Random,1178,20262091,1,Random,Random,south,commander_capture,34,True,False,0
Random vs Random,1179,20262092,0,Random,Random,south,commander_capture,196,True,False,0
Random vs Random,1179,20262092,1,Random,Random,south,commander_capture,178,True,False,0
Random vs Random,1180,20262093,0,Random,Random,south,commander_capture,48,True,False,0
Random vs Random,1180,20262093,1,Random,Random,south,commander_capture,74,True,False,0
Random vs Random,1181,20262094,0,Random,Random,north,commander_capture,111,True,False,0
Random vs Random,1181,20262094,1,Random,Random,north,commander_capture,167,True,False,0
Random vs Random,1182,20262095,0,Random,Random,south,commander_capture,96,True,False,0
Random vs Random,1182,20262095,1,Random,Random,south,commander_capture,138,True,False,0
Random vs Random,1183,20262096,0,Random,Random,south,commander_capture,206,True,False,0
Random vs Random,1183,20262096,1,Random,Random,north,commander_capture,95,True,False,0
Random vs Random,1184,20262097,0,Random,Random,south,commander_capture,98,True,False,0
Random vs Random,1184,20262097,1,Random,Random,south,commander_capture,46,True,False,0
Random vs Random,1185,20262098,0,Random,Random,north,commander_capture,119,True,False,0
Random vs Random,1185,20262098,1,Random,Random,draw,threefold_repetition,425,True,False,0
Random vs Random,1186,20262099,0,Random,Random,south,commander_capture,68,True,False,0
Random vs Random,1186,20262099,1,Random,Random,north,commander_capture,101,True,False,0
Random vs Random,1187,20262100,0,Random,Random,north,commander_capture,51,True,False,0
Random vs Random,1187,20262100,1,Random,Random,south,commander_capture,132,True,False,0
Random vs Random,1188,20262101,0,Random,Random,south,commander_capture,130,True,False,0
Random vs Random,1188,20262101,1,Random,Random,south,commander_capture,98,True,False,0
Random vs Random,1189,20262102,0,Random,Random,south,commander_capture,52,True,False,0
Random vs Random,1189,20262102,1,Random,Random,south,commander_capture,114,True,False,0
Random vs Random,1190,20262103,0,Random,Random,north,commander_capture,119,True,False,0
Random vs Random,1190,20262103,1,Random,Random,south,commander_capture,28,True,False,0
Random vs Random,1191,20262104,0,Random,Random,north,commander_capture,73,True,False,0
Random vs Random,1191,20262104,1,Random,Random,,ply_limit,512,False,True,0
Random vs Random,1192,20262105,0,Random,Random,south,commander_capture,78,True,False,0
Random vs Random,1192,20262105,1,Random,Random,north,commander_capture,177,True,False,0
Random vs Random,1193,20262106,0,Random,Random,south,commander_capture,116,True,False,0
Random vs Random,1193,20262106,1,Random,Random,south,commander_capture,82,True,False,0
Random vs Random,1194,20262107,0,Random,Random,south,commander_capture,84,True,False,0
Random vs Random,1194,20262107,1,Random,Random,south,commander_capture,146,True,False,0
Random vs Random,1195,20262108,0,Random,Random,north,commander_capture,69,True,False,0
Random vs Random,1195,20262108,1,Random,Random,,ply_limit,512,False,True,0
Random vs Random,1196,20262109,0,Random,Random,north,commander_capture,109,True,False,0
Random vs Random,1196,20262109,1,Random,Random,north,commander_capture,141,True,False,0
Random vs Random,1197,20262110,0,Random,Random,south,commander_capture,24,True,False,0
Random vs Random,1197,20262110,1,Random,Random,north,commander_capture,73,True,False,0
Random vs Random,1198,20262111,0,Random,Random,south,commander_capture,102,True,False,0
Random vs Random,1198,20262111,1,Random,Random,north,commander_capture,109,True,False,0
Random vs Random,1199,20262112,0,Random,Random,south,commander_capture,224,True,False,0
Random vs Random,1199,20262112,1,Random,Random,south,commander_capture,56,True,False,0
Random vs Random,1200,20262113,0,Random,Random,south,commander_capture,70,True,False,0
Random vs Random,1200,20262113,1,Random,Random,,ply_limit,512,False,True,0
Random vs Random,1201,20262114,0,Random,Random,south,commander_capture,70,True,False,0
Random vs Random,1201,20262114,1,Random,Random,north,commander_capture,81,True,False,0
Random vs Random,1202,20262115,0,Random,Random,south,commander_capture,112,True,False,0
Random vs Random,1202,20262115,1,Random,Random,,ply_limit,512,False,True,0
Random vs Random,1203,20262116,0,Random,Random,south,commander_capture,114,True,False,0
Random vs Random,1203,20262116,1,Random,Random,north,commander_capture,33,True,False,0
Random vs Random,1204,20262117,0,Random,Random,south,commander_capture,76,True,False,0
Random vs Random,1204,20262117,1,Random,Random,,ply_limit,512,False,True,0
Random vs Random,1205,20262118,0,Random,Random,south,commander_capture,154,True,False,0
Random vs Random,1205,20262118,1,Random,Random,south,commander_capture,100,True,False,0
Random vs Random,1206,20262119,0,Random,Random,south,commander_capture,52,True,False,0
Random vs Random,1206,20262119,1,Random,Random,south,commander_capture,208,True,False,0
Random vs Random,1207,20262120,0,Random,Random,south,commander_capture,96,True,False,0
Random vs Random,1207,20262120,1,Random,Random,south,commander_capture,144,True,False,0
Random vs Random,1208,20262121,0,Random,Random,north,commander_capture,35,True,False,0
Random vs Random,1208,20262121,1,Random,Random,south,commander_capture,174,True,False,0
Random vs Random,1209,20262122,0,Random,Random,south,commander_capture,98,True,False,0
Random vs Random,1209,20262122,1,Random,Random,north,commander_capture,57,True,False,0
Random vs Random,1210,20262123,0,Random,Random,north,commander_capture,57,True,False,0
Random vs Random,1210,20262123,1,Random,Random,north,commander_capture,59,True,False,0
Random vs Random,1211,20262124,0,Random,Random,north,commander_capture,55,True,False,0
Random vs Random,1211,20262124,1,Random,Random,north,commander_capture,137,True,False,0
Random vs Random,1212,20262125,0,Random,Random,south,commander_capture,282,True,False,0
Random vs Random,1212,20262125,1,Random,Random,south,commander_capture,120,True,False,0
Random vs Random,1213,20262126,0,Random,Random,south,commander_capture,140,True,False,0
Random vs Random,1213,20262126,1,Random,Random,north,commander_capture,291,True,False,0
Random vs Random,1214,20262127,0,Random,Random,south,commander_capture,90,True,False,0
Random vs Random,1214,20262127,1,Random,Random,north,commander_capture,87,True,False,0
Random vs Random,1215,20262128,0,Random,Random,south,commander_capture,96,True,False,0
Random vs Random,1215,20262128,1,Random,Random,north,commander_capture,73,True,False,0
Random vs Random,1216,20262129,0,Random,Random,north,commander_capture,149,True,False,0
Random vs Random,1216,20262129,1,Random,Random,,ply_limit,512,False,True,0
Random vs Random,1217,20262130,0,Random,Random,,ply_limit,512,False,True,0
Random vs Random,1217,20262130,1,Random,Random,,ply_limit,512,False,True,0
Random vs Random,1218,20262131,0,Random,Random,north,commander_capture,133,True,False,0
Random vs Random,1218,20262131,1,Random,Random,north,commander_capture,105,True,False,0
Random vs Random,1219,20262132,0,Random,Random,north,commander_capture,73,True,False,0
Random vs Random,1219,20262132,1,Random,Random,north,commander_capture,141,True,False,0
Random vs Random,1220,20262133,0,Random,Random,north,commander_capture,123,True,False,0
Random vs Random,1220,20262133,1,Random,Random,south,commander_capture,54,True,False,0
Random vs Random,1221,20262134,0,Random,Random,north,commander_capture,129,True,False,0
Random vs Random,1221,20262134,1,Random,Random,north,commander_capture,203,True,False,0
Random vs Random,1222,20262135,0,Random,Random,north,commander_capture,125,True,False,0
Random vs Random,1222,20262135,1,Random,Random,north,commander_capture,79,True,False,0
Random vs Random,1223,20262136,0,Random,Random,north,commander_capture,203,True,False,0
Random vs Random,1223,20262136,1,Random,Random,north,commander_capture,63,True,False,0
Random vs Random,1224,20262137,0,Random,Random,south,commander_capture,104,True,False,0
Random vs Random,1224,20262137,1,Random,Random,north,commander_capture,127,True,False,0
Random vs Random,1225,20262138,0,Random,Random,north,commander_capture,181,True,False,0
Random vs Random,1225,20262138,1,Random,Random,,ply_limit,512,False,True,0
Random vs Random,1226,20262139,0,Random,Random,south,commander_capture,104,True,False,0
Random vs Random,1226,20262139,1,Random,Random,north,commander_capture,37,True,False,0
Random vs Random,1227,20262140,0,Random,Random,south,commander_capture,164,True,False,0
Random vs Random,1227,20262140,1,Random,Random,south,commander_capture,90,True,False,0
Random vs Random,1228,20262141,0,Random,Random,north,commander_capture,73,True,False,0
Random vs Random,1228,20262141,1,Random,Random,south,commander_capture,142,True,False,0
Random vs Random,1229,20262142,0,Random,Random,north,commander_capture,55,True,False,0
Random vs Random,1229,20262142,1,Random,Random,south,commander_capture,106,True,False,0
Random vs Random,1230,20262143,0,Random,Random,south,commander_capture,74,True,False,0
Random vs Random,1230,20262143,1,Random,Random,south,commander_capture,74,True,False,0
Random vs Random,1231,20262144,0,Random,Random,south,commander_capture,60,True,False,0
Random vs Random,1231,20262144,1,Random,Random,south,commander_capture,58,True,False,0
Random vs Random,1232,20262145,0,Random,Random,south,commander_capture,152,True,False,0
Random vs Random,1232,20262145,1,Random,Random,north,commander_capture,85,True,False,0
Random vs Random,1233,20262146,0,Random,Random,north,commander_capture,113,True,False,0
Random vs Random,1233,20262146,1,Random,Random,south,commander_capture,86,True,False,0
Random vs Random,1234,20262147,0,Random,Random,,ply_limit,512,False,True,0
Random vs Random,1234,20262147,1,Random,Random,south,commander_capture,138,True,False,0
Random vs Random,1235,20262148,0,Random,Random,south,commander_capture,186,True,False,0
Random vs Random,1235,20262148,1,Random,Random,,ply_limit,512,False,True,0
Random vs Random,1236,20262149,0,Random,Random,south,commander_capture,92,True,False,0
Random vs Random,1236,20262149,1,Random,Random,south,commander_capture,112,True,False,0
Random vs Random,1237,20262150,0,Random,Random,south,commander_capture,140,True,False,0
Random vs Random,1237,20262150,1,Random,Random,north,commander_capture,109,True,False,0
Random vs Random,1238,20262151,0,Random,Random,north,commander_capture,31,True,False,0
Random vs Random,1238,20262151,1,Random,Random,north,commander_capture,95,True,False,0
Random vs Random,1239,20262152,0,Random,Random,,ply_limit,512,False,True,0
Random vs Random,1239,20262152,1,Random,Random,north,commander_capture,59,True,False,0
Random vs Random,1240,20262153,0,Random,Random,north,commander_capture,163,True,False,0
Random vs Random,1240,20262153,1,Random,Random,north,commander_capture,55,True,False,0
Random vs Random,1241,20262154,0,Random,Random,north,commander_capture,229,True,False,0
Random vs Random,1241,20262154,1,Random,Random,north,commander_capture,109,True,False,0
Random vs Random,1242,20262155,0,Random,Random,south,commander_capture,86,True,False,0
Random vs Random,1242,20262155,1,Random,Random,south,commander_capture,48,True,False,0
Random vs Random,1243,20262156,0,Random,Random,south,commander_capture,130,True,False,0
Random vs Random,1243,20262156,1,Random,Random,south,commander_capture,120,True,False,0
Random vs Random,1244,20262157,0,Random,Random,north,commander_capture,167,True,False,0
Random vs Random,1244,20262157,1,Random,Random,north,commander_capture,63,True,False,0
Random vs Random,1245,20262158,0,Random,Random,south,commander_capture,130,True,False,0
Random vs Random,1245,20262158,1,Random,Random,north,commander_capture,63,True,False,0
Random vs Random,1246,20262159,0,Random,Random,south,commander_capture,102,True,False,0
Random vs Random,1246,20262159,1,Random,Random,south,commander_capture,88,True,False,0
Random vs Random,1247,20262160,0,Random,Random,north,commander_capture,255,True,False,0
Random vs Random,1247,20262160,1,Random,Random,north,commander_capture,47,True,False,0
Random vs Random,1248,20262161,0,Random,Random,south,commander_capture,190,True,False,0
Random vs Random,1248,20262161,1,Random,Random,north,commander_capture,139,True,False,0
Random vs Random,1249,20262162,0,Random,Random,,ply_limit,512,False,True,0
Random vs Random,1249,20262162,1,Random,Random,north,commander_capture,97,True,False,0
Random vs Random,1250,20262163,0,Random,Random,north,commander_capture,61,True,False,0
Random vs Random,1250,20262163,1,Random,Random,north,commander_capture,85,True,False,0
Random vs Random,1251,20262164,0,Random,Random,north,commander_capture,135,True,False,0
Random vs Random,1251,20262164,1,Random,Random,south,commander_capture,120,True,False,0
Random vs Random,1252,20262165,0,Random,Random,north,commander_capture,87,True,False,0
Random vs Random,1252,20262165,1,Random,Random,south,commander_capture,92,True,False,0
Random vs Random,1253,20262166,0,Random,Random,north,commander_capture,127,True,False,0
Random vs Random,1253,20262166,1,Random,Random,south,commander_capture,52,True,False,0
Random vs Random,1254,20262167,0,Random,Random,south,commander_capture,82,True,False,0
Random vs Random,1254,20262167,1,Random,Random,north,commander_capture,107,True,False,0
Random vs Random,1255,20262168,0,Random,Random,north,commander_capture,79,True,False,0
Random vs Random,1255,20262168,1,Random,Random,north,commander_capture,159,True,False,0
Random vs Random,1256,20262169,0,Random,Random,north,commander_capture,33,True,False,0
Random vs Random,1256,20262169,1,Random,Random,,ply_limit,512,False,True,0
Random vs Random,1257,20262170,0,Random,Random,south,commander_capture,116,True,False,0
Random vs Random,1257,20262170,1,Random,Random,south,commander_capture,104,True,False,0
Random vs Random,1258,20262171,0,Random,Random,south,commander_capture,46,True,False,0
Random vs Random,1258,20262171,1,Random,Random,south,commander_capture,114,True,False,0
Random vs Random,1259,20262172,0,Random,Random,south,commander_capture,98,True,False,0
Random vs Random,1259,20262172,1,Random,Random,north,commander_capture,21,True,False,0
Random vs Random,1260,20262173,0,Random,Random,north,commander_capture,121,True,False,0
Random vs Random,1260,20262173,1,Random,Random,north,commander_capture,51,True,False,0
Random vs Random,1261,20262174,0,Random,Random,south,commander_capture,34,True,False,0
Random vs Random,1261,20262174,1,Random,Random,south,commander_capture,32,True,False,0
Random vs Random,1262,20262175,0,Random,Random,south,commander_capture,40,True,False,0
Random vs Random,1262,20262175,1,Random,Random,south,commander_capture,102,True,False,0
Random vs Random,1263,20262176,0,Random,Random,north,commander_capture,59,True,False,0
Random vs Random,1263,20262176,1,Random,Random,north,commander_capture,97,True,False,0
Random vs Random,1264,20262177,0,Random,Random,north,commander_capture,89,True,False,0
Random vs Random,1264,20262177,1,Random,Random,south,commander_capture,28,True,False,0
Random vs Random,1265,20262178,0,Random,Random,south,commander_capture,134,True,False,0
Random vs Random,1265,20262178,1,Random,Random,south,commander_capture,118,True,False,0
Random vs Random,1266,20262179,0,Random,Random,north,commander_capture,37,True,False,0
Random vs Random,1266,20262179,1,Random,Random,north,commander_capture,189,True,False,0
Random vs Random,1267,20262180,0,Random,Random,north,commander_capture,77,True,False,0
Random vs Random,1267,20262180,1,Random,Random,north,commander_capture,131,True,False,0
Random vs Random,1268,20262181,0,Random,Random,south,commander_capture,274,True,False,0
Random vs Random,1268,20262181,1,Random,Random,south,commander_capture,130,True,False,0
Random vs Random,1269,20262182,0,Random,Random,north,commander_capture,85,True,False,0
Random vs Random,1269,20262182,1,Random,Random,south,commander_capture,146,True,False,0
Random vs Random,1270,20262183,0,Random,Random,south,commander_capture,86,True,False,0
Random vs Random,1270,20262183,1,Random,Random,north,commander_capture,245,True,False,0
Random vs Random,1271,20262184,0,Random,Random,south,commander_capture,222,True,False,0
Random vs Random,1271,20262184,1,Random,Random,south,commander_capture,88,True,False,0
Random vs Random,1272,20262185,0,Random,Random,north,commander_capture,125,True,False,0
Random vs Random,1272,20262185,1,Random,Random,,ply_limit,512,False,True,0
Random vs Random,1273,20262186,0,Random,Random,north,commander_capture,71,True,False,0
Random vs Random,1273,20262186,1,Random,Random,south,commander_capture,80,True,False,0
Random vs Random,1274,20262187,0,Random,Random,south,commander_capture,166,True,False,0
Random vs Random,1274,20262187,1,Random,Random,north,commander_capture,77,True,False,0
Random vs Random,1275,20262188,0,Random,Random,south,commander_capture,110,True,False,0
Random vs Random,1275,20262188,1,Random,Random,north,commander_capture,75,True,False,0
Random vs Random,1276,20262189,0,Random,Random,north,commander_capture,49,True,False,0
Random vs Random,1276,20262189,1,Random,Random,north,commander_capture,89,True,False,0
Random vs Random,1277,20262190,0,Random,Random,south,commander_capture,146,True,False,0
Random vs Random,1277,20262190,1,Random,Random,south,commander_capture,120,True,False,0
Random vs Random,1278,20262191,0,Random,Random,north,commander_capture,89,True,False,0
Random vs Random,1278,20262191,1,Random,Random,,ply_limit,512,False,True,0
Random vs Random,1279,20262192,0,Random,Random,north,commander_capture,69,True,False,0
Random vs Random,1279,20262192,1,Random,Random,south,commander_capture,124,True,False,0
Random vs Random,1280,20262193,0,Random,Random,south,commander_capture,138,True,False,0
Random vs Random,1280,20262193,1,Random,Random,north,commander_capture,79,True,False,0
Random vs Random,1281,20262194,0,Random,Random,south,commander_capture,170,True,False,0
Random vs Random,1281,20262194,1,Random,Random,south,commander_capture,106,True,False,0
Random vs Random,1282,20262195,0,Random,Random,,ply_limit,512,False,True,0
Random vs Random,1282,20262195,1,Random,Random,south,commander_capture,98,True,False,0
Random vs Random,1283,20262196,0,Random,Random,south,commander_capture,74,True,False,0
Random vs Random,1283,20262196,1,Random,Random,north,commander_capture,33,True,False,0
Random vs Random,1284,20262197,0,Random,Random,south,commander_capture,166,True,False,0
Random vs Random,1284,20262197,1,Random,Random,north,commander_capture,119,True,False,0
Random vs Random,1285,20262198,0,Random,Random,south,commander_capture,56,True,False,0
Random vs Random,1285,20262198,1,Random,Random,south,commander_capture,132,True,False,0
Random vs Random,1286,20262199,0,Random,Random,north,commander_capture,85,True,False,0
Random vs Random,1286,20262199,1,Random,Random,north,commander_capture,179,True,False,0
Random vs Random,1287,20262200,0,Random,Random,north,commander_capture,87,True,False,0
Random vs Random,1287,20262200,1,Random,Random,south,commander_capture,82,True,False,0
Random vs Random,1288,20262201,0,Random,Random,north,commander_capture,63,True,False,0
Random vs Random,1288,20262201,1,Random,Random,north,commander_capture,119,True,False,0
Random vs Random,1289,20262202,0,Random,Random,south,commander_capture,170,True,False,0
Random vs Random,1289,20262202,1,Random,Random,north,commander_capture,143,True,False,0
Random vs Random,1290,20262203,0,Random,Random,south,commander_capture,66,True,False,0
Random vs Random,1290,20262203,1,Random,Random,south,commander_capture,178,True,False,0
Random vs Random,1291,20262204,0,Random,Random,south,commander_capture,44,True,False,0
Random vs Random,1291,20262204,1,Random,Random,south,commander_capture,142,True,False,0
Random vs Random,1292,20262205,0,Random,Random,south,commander_capture,24,True,False,0
Random vs Random,1292,20262205,1,Random,Random,north,commander_capture,103,True,False,0
Random vs Random,1293,20262206,0,Random,Random,south,commander_capture,94,True,False,0
Random vs Random,1293,20262206,1,Random,Random,south,commander_capture,110,True,False,0
Random vs Random,1294,20262207,0,Random,Random,north,commander_capture,109,True,False,0
Random vs Random,1294,20262207,1,Random,Random,north,commander_capture,79,True,False,0
Random vs Random,1295,20262208,0,Random,Random,north,commander_capture,141,True,False,0
Random vs Random,1295,20262208,1,Random,Random,south,commander_capture,50,True,False,0
Random vs Random,1296,20262209,0,Random,Random,south,commander_capture,116,True,False,0
Random vs Random,1296,20262209,1,Random,Random,north,commander_capture,147,True,False,0
Random vs Random,1297,20262210,0,Random,Random,south,commander_capture,30,True,False,0
Random vs Random,1297,20262210,1,Random,Random,south,commander_capture,146,True,False,0
Random vs Random,1298,20262211,0,Random,Random,north,commander_capture,87,True,False,0
Random vs Random,1298,20262211,1,Random,Random,south,commander_capture,158,True,False,0
Random vs Random,1299,20262212,0,Random,Random,south,commander_capture,212,True,False,0
Random vs Random,1299,20262212,1,Random,Random,north,commander_capture,115,True,False,0
Random vs Random,1300,20262213,0,Random,Random,north,commander_capture,147,True,False,0
Random vs Random,1300,20262213,1,Random,Random,north,commander_capture,101,True,False,0
Random vs Random,1301,20262214,0,Random,Random,south,commander_capture,60,True,False,0
Random vs Random,1301,20262214,1,Random,Random,south,commander_capture,126,True,False,0
Random vs Random,1302,20262215,0,Random,Random,south,commander_capture,48,True,False,0
Random vs Random,1302,20262215,1,Random,Random,south,commander_capture,70,True,False,0
Random vs Random,1303,20262216,0,Random,Random,north,commander_capture,59,True,False,0
Random vs Random,1303,20262216,1,Random,Random,north,commander_capture,123,True,False,0
Random vs Random,1304,20262217,0,Random,Random,north,commander_capture,119,True,False,0
Random vs Random,1304,20262217,1,Random,Random,south,commander_capture,92,True,False,0
Random vs Random,1305,20262218,0,Random,Random,south,commander_capture,92,True,False,0
Random vs Random,1305,20262218,1,Random,Random,,ply_limit,512,False,True,0
Random vs Random,1306,20262219,0,Random,Random,,ply_limit,512,False,True,0
Random vs Random,1306,20262219,1,Random,Random,south,commander_capture,224,True,False,0
Random vs Random,1307,20262220,0,Random,Random,south,commander_capture,244,True,False,0
Random vs Random,1307,20262220,1,Random,Random,north,commander_capture,131,True,False,0
Random vs Random,1308,20262221,0,Random,Random,south,commander_capture,122,True,False,0
Random vs Random,1308,20262221,1,Random,Random,south,commander_capture,82,True,False,0
Random vs Random,1309,20262222,0,Random,Random,north,commander_capture,69,True,False,0
Random vs Random,1309,20262222,1,Random,Random,north,commander_capture,35,True,False,0
Random vs Random,1310,20262223,0,Random,Random,south,commander_capture,62,True,False,0
Random vs Random,1310,20262223,1,Random,Random,north,commander_capture,97,True,False,0
Random vs Random,1311,20262224,0,Random,Random,,ply_limit,512,False,True,0
Random vs Random,1311,20262224,1,Random,Random,south,commander_capture,100,True,False,0
Random vs Random,1312,20262225,0,Random,Random,north,commander_capture,73,True,False,0
Random vs Random,1312,20262225,1,Random,Random,north,commander_capture,45,True,False,0
Random vs Random,1313,20262226,0,Random,Random,north,commander_capture,75,True,False,0
Random vs Random,1313,20262226,1,Random,Random,north,commander_capture,151,True,False,0
Random vs Random,1314,20262227,0,Random,Random,,ply_limit,512,False,True,0
Random vs Random,1314,20262227,1,Random,Random,north,commander_capture,147,True,False,0
Random vs Random,1315,20262228,0,Random,Random,north,commander_capture,121,True,False,0
Random vs Random,1315,20262228,1,Random,Random,south,commander_capture,120,True,False,0
Random vs Random,1316,20262229,0,Random,Random,north,commander_capture,73,True,False,0
Random vs Random,1316,20262229,1,Random,Random,south,commander_capture,122,True,False,0
Random vs Random,1317,20262230,0,Random,Random,north,commander_capture,143,True,False,0
Random vs Random,1317,20262230,1,Random,Random,south,commander_capture,300,True,False,0
Random vs Random,1318,20262231,0,Random,Random,north,commander_capture,133,True,False,0
Random vs Random,1318,20262231,1,Random,Random,south,commander_capture,80,True,False,0
Random vs Random,1319,20262232,0,Random,Random,north,commander_capture,61,True,False,0
Random vs Random,1319,20262232,1,Random,Random,north,commander_capture,105,True,False,0
Random vs Random,1320,20262233,0,Random,Random,north,commander_capture,145,True,False,0
Random vs Random,1320,20262233,1,Random,Random,south,commander_capture,112,True,False,0
Random vs Random,1321,20262234,0,Random,Random,north,commander_capture,81,True,False,0
Random vs Random,1321,20262234,1,Random,Random,south,commander_capture,112,True,False,0
Random vs Random,1322,20262235,0,Random,Random,north,commander_capture,113,True,False,0
Random vs Random,1322,20262235,1,Random,Random,south,commander_capture,132,True,False,0
Random vs Random,1323,20262236,0,Random,Random,north,commander_capture,55,True,False,0
Random vs Random,1323,20262236,1,Random,Random,north,commander_capture,169,True,False,0
Random vs Random,1324,20262237,0,Random,Random,north,commander_capture,89,True,False,0
Random vs Random,1324,20262237,1,Random,Random,south,commander_capture,76,True,False,0
Random vs Random,1325,20262238,0,Random,Random,north,commander_capture,113,True,False,0
Random vs Random,1325,20262238,1,Random,Random,south,commander_capture,74,True,False,0
Random vs Random,1326,20262239,0,Random,Random,south,commander_capture,66,True,False,0
Random vs Random,1326,20262239,1,Random,Random,north,commander_capture,77,True,False,0
Random vs Random,1327,20262240,0,Random,Random,north,commander_capture,183,True,False,0
Random vs Random,1327,20262240,1,Random,Random,north,commander_capture,81,True,False,0
Random vs Random,1328,20262241,0,Random,Random,south,commander_capture,94,True,False,0
Random vs Random,1328,20262241,1,Random,Random,north,commander_capture,51,True,False,0
Random vs Random,1329,20262242,0,Random,Random,north,commander_capture,137,True,False,0
Random vs Random,1329,20262242,1,Random,Random,north,commander_capture,73,True,False,0
Random vs Random,1330,20262243,0,Random,Random,south,commander_capture,174,True,False,0
Random vs Random,1330,20262243,1,Random,Random,south,commander_capture,80,True,False,0
Random vs Random,1331,20262244,0,Random,Random,south,commander_capture,94,True,False,0
Random vs Random,1331,20262244,1,Random,Random,north,commander_capture,161,True,False,0
Random vs Random,1332,20262245,0,Random,Random,south,commander_capture,62,True,False,0
Random vs Random,1332,20262245,1,Random,Random,,ply_limit,512,False,True,0
Random vs Random,1333,20262246,0,Random,Random,south,commander_capture,54,True,False,0
Random vs Random,1333,20262246,1,Random,Random,south,commander_capture,112,True,False,0
Random vs Random,1334,20262247,0,Random,Random,north,commander_capture,131,True,False,0
Random vs Random,1334,20262247,1,Random,Random,north,commander_capture,211,True,False,0
Random vs Random,1335,20262248,0,Random,Random,south,commander_capture,114,True,False,0
Random vs Random,1335,20262248,1,Random,Random,north,commander_capture,125,True,False,0
Random vs Random,1336,20262249,0,Random,Random,south,commander_capture,100,True,False,0
Random vs Random,1336,20262249,1,Random,Random,south,commander_capture,176,True,False,0
Random vs Random,1337,20262250,0,Random,Random,south,commander_capture,64,True,False,0
Random vs Random,1337,20262250,1,Random,Random,north,commander_capture,49,True,False,0
Random vs Random,1338,20262251,0,Random,Random,south,commander_capture,110,True,False,0
Random vs Random,1338,20262251,1,Random,Random,north,commander_capture,79,True,False,0
Random vs Random,1339,20262252,0,Random,Random,,ply_limit,512,False,True,0
Random vs Random,1339,20262252,1,Random,Random,north,commander_capture,97,True,False,0
Random vs Random,1340,20262253,0,Random,Random,south,commander_capture,106,True,False,0
Random vs Random,1340,20262253,1,Random,Random,,ply_limit,512,False,True,0
Random vs Random,1341,20262254,0,Random,Random,north,commander_capture,139,True,False,0
Random vs Random,1341,20262254,1,Random,Random,south,commander_capture,90,True,False,0
Random vs Random,1342,20262255,0,Random,Random,south,commander_capture,86,True,False,0
Random vs Random,1342,20262255,1,Random,Random,north,commander_capture,143,True,False,0
Random vs Random,1343,20262256,0,Random,Random,north,commander_capture,147,True,False,0
Random vs Random,1343,20262256,1,Random,Random,north,commander_capture,207,True,False,0
Random vs Random,1344,20262257,0,Random,Random,north,commander_capture,155,True,False,0
Random vs Random,1344,20262257,1,Random,Random,north,commander_capture,161,True,False,0
Random vs Random,1345,20262258,0,Random,Random,south,commander_capture,70,True,False,0
Random vs Random,1345,20262258,1,Random,Random,south,commander_capture,158,True,False,0
Random vs Random,1346,20262259,0,Random,Random,north,commander_capture,59,True,False,0
Random vs Random,1346,20262259,1,Random,Random,,ply_limit,512,False,True,0
Random vs Random,1347,20262260,0,Random,Random,south,commander_capture,166,True,False,0
Random vs Random,1347,20262260,1,Random,Random,north,commander_capture,197,True,False,0
Random vs Random,1348,20262261,0,Random,Random,north,commander_capture,61,True,False,0
Random vs Random,1348,20262261,1,Random,Random,north,commander_capture,61,True,False,0
Random vs Random,1349,20262262,0,Random,Random,north,commander_capture,63,True,False,0
Random vs Random,1349,20262262,1,Random,Random,south,commander_capture,154,True,False,0
Random vs Random,1350,20262263,0,Random,Random,south,commander_capture,104,True,False,0
Random vs Random,1350,20262263,1,Random,Random,north,commander_capture,97,True,False,0
Random vs Random,1351,20262264,0,Random,Random,north,commander_capture,285,True,False,0
Random vs Random,1351,20262264,1,Random,Random,north,commander_capture,61,True,False,0
Random vs Random,1352,20262265,0,Random,Random,north,commander_capture,103,True,False,0
Random vs Random,1352,20262265,1,Random,Random,,ply_limit,512,False,True,0
Random vs Random,1353,20262266,0,Random,Random,,ply_limit,512,False,True,0
Random vs Random,1353,20262266,1,Random,Random,south,commander_capture,80,True,False,0
Random vs Random,1354,20262267,0,Random,Random,north,commander_capture,161,True,False,0
Random vs Random,1354,20262267,1,Random,Random,north,commander_capture,77,True,False,0
Random vs Random,1355,20262268,0,Random,Random,south,commander_capture,106,True,False,0
Random vs Random,1355,20262268,1,Random,Random,south,commander_capture,120,True,False,0
Random vs Random,1356,20262269,0,Random,Random,north,commander_capture,121,True,False,0
Random vs Random,1356,20262269,1,Random,Random,,ply_limit,512,False,True,0
Random vs Random,1357,20262270,0,Random,Random,north,commander_capture,69,True,False,0
Random vs Random,1357,20262270,1,Random,Random,south,commander_capture,164,True,False,0
Random vs Random,1358,20262271,0,Random,Random,south,commander_capture,60,True,False,0
Random vs Random,1358,20262271,1,Random,Random,south,commander_capture,98,True,False,0
Random vs Random,1359,20262272,0,Random,Random,north,commander_capture,55,True,False,0
Random vs Random,1359,20262272,1,Random,Random,north,commander_capture,127,True,False,0
Random vs Random,1360,20262273,0,Random,Random,south,commander_capture,142,True,False,0
Random vs Random,1360,20262273,1,Random,Random,north,commander_capture,69,True,False,0
Random vs Random,1361,20262274,0,Random,Random,north,commander_capture,153,True,False,0
Random vs Random,1361,20262274,1,Random,Random,north,commander_capture,45,True,False,0
Random vs Random,1362,20262275,0,Random,Random,north,commander_capture,27,True,False,0
Random vs Random,1362,20262275,1,Random,Random,south,commander_capture,62,True,False,0
Random vs Random,1363,20262276,0,Random,Random,north,commander_capture,13,True,False,0
Random vs Random,1363,20262276,1,Random,Random,south,commander_capture,50,True,False,0
Random vs Random,1364,20262277,0,Random,Random,north,commander_capture,123,True,False,0
Random vs Random,1364,20262277,1,Random,Random,north,commander_capture,221,True,False,0
Random vs Random,1365,20262278,0,Random,Random,south,commander_capture,102,True,False,0
Random vs Random,1365,20262278,1,Random,Random,north,commander_capture,175,True,False,0
Random vs Random,1366,20262279,0,Random,Random,south,commander_capture,96,True,False,0
Random vs Random,1366,20262279,1,Random,Random,north,commander_capture,117,True,False,0
Random vs Random,1367,20262280,0,Random,Random,south,commander_capture,42,True,False,0
Random vs Random,1367,20262280,1,Random,Random,south,commander_capture,152,True,False,0
Random vs Random,1368,20262281,0,Random,Random,south,commander_capture,128,True,False,0
Random vs Random,1368,20262281,1,Random,Random,north,commander_capture,65,True,False,0
Random vs Random,1369,20262282,0,Random,Random,south,commander_capture,58,True,False,0
Random vs Random,1369,20262282,1,Random,Random,north,commander_capture,147,True,False,0
Random vs Random,1370,20262283,0,Random,Random,south,commander_capture,122,True,False,0
Random vs Random,1370,20262283,1,Random,Random,north,commander_capture,155,True,False,0
Random vs Random,1371,20262284,0,Random,Random,south,commander_capture,66,True,False,0
Random vs Random,1371,20262284,1,Random,Random,south,commander_capture,128,True,False,0
Random vs Random,1372,20262285,0,Random,Random,,ply_limit,512,False,True,0
Random vs Random,1372,20262285,1,Random,Random,north,commander_capture,171,True,False,0
Random vs Random,1373,20262286,0,Random,Random,north,commander_capture,65,True,False,0
Random vs Random,1373,20262286,1,Random,Random,south,commander_capture,122,True,False,0
Random vs Random,1374,20262287,0,Random,Random,north,commander_capture,43,True,False,0
Random vs Random,1374,20262287,1,Random,Random,south,commander_capture,106,True,False,0
Random vs Random,1375,20262288,0,Random,Random,south,commander_capture,82,True,False,0
Random vs Random,1375,20262288,1,Random,Random,south,commander_capture,44,True,False,0
Random vs Random,1376,20262289,0,Random,Random,north,commander_capture,207,True,False,0
Random vs Random,1376,20262289,1,Random,Random,,ply_limit,512,False,True,0
Random vs Random,1377,20262290,0,Random,Random,south,commander_capture,122,True,False,0
Random vs Random,1377,20262290,1,Random,Random,south,commander_capture,104,True,False,0
Random vs Random,1378,20262291,0,Random,Random,north,commander_capture,153,True,False,0
Random vs Random,1378,20262291,1,Random,Random,north,commander_capture,59,True,False,0
Random vs Random,1379,20262292,0,Random,Random,south,commander_capture,90,True,False,0
Random vs Random,1379,20262292,1,Random,Random,north,commander_capture,131,True,False,0
Random vs Random,1380,20262293,0,Random,Random,north,commander_capture,151,True,False,0
Random vs Random,1380,20262293,1,Random,Random,south,commander_capture,102,True,False,0
Random vs Random,1381,20262294,0,Random,Random,south,commander_capture,104,True,False,0
Random vs Random,1381,20262294,1,Random,Random,north,commander_capture,111,True,False,0
Random vs Random,1382,20262295,0,Random,Random,north,commander_capture,171,True,False,0
Random vs Random,1382,20262295,1,Random,Random,north,commander_capture,89,True,False,0
Random vs Random,1383,20262296,0,Random,Random,south,commander_capture,26,True,False,0
Random vs Random,1383,20262296,1,Random,Random,south,commander_capture,130,True,False,0
Random vs Random,1384,20262297,0,Random,Random,north,commander_capture,137,True,False,0
Random vs Random,1384,20262297,1,Random,Random,south,commander_capture,98,True,False,0
Random vs Random,1385,20262298,0,Random,Random,north,commander_capture,87,True,False,0
Random vs Random,1385,20262298,1,Random,Random,north,commander_capture,109,True,False,0
Random vs Random,1386,20262299,0,Random,Random,south,commander_capture,100,True,False,0
Random vs Random,1386,20262299,1,Random,Random,south,commander_capture,108,True,False,0
Random vs Random,1387,20262300,0,Random,Random,south,commander_capture,132,True,False,0
Random vs Random,1387,20262300,1,Random,Random,north,commander_capture,47,True,False,0
Random vs Random,1388,20262301,0,Random,Random,south,commander_capture,80,True,False,0
Random vs Random,1388,20262301,1,Random,Random,north,commander_capture,129,True,False,0
Random vs Random,1389,20262302,0,Random,Random,,ply_limit,512,False,True,0
Random vs Random,1389,20262302,1,Random,Random,north,commander_capture,87,True,False,0
Random vs Random,1390,20262303,0,Random,Random,north,commander_capture,123,True,False,0
Random vs Random,1390,20262303,1,Random,Random,north,commander_capture,133,True,False,0
Random vs Random,1391,20262304,0,Random,Random,north,commander_capture,169,True,False,0
Random vs Random,1391,20262304,1,Random,Random,north,commander_capture,99,True,False,0
Random vs Random,1392,20262305,0,Random,Random,north,commander_capture,69,True,False,0
Random vs Random,1392,20262305,1,Random,Random,south,commander_capture,228,True,False,0
Random vs Random,1393,20262306,0,Random,Random,south,commander_capture,96,True,False,0
Random vs Random,1393,20262306,1,Random,Random,,ply_limit,512,False,True,0
Random vs Random,1394,20262307,0,Random,Random,south,commander_capture,98,True,False,0
Random vs Random,1394,20262307,1,Random,Random,,ply_limit,512,False,True,0
Random vs Random,1395,20262308,0,Random,Random,south,commander_capture,164,True,False,0
Random vs Random,1395,20262308,1,Random,Random,north,commander_capture,123,True,False,0
Random vs Random,1396,20262309,0,Random,Random,south,commander_capture,96,True,False,0
Random vs Random,1396,20262309,1,Random,Random,south,commander_capture,82,True,False,0
Random vs Random,1397,20262310,0,Random,Random,north,commander_capture,147,True,False,0
Random vs Random,1397,20262310,1,Random,Random,north,commander_capture,123,True,False,0
Random vs Random,1398,20262311,0,Random,Random,south,commander_capture,82,True,False,0
Random vs Random,1398,20262311,1,Random,Random,south,commander_capture,146,True,False,0
Random vs Random,1399,20262312,0,Random,Random,south,commander_capture,88,True,False,0
Random vs Random,1399,20262312,1,Random,Random,north,commander_capture,105,True,False,0
Random vs Random,1400,20262313,0,Random,Random,south,commander_capture,138,True,False,0
Random vs Random,1400,20262313,1,Random,Random,north,commander_capture,171,True,False,0
Random vs Random,1401,20262314,0,Random,Random,north,commander_capture,163,True,False,0
Random vs Random,1401,20262314,1,Random,Random,,ply_limit,512,False,True,0
Random vs Random,1402,20262315,0,Random,Random,south,commander_capture,120,True,False,0
Random vs Random,1402,20262315,1,Random,Random,north,commander_capture,91,True,False,0
Random vs Random,1403,20262316,0,Random,Random,north,commander_capture,101,True,False,0
Random vs Random,1403,20262316,1,Random,Random,north,commander_capture,77,True,False,0
Random vs Random,1404,20262317,0,Random,Random,north,commander_capture,133,True,False,0
Random vs Random,1404,20262317,1,Random,Random,south,commander_capture,118,True,False,0
Random vs Random,1405,20262318,0,Random,Random,north,commander_capture,135,True,False,0
Random vs Random,1405,20262318,1,Random,Random,north,commander_capture,171,True,False,0
Random vs Random,1406,20262319,0,Random,Random,south,commander_capture,132,True,False,0
Random vs Random,1406,20262319,1,Random,Random,north,commander_capture,163,True,False,0
Random vs Random,1407,20262320,0,Random,Random,south,commander_capture,58,True,False,0
Random vs Random,1407,20262320,1,Random,Random,north,commander_capture,61,True,False,0
Random vs Random,1408,20262321,0,Random,Random,north,commander_capture,119,True,False,0
Random vs Random,1408,20262321,1,Random,Random,north,commander_capture,79,True,False,0
Random vs Random,1409,20262322,0,Random,Random,south,commander_capture,144,True,False,0
Random vs Random,1409,20262322,1,Random,Random,north,commander_capture,73,True,False,0
Random vs Random,1410,20262323,0,Random,Random,north,commander_capture,101,True,False,0
Random vs Random,1410,20262323,1,Random,Random,,ply_limit,512,False,True,0
Random vs Random,1411,20262324,0,Random,Random,south,commander_capture,82,True,False,0
Random vs Random,1411,20262324,1,Random,Random,north,commander_capture,81,True,False,0
Random vs Random,1412,20262325,0,Random,Random,south,commander_capture,64,True,False,0
Random vs Random,1412,20262325,1,Random,Random,south,commander_capture,78,True,False,0
Random vs Random,1413,20262326,0,Random,Random,south,commander_capture,68,True,False,0
Random vs Random,1413,20262326,1,Random,Random,north,commander_capture,139,True,False,0
Random vs Random,1414,20262327,0,Random,Random,south,commander_capture,124,True,False,0
Random vs Random,1414,20262327,1,Random,Random,north,commander_capture,93,True,False,0
Random vs Random,1415,20262328,0,Random,Random,south,commander_capture,128,True,False,0
Random vs Random,1415,20262328,1,Random,Random,south,commander_capture,112,True,False,0
Random vs Random,1416,20262329,0,Random,Random,north,commander_capture,57,True,False,0
Random vs Random,1416,20262329,1,Random,Random,north,commander_capture,63,True,False,0
Random vs Random,1417,20262330,0,Random,Random,,ply_limit,512,False,True,0
Random vs Random,1417,20262330,1,Random,Random,north,commander_capture,145,True,False,0
Random vs Random,1418,20262331,0,Random,Random,south,commander_capture,148,True,False,0
Random vs Random,1418,20262331,1,Random,Random,north,commander_capture,45,True,False,0
Random vs Random,1419,20262332,0,Random,Random,south,commander_capture,88,True,False,0
Random vs Random,1419,20262332,1,Random,Random,,ply_limit,512,False,True,0
Random vs Random,1420,20262333,0,Random,Random,north,commander_capture,93,True,False,0
Random vs Random,1420,20262333,1,Random,Random,north,commander_capture,79,True,False,0
Random vs Random,1421,20262334,0,Random,Random,south,commander_capture,142,True,False,0
Random vs Random,1421,20262334,1,Random,Random,south,commander_capture,154,True,False,0
Random vs Random,1422,20262335,0,Random,Random,south,commander_capture,126,True,False,0
Random vs Random,1422,20262335,1,Random,Random,south,commander_capture,56,True,False,0
Random vs Random,1423,20262336,0,Random,Random,south,commander_capture,118,True,False,0
Random vs Random,1423,20262336,1,Random,Random,north,commander_capture,133,True,False,0
Random vs Random,1424,20262337,0,Random,Random,south,commander_capture,162,True,False,0
Random vs Random,1424,20262337,1,Random,Random,,ply_limit,512,False,True,0
Random vs Random,1425,20262338,0,Random,Random,north,commander_capture,23,True,False,0
Random vs Random,1425,20262338,1,Random,Random,north,commander_capture,101,True,False,0
Random vs Random,1426,20262339,0,Random,Random,north,commander_capture,155,True,False,0
Random vs Random,1426,20262339,1,Random,Random,,ply_limit,512,False,True,0
Random vs Random,1427,20262340,0,Random,Random,south,commander_capture,112,True,False,0
Random vs Random,1427,20262340,1,Random,Random,north,commander_capture,89,True,False,0
Random vs Random,1428,20262341,0,Random,Random,,ply_limit,512,False,True,0
Random vs Random,1428,20262341,1,Random,Random,,ply_limit,512,False,True,0
Random vs Random,1429,20262342,0,Random,Random,north,commander_capture,153,True,False,0
Random vs Random,1429,20262342,1,Random,Random,north,commander_capture,127,True,False,0
Random vs Random,1430,20262343,0,Random,Random,south,commander_capture,110,True,False,0
Random vs Random,1430,20262343,1,Random,Random,north,commander_capture,69,True,False,0
Random vs Random,1431,20262344,0,Random,Random,north,commander_capture,33,True,False,0
Random vs Random,1431,20262344,1,Random,Random,north,commander_capture,95,True,False,0
Random vs Random,1432,20262345,0,Random,Random,north,commander_capture,175,True,False,0
Random vs Random,1432,20262345,1,Random,Random,south,commander_capture,80,True,False,0
Random vs Random,1433,20262346,0,Random,Random,south,commander_capture,104,True,False,0
Random vs Random,1433,20262346,1,Random,Random,south,commander_capture,200,True,False,0
Random vs Random,1434,20262347,0,Random,Random,north,commander_capture,129,True,False,0
Random vs Random,1434,20262347,1,Random,Random,north,commander_capture,89,True,False,0
Random vs Random,1435,20262348,0,Random,Random,north,commander_capture,93,True,False,0
Random vs Random,1435,20262348,1,Random,Random,,ply_limit,512,False,True,0
Random vs Random,1436,20262349,0,Random,Random,north,commander_capture,157,True,False,0
Random vs Random,1436,20262349,1,Random,Random,north,commander_capture,185,True,False,0
Random vs Random,1437,20262350,0,Random,Random,north,commander_capture,103,True,False,0
Random vs Random,1437,20262350,1,Random,Random,north,commander_capture,127,True,False,0
Random vs Random,1438,20262351,0,Random,Random,north,commander_capture,115,True,False,0
Random vs Random,1438,20262351,1,Random,Random,north,commander_capture,125,True,False,0
Random vs Random,1439,20262352,0,Random,Random,,ply_limit,512,False,True,0
Random vs Random,1439,20262352,1,Random,Random,north,commander_capture,103,True,False,0
Random vs Random,1440,20262353,0,Random,Random,north,commander_capture,145,True,False,0
Random vs Random,1440,20262353,1,Random,Random,north,commander_capture,117,True,False,0
Random vs Random,1441,20262354,0,Random,Random,north,commander_capture,99,True,False,0
Random vs Random,1441,20262354,1,Random,Random,south,commander_capture,216,True,False,0
Random vs Random,1442,20262355,0,Random,Random,south,commander_capture,116,True,False,0
Random vs Random,1442,20262355,1,Random,Random,north,commander_capture,81,True,False,0
Random vs Random,1443,20262356,0,Random,Random,south,commander_capture,110,True,False,0
Random vs Random,1443,20262356,1,Random,Random,south,commander_capture,106,True,False,0
Random vs Random,1444,20262357,0,Random,Random,south,commander_capture,116,True,False,0
Random vs Random,1444,20262357,1,Random,Random,,ply_limit,512,False,True,0
Random vs Random,1445,20262358,0,Random,Random,north,commander_capture,81,True,False,0
Random vs Random,1445,20262358,1,Random,Random,north,commander_capture,141,True,False,0
Random vs Random,1446,20262359,0,Random,Random,north,commander_capture,71,True,False,0
Random vs Random,1446,20262359,1,Random,Random,north,commander_capture,99,True,False,0
Random vs Random,1447,20262360,0,Random,Random,north,commander_capture,165,True,False,0
Random vs Random,1447,20262360,1,Random,Random,south,commander_capture,170,True,False,0
Random vs Random,1448,20262361,0,Random,Random,south,commander_capture,70,True,False,0
Random vs Random,1448,20262361,1,Random,Random,south,commander_capture,76,True,False,0
Random vs Random,1449,20262362,0,Random,Random,south,commander_capture,90,True,False,0
Random vs Random,1449,20262362,1,Random,Random,north,commander_capture,67,True,False,0
Random vs Random,1450,20262363,0,Random,Random,,ply_limit,512,False,True,0
Random vs Random,1450,20262363,1,Random,Random,north,commander_capture,203,True,False,0
Random vs Random,1451,20262364,0,Random,Random,north,commander_capture,105,True,False,0
Random vs Random,1451,20262364,1,Random,Random,,ply_limit,512,False,True,0
Random vs Random,1452,20262365,0,Random,Random,south,commander_capture,100,True,False,0
Random vs Random,1452,20262365,1,Random,Random,north,commander_capture,127,True,False,0
Random vs Random,1453,20262366,0,Random,Random,north,commander_capture,83,True,False,0
Random vs Random,1453,20262366,1,Random,Random,south,commander_capture,88,True,False,0
Random vs Random,1454,20262367,0,Random,Random,,ply_limit,512,False,True,0
Random vs Random,1454,20262367,1,Random,Random,north,commander_capture,111,True,False,0
Random vs Random,1455,20262368,0,Random,Random,south,commander_capture,142,True,False,0
Random vs Random,1455,20262368,1,Random,Random,south,commander_capture,134,True,False,0
Random vs Random,1456,20262369,0,Random,Random,south,commander_capture,66,True,False,0
Random vs Random,1456,20262369,1,Random,Random,south,commander_capture,88,True,False,0
Random vs Random,1457,20262370,0,Random,Random,south,commander_capture,202,True,False,0
Random vs Random,1457,20262370,1,Random,Random,south,commander_capture,30,True,False,0
Random vs Random,1458,20262371,0,Random,Random,north,commander_capture,117,True,False,0
Random vs Random,1458,20262371,1,Random,Random,south,commander_capture,50,True,False,0
Random vs Random,1459,20262372,0,Random,Random,,ply_limit,512,False,True,0
Random vs Random,1459,20262372,1,Random,Random,north,commander_capture,263,True,False,0
Random vs Random,1460,20262373,0,Random,Random,,ply_limit,512,False,True,0
Random vs Random,1460,20262373,1,Random,Random,south,commander_capture,90,True,False,0
Random vs Random,1461,20262374,0,Random,Random,south,commander_capture,96,True,False,0
Random vs Random,1461,20262374,1,Random,Random,north,commander_capture,195,True,False,0
Random vs Random,1462,20262375,0,Random,Random,north,commander_capture,209,True,False,0
Random vs Random,1462,20262375,1,Random,Random,,ply_limit,512,False,True,0
Random vs Random,1463,20262376,0,Random,Random,,ply_limit,512,False,True,0
Random vs Random,1463,20262376,1,Random,Random,south,commander_capture,110,True,False,0
Random vs Random,1464,20262377,0,Random,Random,north,commander_capture,47,True,False,0
Random vs Random,1464,20262377,1,Random,Random,south,commander_capture,242,True,False,0
Random vs Random,1465,20262378,0,Random,Random,south,commander_capture,202,True,False,0
Random vs Random,1465,20262378,1,Random,Random,north,commander_capture,151,True,False,0
Random vs Random,1466,20262379,0,Random,Random,,ply_limit,512,False,True,0
Random vs Random,1466,20262379,1,Random,Random,north,commander_capture,35,True,False,0
Random vs Random,1467,20262380,0,Random,Random,,ply_limit,512,False,True,0
Random vs Random,1467,20262380,1,Random,Random,south,commander_capture,22,True,False,0
Random vs Random,1468,20262381,0,Random,Random,south,commander_capture,130,True,False,0
Random vs Random,1468,20262381,1,Random,Random,north,commander_capture,141,True,False,0
Random vs Random,1469,20262382,0,Random,Random,north,commander_capture,129,True,False,0
Random vs Random,1469,20262382,1,Random,Random,south,commander_capture,84,True,False,0
Random vs Random,1470,20262383,0,Random,Random,south,commander_capture,42,True,False,0
Random vs Random,1470,20262383,1,Random,Random,north,commander_capture,253,True,False,0
Random vs Random,1471,20262384,0,Random,Random,north,commander_capture,227,True,False,0
Random vs Random,1471,20262384,1,Random,Random,,ply_limit,512,False,True,0
Random vs Random,1472,20262385,0,Random,Random,south,commander_capture,70,True,False,0
Random vs Random,1472,20262385,1,Random,Random,north,commander_capture,163,True,False,0
Random vs Random,1473,20262386,0,Random,Random,south,commander_capture,118,True,False,0
Random vs Random,1473,20262386,1,Random,Random,north,commander_capture,241,True,False,0
Random vs Random,1474,20262387,0,Random,Random,south,commander_capture,90,True,False,0
Random vs Random,1474,20262387,1,Random,Random,north,commander_capture,71,True,False,0
Random vs Random,1475,20262388,0,Random,Random,north,commander_capture,51,True,False,0
Random vs Random,1475,20262388,1,Random,Random,south,commander_capture,78,True,False,0
Random vs Random,1476,20262389,0,Random,Random,north,commander_capture,57,True,False,0
Random vs Random,1476,20262389,1,Random,Random,,ply_limit,512,False,True,0
Random vs Random,1477,20262390,0,Random,Random,south,commander_capture,56,True,False,0
Random vs Random,1477,20262390,1,Random,Random,south,commander_capture,112,True,False,0
Random vs Random,1478,20262391,0,Random,Random,south,commander_capture,84,True,False,0
Random vs Random,1478,20262391,1,Random,Random,north,commander_capture,163,True,False,0
Random vs Random,1479,20262392,0,Random,Random,north,commander_capture,85,True,False,0
Random vs Random,1479,20262392,1,Random,Random,south,commander_capture,62,True,False,0
Random vs Random,1480,20262393,0,Random,Random,north,commander_capture,95,True,False,0
Random vs Random,1480,20262393,1,Random,Random,south,commander_capture,48,True,False,0
Random vs Random,1481,20262394,0,Random,Random,north,commander_capture,133,True,False,0
Random vs Random,1481,20262394,1,Random,Random,north,commander_capture,29,True,False,0
Random vs Random,1482,20262395,0,Random,Random,north,commander_capture,127,True,False,0
Random vs Random,1482,20262395,1,Random,Random,north,commander_capture,183,True,False,0
Random vs Random,1483,20262396,0,Random,Random,north,commander_capture,95,True,False,0
Random vs Random,1483,20262396,1,Random,Random,north,commander_capture,107,True,False,0
Random vs Random,1484,20262397,0,Random,Random,north,commander_capture,101,True,False,0
Random vs Random,1484,20262397,1,Random,Random,south,commander_capture,126,True,False,0
Random vs Random,1485,20262398,0,Random,Random,north,commander_capture,87,True,False,0
Random vs Random,1485,20262398,1,Random,Random,north,commander_capture,203,True,False,0
Random vs Random,1486,20262399,0,Random,Random,,ply_limit,512,False,True,0
Random vs Random,1486,20262399,1,Random,Random,north,commander_capture,161,True,False,0
Random vs Random,1487,20262400,0,Random,Random,south,commander_capture,76,True,False,0
Random vs Random,1487,20262400,1,Random,Random,north,commander_capture,115,True,False,0
Random vs Random,1488,20262401,0,Random,Random,south,commander_capture,116,True,False,0
Random vs Random,1488,20262401,1,Random,Random,,ply_limit,512,False,True,0
Random vs Random,1489,20262402,0,Random,Random,south,commander_capture,100,True,False,0
Random vs Random,1489,20262402,1,Random,Random,north,commander_capture,51,True,False,0
Random vs Random,1490,20262403,0,Random,Random,south,commander_capture,64,True,False,0
Random vs Random,1490,20262403,1,Random,Random,north,commander_capture,139,True,False,0
Random vs Random,1491,20262404,0,Random,Random,north,commander_capture,167,True,False,0
Random vs Random,1491,20262404,1,Random,Random,south,commander_capture,124,True,False,0
Random vs Random,1492,20262405,0,Random,Random,north,commander_capture,35,True,False,0
Random vs Random,1492,20262405,1,Random,Random,north,commander_capture,139,True,False,0
Random vs Random,1493,20262406,0,Random,Random,south,commander_capture,106,True,False,0
Random vs Random,1493,20262406,1,Random,Random,south,commander_capture,140,True,False,0
Random vs Random,1494,20262407,0,Random,Random,south,commander_capture,56,True,False,0
Random vs Random,1494,20262407,1,Random,Random,north,commander_capture,91,True,False,0
Random vs Random,1495,20262408,0,Random,Random,south,commander_capture,144,True,False,0
Random vs Random,1495,20262408,1,Random,Random,,ply_limit,512,False,True,0
Random vs Random,1496,20262409,0,Random,Random,south,commander_capture,38,True,False,0
Random vs Random,1496,20262409,1,Random,Random,,ply_limit,512,False,True,0
Random vs Random,1497,20262410,0,Random,Random,north,commander_capture,83,True,False,0
Random vs Random,1497,20262410,1,Random,Random,south,commander_capture,140,True,False,0
Random vs Random,1498,20262411,0,Random,Random,,ply_limit,512,False,True,0
Random vs Random,1498,20262411,1,Random,Random,north,commander_capture,121,True,False,0
Random vs Random,1499,20262412,0,Random,Random,south,commander_capture,168,True,False,0
Random vs Random,1499,20262412,1,Random,Random,north,commander_capture,61,True,False,0
Greedy vs Greedy,0,21260913,0,Greedy,Greedy,south,commander_capture,58,True,False,0
Greedy vs Greedy,0,21260913,1,Greedy,Greedy,south,commander_capture,74,True,False,0
Greedy vs Greedy,1,21260914,0,Greedy,Greedy,south,commander_capture,26,True,False,0
Greedy vs Greedy,1,21260914,1,Greedy,Greedy,south,commander_capture,108,True,False,0
Greedy vs Greedy,2,21260915,0,Greedy,Greedy,south,commander_capture,72,True,False,0
Greedy vs Greedy,2,21260915,1,Greedy,Greedy,north,commander_capture,53,True,False,0
Greedy vs Greedy,3,21260916,0,Greedy,Greedy,north,commander_capture,43,True,False,0
Greedy vs Greedy,3,21260916,1,Greedy,Greedy,north,commander_capture,45,True,False,0
Greedy vs Greedy,4,21260917,0,Greedy,Greedy,south,commander_capture,50,True,False,0
Greedy vs Greedy,4,21260917,1,Greedy,Greedy,north,commander_capture,45,True,False,0
Greedy vs Greedy,5,21260918,0,Greedy,Greedy,south,commander_capture,38,True,False,0
Greedy vs Greedy,5,21260918,1,Greedy,Greedy,south,commander_capture,74,True,False,0
Greedy vs Greedy,6,21260919,0,Greedy,Greedy,south,commander_capture,84,True,False,0
Greedy vs Greedy,6,21260919,1,Greedy,Greedy,south,commander_capture,30,True,False,0
Greedy vs Greedy,7,21260920,0,Greedy,Greedy,south,commander_capture,28,True,False,0
Greedy vs Greedy,7,21260920,1,Greedy,Greedy,north,commander_capture,73,True,False,0
Greedy vs Greedy,8,21260921,0,Greedy,Greedy,south,commander_capture,76,True,False,0
Greedy vs Greedy,8,21260921,1,Greedy,Greedy,north,commander_capture,73,True,False,0
Greedy vs Greedy,9,21260922,0,Greedy,Greedy,south,commander_capture,26,True,False,0
Greedy vs Greedy,9,21260922,1,Greedy,Greedy,south,commander_capture,44,True,False,0
Greedy vs Greedy,10,21260923,0,Greedy,Greedy,north,commander_capture,41,True,False,0
Greedy vs Greedy,10,21260923,1,Greedy,Greedy,north,commander_capture,13,True,False,0
Greedy vs Greedy,11,21260924,0,Greedy,Greedy,south,commander_capture,58,True,False,0
Greedy vs Greedy,11,21260924,1,Greedy,Greedy,south,commander_capture,38,True,False,0
Greedy vs Greedy,12,21260925,0,Greedy,Greedy,south,commander_capture,56,True,False,0
Greedy vs Greedy,12,21260925,1,Greedy,Greedy,north,commander_capture,93,True,False,0
Greedy vs Greedy,13,21260926,0,Greedy,Greedy,north,commander_capture,67,True,False,0
Greedy vs Greedy,13,21260926,1,Greedy,Greedy,south,commander_capture,36,True,False,0
Greedy vs Greedy,14,21260927,0,Greedy,Greedy,south,commander_capture,84,True,False,0
Greedy vs Greedy,14,21260927,1,Greedy,Greedy,north,commander_capture,43,True,False,0
Greedy vs Greedy,15,21260928,0,Greedy,Greedy,south,commander_capture,12,True,False,0
Greedy vs Greedy,15,21260928,1,Greedy,Greedy,north,commander_capture,61,True,False,0
Greedy vs Greedy,16,21260929,0,Greedy,Greedy,north,commander_capture,79,True,False,0
Greedy vs Greedy,16,21260929,1,Greedy,Greedy,south,commander_capture,26,True,False,0
Greedy vs Greedy,17,21260930,0,Greedy,Greedy,north,commander_capture,55,True,False,0
Greedy vs Greedy,17,21260930,1,Greedy,Greedy,north,commander_capture,105,True,False,0
Greedy vs Greedy,18,21260931,0,Greedy,Greedy,south,commander_capture,18,True,False,0
Greedy vs Greedy,18,21260931,1,Greedy,Greedy,north,commander_capture,49,True,False,0
Greedy vs Greedy,19,21260932,0,Greedy,Greedy,south,commander_capture,20,True,False,0
Greedy vs Greedy,19,21260932,1,Greedy,Greedy,south,commander_capture,52,True,False,0
Greedy vs Greedy,20,21260933,0,Greedy,Greedy,south,commander_capture,54,True,False,0
Greedy vs Greedy,20,21260933,1,Greedy,Greedy,south,commander_capture,80,True,False,0
Greedy vs Greedy,21,21260934,0,Greedy,Greedy,south,commander_capture,46,True,False,0
Greedy vs Greedy,21,21260934,1,Greedy,Greedy,north,commander_capture,43,True,False,0
Greedy vs Greedy,22,21260935,0,Greedy,Greedy,south,commander_capture,76,True,False,0
Greedy vs Greedy,22,21260935,1,Greedy,Greedy,south,commander_capture,40,True,False,0
Greedy vs Greedy,23,21260936,0,Greedy,Greedy,north,commander_capture,33,True,False,0
Greedy vs Greedy,23,21260936,1,Greedy,Greedy,south,commander_capture,20,True,False,0
Greedy vs Greedy,24,21260937,0,Greedy,Greedy,north,commander_capture,37,True,False,0
Greedy vs Greedy,24,21260937,1,Greedy,Greedy,north,commander_capture,71,True,False,0
Greedy vs Greedy,25,21260938,0,Greedy,Greedy,south,commander_capture,48,True,False,0
Greedy vs Greedy,25,21260938,1,Greedy,Greedy,south,commander_capture,64,True,False,0
Greedy vs Greedy,26,21260939,0,Greedy,Greedy,south,commander_capture,50,True,False,0
Greedy vs Greedy,26,21260939,1,Greedy,Greedy,south,commander_capture,94,True,False,0
Greedy vs Greedy,27,21260940,0,Greedy,Greedy,north,commander_capture,29,True,False,0
Greedy vs Greedy,27,21260940,1,Greedy,Greedy,south,commander_capture,60,True,False,0
Greedy vs Greedy,28,21260941,0,Greedy,Greedy,north,commander_capture,63,True,False,0
Greedy vs Greedy,28,21260941,1,Greedy,Greedy,north,commander_capture,51,True,False,0
Greedy vs Greedy,29,21260942,0,Greedy,Greedy,north,commander_capture,95,True,False,0
Greedy vs Greedy,29,21260942,1,Greedy,Greedy,north,commander_capture,93,True,False,0
Greedy vs Greedy,30,21260943,0,Greedy,Greedy,north,commander_capture,55,True,False,0
Greedy vs Greedy,30,21260943,1,Greedy,Greedy,north,commander_capture,53,True,False,0
Greedy vs Greedy,31,21260944,0,Greedy,Greedy,south,commander_capture,104,True,False,0
Greedy vs Greedy,31,21260944,1,Greedy,Greedy,north,commander_capture,87,True,False,0
Greedy vs Greedy,32,21260945,0,Greedy,Greedy,north,commander_capture,39,True,False,0
Greedy vs Greedy,32,21260945,1,Greedy,Greedy,north,commander_capture,77,True,False,0
Greedy vs Greedy,33,21260946,0,Greedy,Greedy,south,commander_capture,70,True,False,0
Greedy vs Greedy,33,21260946,1,Greedy,Greedy,north,commander_capture,51,True,False,0
Greedy vs Greedy,34,21260947,0,Greedy,Greedy,south,commander_capture,76,True,False,0
Greedy vs Greedy,34,21260947,1,Greedy,Greedy,north,commander_capture,45,True,False,0
Greedy vs Greedy,35,21260948,0,Greedy,Greedy,south,commander_capture,88,True,False,0
Greedy vs Greedy,35,21260948,1,Greedy,Greedy,north,commander_capture,99,True,False,0
Greedy vs Greedy,36,21260949,0,Greedy,Greedy,south,commander_capture,62,True,False,0
Greedy vs Greedy,36,21260949,1,Greedy,Greedy,draw,threefold_repetition,45,True,False,0
Greedy vs Greedy,37,21260950,0,Greedy,Greedy,north,commander_capture,23,True,False,0
Greedy vs Greedy,37,21260950,1,Greedy,Greedy,north,commander_capture,57,True,False,0
Greedy vs Greedy,38,21260951,0,Greedy,Greedy,north,commander_capture,13,True,False,0
Greedy vs Greedy,38,21260951,1,Greedy,Greedy,north,commander_capture,73,True,False,0
Greedy vs Greedy,39,21260952,0,Greedy,Greedy,south,commander_capture,76,True,False,0
Greedy vs Greedy,39,21260952,1,Greedy,Greedy,north,commander_capture,69,True,False,0
Greedy vs Greedy,40,21260953,0,Greedy,Greedy,north,commander_capture,63,True,False,0
Greedy vs Greedy,40,21260953,1,Greedy,Greedy,south,commander_capture,38,True,False,0
Greedy vs Greedy,41,21260954,0,Greedy,Greedy,north,commander_capture,37,True,False,0
Greedy vs Greedy,41,21260954,1,Greedy,Greedy,south,commander_capture,60,True,False,0
Greedy vs Greedy,42,21260955,0,Greedy,Greedy,south,commander_capture,70,True,False,0
Greedy vs Greedy,42,21260955,1,Greedy,Greedy,north,commander_capture,37,True,False,0
Greedy vs Greedy,43,21260956,0,Greedy,Greedy,south,commander_capture,44,True,False,0
Greedy vs Greedy,43,21260956,1,Greedy,Greedy,north,commander_capture,115,True,False,0
Greedy vs Greedy,44,21260957,0,Greedy,Greedy,north,commander_capture,43,True,False,0
Greedy vs Greedy,44,21260957,1,Greedy,Greedy,south,commander_capture,48,True,False,0
Greedy vs Greedy,45,21260958,0,Greedy,Greedy,south,commander_capture,60,True,False,0
Greedy vs Greedy,45,21260958,1,Greedy,Greedy,south,commander_capture,28,True,False,0
Greedy vs Greedy,46,21260959,0,Greedy,Greedy,south,commander_capture,48,True,False,0
Greedy vs Greedy,46,21260959,1,Greedy,Greedy,south,commander_capture,40,True,False,0
Greedy vs Greedy,47,21260960,0,Greedy,Greedy,south,commander_capture,66,True,False,0
Greedy vs Greedy,47,21260960,1,Greedy,Greedy,south,commander_capture,60,True,False,0
Greedy vs Greedy,48,21260961,0,Greedy,Greedy,south,commander_capture,46,True,False,0
Greedy vs Greedy,48,21260961,1,Greedy,Greedy,south,commander_capture,94,True,False,0
Greedy vs Greedy,49,21260962,0,Greedy,Greedy,south,commander_capture,56,True,False,0
Greedy vs Greedy,49,21260962,1,Greedy,Greedy,north,commander_capture,93,True,False,0
Greedy vs Greedy,50,21260963,0,Greedy,Greedy,draw,threefold_repetition,78,True,False,0
Greedy vs Greedy,50,21260963,1,Greedy,Greedy,north,commander_capture,49,True,False,0
Greedy vs Greedy,51,21260964,0,Greedy,Greedy,north,commander_capture,47,True,False,0
Greedy vs Greedy,51,21260964,1,Greedy,Greedy,north,commander_capture,47,True,False,0
Greedy vs Greedy,52,21260965,0,Greedy,Greedy,south,commander_capture,42,True,False,0
Greedy vs Greedy,52,21260965,1,Greedy,Greedy,north,commander_capture,71,True,False,0
Greedy vs Greedy,53,21260966,0,Greedy,Greedy,south,commander_capture,48,True,False,0
Greedy vs Greedy,53,21260966,1,Greedy,Greedy,north,commander_capture,19,True,False,0
Greedy vs Greedy,54,21260967,0,Greedy,Greedy,south,commander_capture,38,True,False,0
Greedy vs Greedy,54,21260967,1,Greedy,Greedy,south,commander_capture,78,True,False,0
Greedy vs Greedy,55,21260968,0,Greedy,Greedy,north,commander_capture,57,True,False,0
Greedy vs Greedy,55,21260968,1,Greedy,Greedy,north,commander_capture,27,True,False,0
Greedy vs Greedy,56,21260969,0,Greedy,Greedy,north,commander_capture,53,True,False,0
Greedy vs Greedy,56,21260969,1,Greedy,Greedy,north,commander_capture,73,True,False,0
Greedy vs Greedy,57,21260970,0,Greedy,Greedy,north,commander_capture,51,True,False,0
Greedy vs Greedy,57,21260970,1,Greedy,Greedy,south,commander_capture,74,True,False,0
Greedy vs Greedy,58,21260971,0,Greedy,Greedy,north,commander_capture,53,True,False,0
Greedy vs Greedy,58,21260971,1,Greedy,Greedy,draw,threefold_repetition,75,True,False,0
Greedy vs Greedy,59,21260972,0,Greedy,Greedy,south,commander_capture,30,True,False,0
Greedy vs Greedy,59,21260972,1,Greedy,Greedy,north,commander_capture,23,True,False,0
Greedy vs Greedy,60,21260973,0,Greedy,Greedy,north,commander_capture,25,True,False,0
Greedy vs Greedy,60,21260973,1,Greedy,Greedy,south,commander_capture,98,True,False,0
Greedy vs Greedy,61,21260974,0,Greedy,Greedy,south,commander_capture,22,True,False,0
Greedy vs Greedy,61,21260974,1,Greedy,Greedy,south,commander_capture,70,True,False,0
Greedy vs Greedy,62,21260975,0,Greedy,Greedy,north,commander_capture,17,True,False,0
Greedy vs Greedy,62,21260975,1,Greedy,Greedy,south,commander_capture,56,True,False,0
Greedy vs Greedy,63,21260976,0,Greedy,Greedy,north,commander_capture,91,True,False,0
Greedy vs Greedy,63,21260976,1,Greedy,Greedy,north,commander_capture,43,True,False,0
Greedy vs Greedy,64,21260977,0,Greedy,Greedy,south,commander_capture,96,True,False,0
Greedy vs Greedy,64,21260977,1,Greedy,Greedy,south,commander_capture,86,True,False,0
Greedy vs Greedy,65,21260978,0,Greedy,Greedy,north,commander_capture,41,True,False,0
Greedy vs Greedy,65,21260978,1,Greedy,Greedy,south,commander_capture,36,True,False,0
Greedy vs Greedy,66,21260979,0,Greedy,Greedy,south,commander_capture,34,True,False,0
Greedy vs Greedy,66,21260979,1,Greedy,Greedy,south,commander_capture,60,True,False,0
Greedy vs Greedy,67,21260980,0,Greedy,Greedy,south,commander_capture,72,True,False,0
Greedy vs Greedy,67,21260980,1,Greedy,Greedy,north,commander_capture,161,True,False,0
Greedy vs Greedy,68,21260981,0,Greedy,Greedy,north,commander_capture,105,True,False,0
Greedy vs Greedy,68,21260981,1,Greedy,Greedy,north,commander_capture,97,True,False,0
Greedy vs Greedy,69,21260982,0,Greedy,Greedy,north,commander_capture,65,True,False,0
Greedy vs Greedy,69,21260982,1,Greedy,Greedy,south,commander_capture,84,True,False,0
Greedy vs Greedy,70,21260983,0,Greedy,Greedy,north,commander_capture,51,True,False,0
Greedy vs Greedy,70,21260983,1,Greedy,Greedy,north,commander_capture,61,True,False,0
Greedy vs Greedy,71,21260984,0,Greedy,Greedy,south,commander_capture,44,True,False,0
Greedy vs Greedy,71,21260984,1,Greedy,Greedy,south,commander_capture,88,True,False,0
Greedy vs Greedy,72,21260985,0,Greedy,Greedy,south,commander_capture,38,True,False,0
Greedy vs Greedy,72,21260985,1,Greedy,Greedy,north,commander_capture,63,True,False,0
Greedy vs Greedy,73,21260986,0,Greedy,Greedy,south,commander_capture,50,True,False,0
Greedy vs Greedy,73,21260986,1,Greedy,Greedy,south,commander_capture,44,True,False,0
Greedy vs Greedy,74,21260987,0,Greedy,Greedy,north,commander_capture,35,True,False,0
Greedy vs Greedy,74,21260987,1,Greedy,Greedy,south,commander_capture,54,True,False,0
Greedy vs Greedy,75,21260988,0,Greedy,Greedy,south,commander_capture,18,True,False,0
Greedy vs Greedy,75,21260988,1,Greedy,Greedy,north,commander_capture,59,True,False,0
Greedy vs Greedy,76,21260989,0,Greedy,Greedy,south,commander_capture,42,True,False,0
Greedy vs Greedy,76,21260989,1,Greedy,Greedy,north,commander_capture,67,True,False,0
Greedy vs Greedy,77,21260990,0,Greedy,Greedy,south,commander_capture,14,True,False,0
Greedy vs Greedy,77,21260990,1,Greedy,Greedy,south,commander_capture,40,True,False,0
Greedy vs Greedy,78,21260991,0,Greedy,Greedy,north,commander_capture,35,True,False,0
Greedy vs Greedy,78,21260991,1,Greedy,Greedy,north,commander_capture,29,True,False,0
Greedy vs Greedy,79,21260992,0,Greedy,Greedy,south,commander_capture,50,True,False,0
Greedy vs Greedy,79,21260992,1,Greedy,Greedy,south,commander_capture,38,True,False,0
Greedy vs Greedy,80,21260993,0,Greedy,Greedy,north,commander_capture,53,True,False,0
Greedy vs Greedy,80,21260993,1,Greedy,Greedy,north,commander_capture,59,True,False,0
Greedy vs Greedy,81,21260994,0,Greedy,Greedy,south,commander_capture,26,True,False,0
Greedy vs Greedy,81,21260994,1,Greedy,Greedy,north,commander_capture,23,True,False,0
Greedy vs Greedy,82,21260995,0,Greedy,Greedy,south,commander_capture,44,True,False,0
Greedy vs Greedy,82,21260995,1,Greedy,Greedy,north,commander_capture,85,True,False,0
Greedy vs Greedy,83,21260996,0,Greedy,Greedy,north,commander_capture,69,True,False,0
Greedy vs Greedy,83,21260996,1,Greedy,Greedy,south,commander_capture,38,True,False,0
Greedy vs Greedy,84,21260997,0,Greedy,Greedy,north,commander_capture,23,True,False,0
Greedy vs Greedy,84,21260997,1,Greedy,Greedy,north,commander_capture,51,True,False,0
Greedy vs Greedy,85,21260998,0,Greedy,Greedy,south,commander_capture,80,True,False,0
Greedy vs Greedy,85,21260998,1,Greedy,Greedy,south,commander_capture,54,True,False,0
Greedy vs Greedy,86,21260999,0,Greedy,Greedy,south,commander_capture,48,True,False,0
Greedy vs Greedy,86,21260999,1,Greedy,Greedy,north,commander_capture,41,True,False,0
Greedy vs Greedy,87,21261000,0,Greedy,Greedy,south,commander_capture,56,True,False,0
Greedy vs Greedy,87,21261000,1,Greedy,Greedy,draw,threefold_repetition,53,True,False,0
Greedy vs Greedy,88,21261001,0,Greedy,Greedy,south,commander_capture,120,True,False,0
Greedy vs Greedy,88,21261001,1,Greedy,Greedy,south,commander_capture,62,True,False,0
Greedy vs Greedy,89,21261002,0,Greedy,Greedy,north,commander_capture,41,True,False,0
Greedy vs Greedy,89,21261002,1,Greedy,Greedy,north,commander_capture,61,True,False,0
Greedy vs Greedy,90,21261003,0,Greedy,Greedy,north,commander_capture,33,True,False,0
Greedy vs Greedy,90,21261003,1,Greedy,Greedy,south,commander_capture,40,True,False,0
Greedy vs Greedy,91,21261004,0,Greedy,Greedy,north,commander_capture,19,True,False,0
Greedy vs Greedy,91,21261004,1,Greedy,Greedy,south,commander_capture,60,True,False,0
Greedy vs Greedy,92,21261005,0,Greedy,Greedy,south,commander_capture,78,True,False,0
Greedy vs Greedy,92,21261005,1,Greedy,Greedy,south,commander_capture,64,True,False,0
Greedy vs Greedy,93,21261006,0,Greedy,Greedy,north,commander_capture,33,True,False,0
Greedy vs Greedy,93,21261006,1,Greedy,Greedy,south,commander_capture,112,True,False,0
Greedy vs Greedy,94,21261007,0,Greedy,Greedy,north,commander_capture,27,True,False,0
Greedy vs Greedy,94,21261007,1,Greedy,Greedy,north,commander_capture,125,True,False,0
Greedy vs Greedy,95,21261008,0,Greedy,Greedy,north,commander_capture,57,True,False,0
Greedy vs Greedy,95,21261008,1,Greedy,Greedy,south,commander_capture,68,True,False,0
Greedy vs Greedy,96,21261009,0,Greedy,Greedy,north,commander_capture,43,True,False,0
Greedy vs Greedy,96,21261009,1,Greedy,Greedy,north,commander_capture,69,True,False,0
Greedy vs Greedy,97,21261010,0,Greedy,Greedy,south,commander_capture,54,True,False,0
Greedy vs Greedy,97,21261010,1,Greedy,Greedy,north,commander_capture,85,True,False,0
Greedy vs Greedy,98,21261011,0,Greedy,Greedy,north,commander_capture,49,True,False,0
Greedy vs Greedy,98,21261011,1,Greedy,Greedy,south,commander_capture,84,True,False,0
Greedy vs Greedy,99,21261012,0,Greedy,Greedy,north,commander_capture,77,True,False,0
Greedy vs Greedy,99,21261012,1,Greedy,Greedy,north,commander_capture,25,True,False,0
Greedy vs Greedy,100,21261013,0,Greedy,Greedy,north,commander_capture,57,True,False,0
Greedy vs Greedy,100,21261013,1,Greedy,Greedy,north,commander_capture,19,True,False,0
Greedy vs Greedy,101,21261014,0,Greedy,Greedy,south,commander_capture,70,True,False,0
Greedy vs Greedy,101,21261014,1,Greedy,Greedy,north,commander_capture,59,True,False,0
Greedy vs Greedy,102,21261015,0,Greedy,Greedy,north,commander_capture,51,True,False,0
Greedy vs Greedy,102,21261015,1,Greedy,Greedy,north,commander_capture,89,True,False,0
Greedy vs Greedy,103,21261016,0,Greedy,Greedy,north,commander_capture,19,True,False,0
Greedy vs Greedy,103,21261016,1,Greedy,Greedy,north,commander_capture,55,True,False,0
Greedy vs Greedy,104,21261017,0,Greedy,Greedy,south,commander_capture,70,True,False,0
Greedy vs Greedy,104,21261017,1,Greedy,Greedy,south,commander_capture,74,True,False,0
Greedy vs Greedy,105,21261018,0,Greedy,Greedy,south,commander_capture,90,True,False,0
Greedy vs Greedy,105,21261018,1,Greedy,Greedy,south,commander_capture,56,True,False,0
Greedy vs Greedy,106,21261019,0,Greedy,Greedy,north,commander_capture,57,True,False,0
Greedy vs Greedy,106,21261019,1,Greedy,Greedy,south,commander_capture,88,True,False,0
Greedy vs Greedy,107,21261020,0,Greedy,Greedy,north,commander_capture,47,True,False,0
Greedy vs Greedy,107,21261020,1,Greedy,Greedy,south,commander_capture,82,True,False,0
Greedy vs Greedy,108,21261021,0,Greedy,Greedy,north,commander_capture,85,True,False,0
Greedy vs Greedy,108,21261021,1,Greedy,Greedy,south,commander_capture,76,True,False,0
Greedy vs Greedy,109,21261022,0,Greedy,Greedy,north,commander_capture,33,True,False,0
Greedy vs Greedy,109,21261022,1,Greedy,Greedy,south,commander_capture,60,True,False,0
Greedy vs Greedy,110,21261023,0,Greedy,Greedy,north,commander_capture,45,True,False,0
Greedy vs Greedy,110,21261023,1,Greedy,Greedy,south,commander_capture,68,True,False,0
Greedy vs Greedy,111,21261024,0,Greedy,Greedy,north,commander_capture,55,True,False,0
Greedy vs Greedy,111,21261024,1,Greedy,Greedy,south,commander_capture,54,True,False,0
Greedy vs Greedy,112,21261025,0,Greedy,Greedy,north,commander_capture,87,True,False,0
Greedy vs Greedy,112,21261025,1,Greedy,Greedy,south,commander_capture,22,True,False,0
Greedy vs Greedy,113,21261026,0,Greedy,Greedy,north,commander_capture,11,True,False,0
Greedy vs Greedy,113,21261026,1,Greedy,Greedy,south,commander_capture,56,True,False,0
Greedy vs Greedy,114,21261027,0,Greedy,Greedy,south,commander_capture,66,True,False,0
Greedy vs Greedy,114,21261027,1,Greedy,Greedy,south,commander_capture,86,True,False,0
Greedy vs Greedy,115,21261028,0,Greedy,Greedy,north,commander_capture,55,True,False,0
Greedy vs Greedy,115,21261028,1,Greedy,Greedy,north,commander_capture,41,True,False,0
Greedy vs Greedy,116,21261029,0,Greedy,Greedy,south,commander_capture,68,True,False,0
Greedy vs Greedy,116,21261029,1,Greedy,Greedy,south,commander_capture,54,True,False,0
Greedy vs Greedy,117,21261030,0,Greedy,Greedy,south,commander_capture,58,True,False,0
Greedy vs Greedy,117,21261030,1,Greedy,Greedy,south,commander_capture,32,True,False,0
Greedy vs Greedy,118,21261031,0,Greedy,Greedy,north,commander_capture,63,True,False,0
Greedy vs Greedy,118,21261031,1,Greedy,Greedy,south,commander_capture,32,True,False,0
Greedy vs Greedy,119,21261032,0,Greedy,Greedy,,ply_limit,512,False,True,0
Greedy vs Greedy,119,21261032,1,Greedy,Greedy,north,commander_capture,35,True,False,0
Greedy vs Greedy,120,21261033,0,Greedy,Greedy,north,commander_capture,61,True,False,0
Greedy vs Greedy,120,21261033,1,Greedy,Greedy,north,commander_capture,77,True,False,0
Greedy vs Greedy,121,21261034,0,Greedy,Greedy,north,commander_capture,87,True,False,0
Greedy vs Greedy,121,21261034,1,Greedy,Greedy,south,commander_capture,44,True,False,0
Greedy vs Greedy,122,21261035,0,Greedy,Greedy,north,commander_capture,85,True,False,0
Greedy vs Greedy,122,21261035,1,Greedy,Greedy,north,commander_capture,83,True,False,0
Greedy vs Greedy,123,21261036,0,Greedy,Greedy,south,commander_capture,22,True,False,0
Greedy vs Greedy,123,21261036,1,Greedy,Greedy,south,commander_capture,54,True,False,0
Greedy vs Greedy,124,21261037,0,Greedy,Greedy,north,commander_capture,61,True,False,0
Greedy vs Greedy,124,21261037,1,Greedy,Greedy,north,commander_capture,27,True,False,0
Greedy vs Greedy,125,21261038,0,Greedy,Greedy,south,commander_capture,38,True,False,0
Greedy vs Greedy,125,21261038,1,Greedy,Greedy,north,commander_capture,65,True,False,0
Greedy vs Greedy,126,21261039,0,Greedy,Greedy,south,commander_capture,30,True,False,0
Greedy vs Greedy,126,21261039,1,Greedy,Greedy,south,commander_capture,44,True,False,0
Greedy vs Greedy,127,21261040,0,Greedy,Greedy,south,commander_capture,28,True,False,0
Greedy vs Greedy,127,21261040,1,Greedy,Greedy,north,commander_capture,47,True,False,0
Greedy vs Greedy,128,21261041,0,Greedy,Greedy,north,commander_capture,101,True,False,0
Greedy vs Greedy,128,21261041,1,Greedy,Greedy,south,commander_capture,68,True,False,0
Greedy vs Greedy,129,21261042,0,Greedy,Greedy,north,commander_capture,39,True,False,0
Greedy vs Greedy,129,21261042,1,Greedy,Greedy,north,commander_capture,67,True,False,0
Greedy vs Greedy,130,21261043,0,Greedy,Greedy,south,commander_capture,38,True,False,0
Greedy vs Greedy,130,21261043,1,Greedy,Greedy,south,commander_capture,46,True,False,0
Greedy vs Greedy,131,21261044,0,Greedy,Greedy,south,commander_capture,22,True,False,0
Greedy vs Greedy,131,21261044,1,Greedy,Greedy,north,commander_capture,15,True,False,0
Greedy vs Greedy,132,21261045,0,Greedy,Greedy,south,commander_capture,72,True,False,0
Greedy vs Greedy,132,21261045,1,Greedy,Greedy,north,commander_capture,39,True,False,0
Greedy vs Greedy,133,21261046,0,Greedy,Greedy,south,commander_capture,20,True,False,0
Greedy vs Greedy,133,21261046,1,Greedy,Greedy,north,commander_capture,47,True,False,0
Greedy vs Greedy,134,21261047,0,Greedy,Greedy,south,commander_capture,50,True,False,0
Greedy vs Greedy,134,21261047,1,Greedy,Greedy,south,commander_capture,82,True,False,0
Greedy vs Greedy,135,21261048,0,Greedy,Greedy,north,commander_capture,37,True,False,0
Greedy vs Greedy,135,21261048,1,Greedy,Greedy,south,commander_capture,46,True,False,0
Greedy vs Greedy,136,21261049,0,Greedy,Greedy,south,commander_capture,32,True,False,0
Greedy vs Greedy,136,21261049,1,Greedy,Greedy,draw,threefold_repetition,63,True,False,0
Greedy vs Greedy,137,21261050,0,Greedy,Greedy,north,commander_capture,73,True,False,0
Greedy vs Greedy,137,21261050,1,Greedy,Greedy,south,commander_capture,44,True,False,0
Greedy vs Greedy,138,21261051,0,Greedy,Greedy,south,commander_capture,16,True,False,0
Greedy vs Greedy,138,21261051,1,Greedy,Greedy,south,commander_capture,48,True,False,0
Greedy vs Greedy,139,21261052,0,Greedy,Greedy,north,commander_capture,67,True,False,0
Greedy vs Greedy,139,21261052,1,Greedy,Greedy,south,commander_capture,58,True,False,0
Greedy vs Greedy,140,21261053,0,Greedy,Greedy,south,commander_capture,74,True,False,0
Greedy vs Greedy,140,21261053,1,Greedy,Greedy,south,commander_capture,102,True,False,0
Greedy vs Greedy,141,21261054,0,Greedy,Greedy,south,commander_capture,88,True,False,0
Greedy vs Greedy,141,21261054,1,Greedy,Greedy,north,commander_capture,65,True,False,0
Greedy vs Greedy,142,21261055,0,Greedy,Greedy,south,commander_capture,56,True,False,0
Greedy vs Greedy,142,21261055,1,Greedy,Greedy,south,commander_capture,58,True,False,0
Greedy vs Greedy,143,21261056,0,Greedy,Greedy,north,commander_capture,23,True,False,0
Greedy vs Greedy,143,21261056,1,Greedy,Greedy,north,commander_capture,73,True,False,0
Greedy vs Greedy,144,21261057,0,Greedy,Greedy,south,commander_capture,52,True,False,0
Greedy vs Greedy,144,21261057,1,Greedy,Greedy,north,commander_capture,13,True,False,0
Greedy vs Greedy,145,21261058,0,Greedy,Greedy,south,commander_capture,82,True,False,0
Greedy vs Greedy,145,21261058,1,Greedy,Greedy,south,commander_capture,28,True,False,0
Greedy vs Greedy,146,21261059,0,Greedy,Greedy,south,commander_capture,40,True,False,0
Greedy vs Greedy,146,21261059,1,Greedy,Greedy,south,commander_capture,84,True,False,0
Greedy vs Greedy,147,21261060,0,Greedy,Greedy,south,commander_capture,24,True,False,0
Greedy vs Greedy,147,21261060,1,Greedy,Greedy,south,commander_capture,82,True,False,0
Greedy vs Greedy,148,21261061,0,Greedy,Greedy,south,commander_capture,66,True,False,0
Greedy vs Greedy,148,21261061,1,Greedy,Greedy,north,commander_capture,65,True,False,0
Greedy vs Greedy,149,21261062,0,Greedy,Greedy,north,commander_capture,19,True,False,0
Greedy vs Greedy,149,21261062,1,Greedy,Greedy,south,commander_capture,58,True,False,0
Greedy vs Greedy,150,21261063,0,Greedy,Greedy,north,commander_capture,49,True,False,0
Greedy vs Greedy,150,21261063,1,Greedy,Greedy,south,commander_capture,20,True,False,0
Greedy vs Greedy,151,21261064,0,Greedy,Greedy,north,commander_capture,27,True,False,0
Greedy vs Greedy,151,21261064,1,Greedy,Greedy,south,commander_capture,76,True,False,0
Greedy vs Greedy,152,21261065,0,Greedy,Greedy,draw,threefold_repetition,74,True,False,0
Greedy vs Greedy,152,21261065,1,Greedy,Greedy,north,commander_capture,59,True,False,0
Greedy vs Greedy,153,21261066,0,Greedy,Greedy,north,commander_capture,39,True,False,0
Greedy vs Greedy,153,21261066,1,Greedy,Greedy,south,commander_capture,54,True,False,0
Greedy vs Greedy,154,21261067,0,Greedy,Greedy,north,commander_capture,69,True,False,0
Greedy vs Greedy,154,21261067,1,Greedy,Greedy,south,commander_capture,30,True,False,0
Greedy vs Greedy,155,21261068,0,Greedy,Greedy,north,commander_capture,45,True,False,0
Greedy vs Greedy,155,21261068,1,Greedy,Greedy,north,commander_capture,47,True,False,0
Greedy vs Greedy,156,21261069,0,Greedy,Greedy,south,commander_capture,98,True,False,0
Greedy vs Greedy,156,21261069,1,Greedy,Greedy,north,commander_capture,43,True,False,0
Greedy vs Greedy,157,21261070,0,Greedy,Greedy,south,commander_capture,68,True,False,0
Greedy vs Greedy,157,21261070,1,Greedy,Greedy,north,commander_capture,89,True,False,0
Greedy vs Greedy,158,21261071,0,Greedy,Greedy,north,commander_capture,13,True,False,0
Greedy vs Greedy,158,21261071,1,Greedy,Greedy,north,commander_capture,59,True,False,0
Greedy vs Greedy,159,21261072,0,Greedy,Greedy,north,commander_capture,97,True,False,0
Greedy vs Greedy,159,21261072,1,Greedy,Greedy,south,commander_capture,42,True,False,0
Greedy vs Greedy,160,21261073,0,Greedy,Greedy,south,commander_capture,48,True,False,0
Greedy vs Greedy,160,21261073,1,Greedy,Greedy,south,commander_capture,32,True,False,0
Greedy vs Greedy,161,21261074,0,Greedy,Greedy,north,commander_capture,103,True,False,0
Greedy vs Greedy,161,21261074,1,Greedy,Greedy,north,commander_capture,61,True,False,0
Greedy vs Greedy,162,21261075,0,Greedy,Greedy,north,commander_capture,97,True,False,0
Greedy vs Greedy,162,21261075,1,Greedy,Greedy,south,commander_capture,70,True,False,0
Greedy vs Greedy,163,21261076,0,Greedy,Greedy,north,commander_capture,43,True,False,0
Greedy vs Greedy,163,21261076,1,Greedy,Greedy,south,commander_capture,78,True,False,0
Greedy vs Greedy,164,21261077,0,Greedy,Greedy,north,commander_capture,91,True,False,0
Greedy vs Greedy,164,21261077,1,Greedy,Greedy,south,commander_capture,36,True,False,0
Greedy vs Greedy,165,21261078,0,Greedy,Greedy,south,commander_capture,86,True,False,0
Greedy vs Greedy,165,21261078,1,Greedy,Greedy,north,commander_capture,17,True,False,0
Greedy vs Greedy,166,21261079,0,Greedy,Greedy,south,commander_capture,50,True,False,0
Greedy vs Greedy,166,21261079,1,Greedy,Greedy,north,commander_capture,39,True,False,0
Greedy vs Greedy,167,21261080,0,Greedy,Greedy,south,commander_capture,84,True,False,0
Greedy vs Greedy,167,21261080,1,Greedy,Greedy,north,commander_capture,51,True,False,0
Greedy vs Greedy,168,21261081,0,Greedy,Greedy,south,commander_capture,32,True,False,0
Greedy vs Greedy,168,21261081,1,Greedy,Greedy,north,commander_capture,47,True,False,0
Greedy vs Greedy,169,21261082,0,Greedy,Greedy,north,commander_capture,37,True,False,0
Greedy vs Greedy,169,21261082,1,Greedy,Greedy,north,commander_capture,63,True,False,0
Greedy vs Greedy,170,21261083,0,Greedy,Greedy,north,commander_capture,69,True,False,0
Greedy vs Greedy,170,21261083,1,Greedy,Greedy,north,commander_capture,69,True,False,0
Greedy vs Greedy,171,21261084,0,Greedy,Greedy,south,commander_capture,48,True,False,0
Greedy vs Greedy,171,21261084,1,Greedy,Greedy,south,commander_capture,48,True,False,0
Greedy vs Greedy,172,21261085,0,Greedy,Greedy,south,commander_capture,84,True,False,0
Greedy vs Greedy,172,21261085,1,Greedy,Greedy,north,commander_capture,41,True,False,0
Greedy vs Greedy,173,21261086,0,Greedy,Greedy,south,commander_capture,78,True,False,0
Greedy vs Greedy,173,21261086,1,Greedy,Greedy,north,commander_capture,75,True,False,0
Greedy vs Greedy,174,21261087,0,Greedy,Greedy,south,commander_capture,36,True,False,0
Greedy vs Greedy,174,21261087,1,Greedy,Greedy,north,commander_capture,117,True,False,0
Greedy vs Greedy,175,21261088,0,Greedy,Greedy,south,commander_capture,66,True,False,0
Greedy vs Greedy,175,21261088,1,Greedy,Greedy,north,commander_capture,75,True,False,0
Greedy vs Greedy,176,21261089,0,Greedy,Greedy,south,commander_capture,34,True,False,0
Greedy vs Greedy,176,21261089,1,Greedy,Greedy,north,commander_capture,75,True,False,0
Greedy vs Greedy,177,21261090,0,Greedy,Greedy,north,commander_capture,55,True,False,0
Greedy vs Greedy,177,21261090,1,Greedy,Greedy,north,commander_capture,29,True,False,0
Greedy vs Greedy,178,21261091,0,Greedy,Greedy,north,commander_capture,33,True,False,0
Greedy vs Greedy,178,21261091,1,Greedy,Greedy,draw,threefold_repetition,88,True,False,0
Greedy vs Greedy,179,21261092,0,Greedy,Greedy,south,commander_capture,98,True,False,0
Greedy vs Greedy,179,21261092,1,Greedy,Greedy,north,commander_capture,55,True,False,0
Greedy vs Greedy,180,21261093,0,Greedy,Greedy,south,commander_capture,32,True,False,0
Greedy vs Greedy,180,21261093,1,Greedy,Greedy,north,commander_capture,25,True,False,0
Greedy vs Greedy,181,21261094,0,Greedy,Greedy,south,commander_capture,80,True,False,0
Greedy vs Greedy,181,21261094,1,Greedy,Greedy,south,commander_capture,70,True,False,0
Greedy vs Greedy,182,21261095,0,Greedy,Greedy,north,commander_capture,73,True,False,0
Greedy vs Greedy,182,21261095,1,Greedy,Greedy,south,commander_capture,34,True,False,0
Greedy vs Greedy,183,21261096,0,Greedy,Greedy,north,commander_capture,65,True,False,0
Greedy vs Greedy,183,21261096,1,Greedy,Greedy,north,commander_capture,59,True,False,0
Greedy vs Greedy,184,21261097,0,Greedy,Greedy,south,commander_capture,14,True,False,0
Greedy vs Greedy,184,21261097,1,Greedy,Greedy,south,commander_capture,50,True,False,0
Greedy vs Greedy,185,21261098,0,Greedy,Greedy,south,commander_capture,54,True,False,0
Greedy vs Greedy,185,21261098,1,Greedy,Greedy,north,commander_capture,35,True,False,0
Greedy vs Greedy,186,21261099,0,Greedy,Greedy,north,commander_capture,73,True,False,0
Greedy vs Greedy,186,21261099,1,Greedy,Greedy,south,commander_capture,54,True,False,0
Greedy vs Greedy,187,21261100,0,Greedy,Greedy,south,commander_capture,62,True,False,0
Greedy vs Greedy,187,21261100,1,Greedy,Greedy,north,commander_capture,51,True,False,0
Greedy vs Greedy,188,21261101,0,Greedy,Greedy,north,commander_capture,79,True,False,0
Greedy vs Greedy,188,21261101,1,Greedy,Greedy,south,commander_capture,38,True,False,0
Greedy vs Greedy,189,21261102,0,Greedy,Greedy,north,commander_capture,45,True,False,0
Greedy vs Greedy,189,21261102,1,Greedy,Greedy,north,commander_capture,71,True,False,0
Greedy vs Greedy,190,21261103,0,Greedy,Greedy,north,commander_capture,81,True,False,0
Greedy vs Greedy,190,21261103,1,Greedy,Greedy,north,commander_capture,25,True,False,0
Greedy vs Greedy,191,21261104,0,Greedy,Greedy,north,commander_capture,81,True,False,0
Greedy vs Greedy,191,21261104,1,Greedy,Greedy,north,commander_capture,31,True,False,0
Greedy vs Greedy,192,21261105,0,Greedy,Greedy,north,commander_capture,69,True,False,0
Greedy vs Greedy,192,21261105,1,Greedy,Greedy,north,commander_capture,33,True,False,0
Greedy vs Greedy,193,21261106,0,Greedy,Greedy,north,commander_capture,57,True,False,0
Greedy vs Greedy,193,21261106,1,Greedy,Greedy,north,commander_capture,45,True,False,0
Greedy vs Greedy,194,21261107,0,Greedy,Greedy,south,commander_capture,98,True,False,0
Greedy vs Greedy,194,21261107,1,Greedy,Greedy,north,commander_capture,97,True,False,0
Greedy vs Greedy,195,21261108,0,Greedy,Greedy,north,commander_capture,45,True,False,0
Greedy vs Greedy,195,21261108,1,Greedy,Greedy,south,commander_capture,32,True,False,0
Greedy vs Greedy,196,21261109,0,Greedy,Greedy,north,commander_capture,47,True,False,0
Greedy vs Greedy,196,21261109,1,Greedy,Greedy,south,commander_capture,70,True,False,0
Greedy vs Greedy,197,21261110,0,Greedy,Greedy,north,commander_capture,93,True,False,0
Greedy vs Greedy,197,21261110,1,Greedy,Greedy,north,commander_capture,53,True,False,0
Greedy vs Greedy,198,21261111,0,Greedy,Greedy,south,commander_capture,86,True,False,0
Greedy vs Greedy,198,21261111,1,Greedy,Greedy,north,commander_capture,99,True,False,0
Greedy vs Greedy,199,21261112,0,Greedy,Greedy,north,commander_capture,43,True,False,0
Greedy vs Greedy,199,21261112,1,Greedy,Greedy,south,commander_capture,42,True,False,0
Greedy vs Greedy,200,21261113,0,Greedy,Greedy,north,commander_capture,91,True,False,0
Greedy vs Greedy,200,21261113,1,Greedy,Greedy,north,commander_capture,51,True,False,0
Greedy vs Greedy,201,21261114,0,Greedy,Greedy,south,commander_capture,26,True,False,0
Greedy vs Greedy,201,21261114,1,Greedy,Greedy,south,commander_capture,24,True,False,0
Greedy vs Greedy,202,21261115,0,Greedy,Greedy,north,commander_capture,31,True,False,0
Greedy vs Greedy,202,21261115,1,Greedy,Greedy,south,commander_capture,20,True,False,0
Greedy vs Greedy,203,21261116,0,Greedy,Greedy,north,commander_capture,17,True,False,0
Greedy vs Greedy,203,21261116,1,Greedy,Greedy,north,commander_capture,45,True,False,0
Greedy vs Greedy,204,21261117,0,Greedy,Greedy,north,commander_capture,51,True,False,0
Greedy vs Greedy,204,21261117,1,Greedy,Greedy,north,commander_capture,87,True,False,0
Greedy vs Greedy,205,21261118,0,Greedy,Greedy,south,commander_capture,82,True,False,0
Greedy vs Greedy,205,21261118,1,Greedy,Greedy,north,commander_capture,19,True,False,0
Greedy vs Greedy,206,21261119,0,Greedy,Greedy,south,commander_capture,40,True,False,0
Greedy vs Greedy,206,21261119,1,Greedy,Greedy,north,commander_capture,69,True,False,0
Greedy vs Greedy,207,21261120,0,Greedy,Greedy,north,commander_capture,81,True,False,0
Greedy vs Greedy,207,21261120,1,Greedy,Greedy,north,commander_capture,37,True,False,0
Greedy vs Greedy,208,21261121,0,Greedy,Greedy,south,commander_capture,58,True,False,0
Greedy vs Greedy,208,21261121,1,Greedy,Greedy,south,commander_capture,78,True,False,0
Greedy vs Greedy,209,21261122,0,Greedy,Greedy,south,commander_capture,94,True,False,0
Greedy vs Greedy,209,21261122,1,Greedy,Greedy,north,commander_capture,87,True,False,0
Greedy vs Greedy,210,21261123,0,Greedy,Greedy,north,commander_capture,41,True,False,0
Greedy vs Greedy,210,21261123,1,Greedy,Greedy,south,commander_capture,34,True,False,0
Greedy vs Greedy,211,21261124,0,Greedy,Greedy,south,commander_capture,80,True,False,0
Greedy vs Greedy,211,21261124,1,Greedy,Greedy,north,commander_capture,25,True,False,0
Greedy vs Greedy,212,21261125,0,Greedy,Greedy,south,commander_capture,26,True,False,0
Greedy vs Greedy,212,21261125,1,Greedy,Greedy,north,commander_capture,97,True,False,0
Greedy vs Greedy,213,21261126,0,Greedy,Greedy,north,commander_capture,55,True,False,0
Greedy vs Greedy,213,21261126,1,Greedy,Greedy,south,commander_capture,76,True,False,0
Greedy vs Greedy,214,21261127,0,Greedy,Greedy,south,commander_capture,26,True,False,0
Greedy vs Greedy,214,21261127,1,Greedy,Greedy,north,commander_capture,93,True,False,0
Greedy vs Greedy,215,21261128,0,Greedy,Greedy,south,commander_capture,72,True,False,0
Greedy vs Greedy,215,21261128,1,Greedy,Greedy,,ply_limit,512,False,True,0
Greedy vs Greedy,216,21261129,0,Greedy,Greedy,north,commander_capture,33,True,False,0
Greedy vs Greedy,216,21261129,1,Greedy,Greedy,south,commander_capture,34,True,False,0
Greedy vs Greedy,217,21261130,0,Greedy,Greedy,south,commander_capture,16,True,False,0
Greedy vs Greedy,217,21261130,1,Greedy,Greedy,south,commander_capture,88,True,False,0
Greedy vs Greedy,218,21261131,0,Greedy,Greedy,north,commander_capture,73,True,False,0
Greedy vs Greedy,218,21261131,1,Greedy,Greedy,south,commander_capture,26,True,False,0
Greedy vs Greedy,219,21261132,0,Greedy,Greedy,north,commander_capture,105,True,False,0
Greedy vs Greedy,219,21261132,1,Greedy,Greedy,north,commander_capture,43,True,False,0
Greedy vs Greedy,220,21261133,0,Greedy,Greedy,north,commander_capture,65,True,False,0
Greedy vs Greedy,220,21261133,1,Greedy,Greedy,south,commander_capture,100,True,False,0
Greedy vs Greedy,221,21261134,0,Greedy,Greedy,south,commander_capture,60,True,False,0
Greedy vs Greedy,221,21261134,1,Greedy,Greedy,south,commander_capture,36,True,False,0
Greedy vs Greedy,222,21261135,0,Greedy,Greedy,north,commander_capture,35,True,False,0
Greedy vs Greedy,222,21261135,1,Greedy,Greedy,south,commander_capture,88,True,False,0
Greedy vs Greedy,223,21261136,0,Greedy,Greedy,north,commander_capture,47,True,False,0
Greedy vs Greedy,223,21261136,1,Greedy,Greedy,south,commander_capture,84,True,False,0
Greedy vs Greedy,224,21261137,0,Greedy,Greedy,south,commander_capture,24,True,False,0
Greedy vs Greedy,224,21261137,1,Greedy,Greedy,north,commander_capture,37,True,False,0
Greedy vs Greedy,225,21261138,0,Greedy,Greedy,north,commander_capture,67,True,False,0
Greedy vs Greedy,225,21261138,1,Greedy,Greedy,south,commander_capture,110,True,False,0
Greedy vs Greedy,226,21261139,0,Greedy,Greedy,north,commander_capture,81,True,False,0
Greedy vs Greedy,226,21261139,1,Greedy,Greedy,south,commander_capture,102,True,False,0
Greedy vs Greedy,227,21261140,0,Greedy,Greedy,south,commander_capture,80,True,False,0
Greedy vs Greedy,227,21261140,1,Greedy,Greedy,north,commander_capture,35,True,False,0
Greedy vs Greedy,228,21261141,0,Greedy,Greedy,north,commander_capture,45,True,False,0
Greedy vs Greedy,228,21261141,1,Greedy,Greedy,south,commander_capture,36,True,False,0
Greedy vs Greedy,229,21261142,0,Greedy,Greedy,south,commander_capture,76,True,False,0
Greedy vs Greedy,229,21261142,1,Greedy,Greedy,north,commander_capture,105,True,False,0
Greedy vs Greedy,230,21261143,0,Greedy,Greedy,south,commander_capture,70,True,False,0
Greedy vs Greedy,230,21261143,1,Greedy,Greedy,north,commander_capture,41,True,False,0
Greedy vs Greedy,231,21261144,0,Greedy,Greedy,draw,threefold_repetition,51,True,False,0
Greedy vs Greedy,231,21261144,1,Greedy,Greedy,south,commander_capture,66,True,False,0
Greedy vs Greedy,232,21261145,0,Greedy,Greedy,north,commander_capture,57,True,False,0
Greedy vs Greedy,232,21261145,1,Greedy,Greedy,south,commander_capture,56,True,False,0
Greedy vs Greedy,233,21261146,0,Greedy,Greedy,north,commander_capture,71,True,False,0
Greedy vs Greedy,233,21261146,1,Greedy,Greedy,draw,threefold_repetition,45,True,False,0
Greedy vs Greedy,234,21261147,0,Greedy,Greedy,south,commander_capture,106,True,False,0
Greedy vs Greedy,234,21261147,1,Greedy,Greedy,north,commander_capture,65,True,False,0
Greedy vs Greedy,235,21261148,0,Greedy,Greedy,north,commander_capture,39,True,False,0
Greedy vs Greedy,235,21261148,1,Greedy,Greedy,south,commander_capture,42,True,False,0
Greedy vs Greedy,236,21261149,0,Greedy,Greedy,north,commander_capture,55,True,False,0
Greedy vs Greedy,236,21261149,1,Greedy,Greedy,north,commander_capture,75,True,False,0
Greedy vs Greedy,237,21261150,0,Greedy,Greedy,north,commander_capture,35,True,False,0
Greedy vs Greedy,237,21261150,1,Greedy,Greedy,north,commander_capture,57,True,False,0
Greedy vs Greedy,238,21261151,0,Greedy,Greedy,south,commander_capture,80,True,False,0
Greedy vs Greedy,238,21261151,1,Greedy,Greedy,south,commander_capture,82,True,False,0
Greedy vs Greedy,239,21261152,0,Greedy,Greedy,north,commander_capture,39,True,False,0
Greedy vs Greedy,239,21261152,1,Greedy,Greedy,north,commander_capture,17,True,False,0
Greedy vs Greedy,240,21261153,0,Greedy,Greedy,north,commander_capture,67,True,False,0
Greedy vs Greedy,240,21261153,1,Greedy,Greedy,north,commander_capture,61,True,False,0
Greedy vs Greedy,241,21261154,0,Greedy,Greedy,north,commander_capture,49,True,False,0
Greedy vs Greedy,241,21261154,1,Greedy,Greedy,north,commander_capture,79,True,False,0
Greedy vs Greedy,242,21261155,0,Greedy,Greedy,north,commander_capture,27,True,False,0
Greedy vs Greedy,242,21261155,1,Greedy,Greedy,north,commander_capture,25,True,False,0
Greedy vs Greedy,243,21261156,0,Greedy,Greedy,south,commander_capture,40,True,False,0
Greedy vs Greedy,243,21261156,1,Greedy,Greedy,north,commander_capture,31,True,False,0
Greedy vs Greedy,244,21261157,0,Greedy,Greedy,south,commander_capture,52,True,False,0
Greedy vs Greedy,244,21261157,1,Greedy,Greedy,north,commander_capture,53,True,False,0
Greedy vs Greedy,245,21261158,0,Greedy,Greedy,south,commander_capture,108,True,False,0
Greedy vs Greedy,245,21261158,1,Greedy,Greedy,south,commander_capture,22,True,False,0
Greedy vs Greedy,246,21261159,0,Greedy,Greedy,south,commander_capture,102,True,False,0
Greedy vs Greedy,246,21261159,1,Greedy,Greedy,north,commander_capture,93,True,False,0
Greedy vs Greedy,247,21261160,0,Greedy,Greedy,north,commander_capture,97,True,False,0
Greedy vs Greedy,247,21261160,1,Greedy,Greedy,north,commander_capture,87,True,False,0
Greedy vs Greedy,248,21261161,0,Greedy,Greedy,north,commander_capture,73,True,False,0
Greedy vs Greedy,248,21261161,1,Greedy,Greedy,north,commander_capture,33,True,False,0
Greedy vs Greedy,249,21261162,0,Greedy,Greedy,south,commander_capture,64,True,False,0
Greedy vs Greedy,249,21261162,1,Greedy,Greedy,south,commander_capture,28,True,False,0
Greedy vs Greedy,250,21261163,0,Greedy,Greedy,south,commander_capture,52,True,False,0
Greedy vs Greedy,250,21261163,1,Greedy,Greedy,south,commander_capture,38,True,False,0
Greedy vs Greedy,251,21261164,0,Greedy,Greedy,north,commander_capture,59,True,False,0
Greedy vs Greedy,251,21261164,1,Greedy,Greedy,south,commander_capture,44,True,False,0
Greedy vs Greedy,252,21261165,0,Greedy,Greedy,draw,threefold_repetition,74,True,False,0
Greedy vs Greedy,252,21261165,1,Greedy,Greedy,draw,threefold_repetition,50,True,False,0
Greedy vs Greedy,253,21261166,0,Greedy,Greedy,north,commander_capture,57,True,False,0
Greedy vs Greedy,253,21261166,1,Greedy,Greedy,south,commander_capture,50,True,False,0
Greedy vs Greedy,254,21261167,0,Greedy,Greedy,north,commander_capture,93,True,False,0
Greedy vs Greedy,254,21261167,1,Greedy,Greedy,south,commander_capture,48,True,False,0
Greedy vs Greedy,255,21261168,0,Greedy,Greedy,south,commander_capture,34,True,False,0
Greedy vs Greedy,255,21261168,1,Greedy,Greedy,north,commander_capture,31,True,False,0
Greedy vs Greedy,256,21261169,0,Greedy,Greedy,north,commander_capture,35,True,False,0
Greedy vs Greedy,256,21261169,1,Greedy,Greedy,north,commander_capture,129,True,False,0
Greedy vs Greedy,257,21261170,0,Greedy,Greedy,south,commander_capture,64,True,False,0
Greedy vs Greedy,257,21261170,1,Greedy,Greedy,north,commander_capture,65,True,False,0
Greedy vs Greedy,258,21261171,0,Greedy,Greedy,south,commander_capture,32,True,False,0
Greedy vs Greedy,258,21261171,1,Greedy,Greedy,south,commander_capture,92,True,False,0
Greedy vs Greedy,259,21261172,0,Greedy,Greedy,draw,threefold_repetition,68,True,False,0
Greedy vs Greedy,259,21261172,1,Greedy,Greedy,south,commander_capture,88,True,False,0
Greedy vs Greedy,260,21261173,0,Greedy,Greedy,north,commander_capture,85,True,False,0
Greedy vs Greedy,260,21261173,1,Greedy,Greedy,south,commander_capture,60,True,False,0
Greedy vs Greedy,261,21261174,0,Greedy,Greedy,south,commander_capture,102,True,False,0
Greedy vs Greedy,261,21261174,1,Greedy,Greedy,north,commander_capture,25,True,False,0
Greedy vs Greedy,262,21261175,0,Greedy,Greedy,south,commander_capture,18,True,False,0
Greedy vs Greedy,262,21261175,1,Greedy,Greedy,south,commander_capture,20,True,False,0
Greedy vs Greedy,263,21261176,0,Greedy,Greedy,south,commander_capture,86,True,False,0
Greedy vs Greedy,263,21261176,1,Greedy,Greedy,north,commander_capture,35,True,False,0
Greedy vs Greedy,264,21261177,0,Greedy,Greedy,south,commander_capture,62,True,False,0
Greedy vs Greedy,264,21261177,1,Greedy,Greedy,north,commander_capture,71,True,False,0
Greedy vs Greedy,265,21261178,0,Greedy,Greedy,north,commander_capture,59,True,False,0
Greedy vs Greedy,265,21261178,1,Greedy,Greedy,south,commander_capture,50,True,False,0
Greedy vs Greedy,266,21261179,0,Greedy,Greedy,,ply_limit,512,False,True,0
Greedy vs Greedy,266,21261179,1,Greedy,Greedy,south,commander_capture,70,True,False,0
Greedy vs Greedy,267,21261180,0,Greedy,Greedy,north,commander_capture,51,True,False,0
Greedy vs Greedy,267,21261180,1,Greedy,Greedy,north,commander_capture,77,True,False,0
Greedy vs Greedy,268,21261181,0,Greedy,Greedy,south,commander_capture,38,True,False,0
Greedy vs Greedy,268,21261181,1,Greedy,Greedy,south,commander_capture,42,True,False,0
Greedy vs Greedy,269,21261182,0,Greedy,Greedy,south,commander_capture,98,True,False,0
Greedy vs Greedy,269,21261182,1,Greedy,Greedy,south,commander_capture,18,True,False,0
Greedy vs Greedy,270,21261183,0,Greedy,Greedy,north,commander_capture,41,True,False,0
Greedy vs Greedy,270,21261183,1,Greedy,Greedy,north,commander_capture,85,True,False,0
Greedy vs Greedy,271,21261184,0,Greedy,Greedy,north,commander_capture,75,True,False,0
Greedy vs Greedy,271,21261184,1,Greedy,Greedy,north,commander_capture,97,True,False,0
Greedy vs Greedy,272,21261185,0,Greedy,Greedy,south,commander_capture,40,True,False,0
Greedy vs Greedy,272,21261185,1,Greedy,Greedy,south,commander_capture,74,True,False,0
Greedy vs Greedy,273,21261186,0,Greedy,Greedy,north,commander_capture,51,True,False,0
Greedy vs Greedy,273,21261186,1,Greedy,Greedy,south,commander_capture,74,True,False,0
Greedy vs Greedy,274,21261187,0,Greedy,Greedy,north,commander_capture,37,True,False,0
Greedy vs Greedy,274,21261187,1,Greedy,Greedy,north,commander_capture,49,True,False,0
Greedy vs Greedy,275,21261188,0,Greedy,Greedy,south,commander_capture,82,True,False,0
Greedy vs Greedy,275,21261188,1,Greedy,Greedy,north,commander_capture,19,True,False,0
Greedy vs Greedy,276,21261189,0,Greedy,Greedy,north,commander_capture,69,True,False,0
Greedy vs Greedy,276,21261189,1,Greedy,Greedy,north,commander_capture,49,True,False,0
Greedy vs Greedy,277,21261190,0,Greedy,Greedy,south,commander_capture,84,True,False,0
Greedy vs Greedy,277,21261190,1,Greedy,Greedy,south,commander_capture,38,True,False,0
Greedy vs Greedy,278,21261191,0,Greedy,Greedy,south,commander_capture,42,True,False,0
Greedy vs Greedy,278,21261191,1,Greedy,Greedy,south,commander_capture,38,True,False,0
Greedy vs Greedy,279,21261192,0,Greedy,Greedy,south,commander_capture,56,True,False,0
Greedy vs Greedy,279,21261192,1,Greedy,Greedy,south,commander_capture,40,True,False,0
Greedy vs Greedy,280,21261193,0,Greedy,Greedy,north,commander_capture,43,True,False,0
Greedy vs Greedy,280,21261193,1,Greedy,Greedy,south,commander_capture,36,True,False,0
Greedy vs Greedy,281,21261194,0,Greedy,Greedy,south,commander_capture,46,True,False,0
Greedy vs Greedy,281,21261194,1,Greedy,Greedy,south,commander_capture,64,True,False,0
Greedy vs Greedy,282,21261195,0,Greedy,Greedy,north,commander_capture,103,True,False,0
Greedy vs Greedy,282,21261195,1,Greedy,Greedy,north,commander_capture,101,True,False,0
Greedy vs Greedy,283,21261196,0,Greedy,Greedy,north,commander_capture,49,True,False,0
Greedy vs Greedy,283,21261196,1,Greedy,Greedy,north,commander_capture,73,True,False,0
Greedy vs Greedy,284,21261197,0,Greedy,Greedy,north,commander_capture,43,True,False,0
Greedy vs Greedy,284,21261197,1,Greedy,Greedy,south,commander_capture,32,True,False,0
Greedy vs Greedy,285,21261198,0,Greedy,Greedy,north,commander_capture,77,True,False,0
Greedy vs Greedy,285,21261198,1,Greedy,Greedy,south,commander_capture,58,True,False,0
Greedy vs Greedy,286,21261199,0,Greedy,Greedy,south,commander_capture,62,True,False,0
Greedy vs Greedy,286,21261199,1,Greedy,Greedy,north,commander_capture,97,True,False,0
Greedy vs Greedy,287,21261200,0,Greedy,Greedy,north,commander_capture,65,True,False,0
Greedy vs Greedy,287,21261200,1,Greedy,Greedy,south,commander_capture,48,True,False,0
Greedy vs Greedy,288,21261201,0,Greedy,Greedy,south,commander_capture,116,True,False,0
Greedy vs Greedy,288,21261201,1,Greedy,Greedy,north,commander_capture,29,True,False,0
Greedy vs Greedy,289,21261202,0,Greedy,Greedy,south,commander_capture,70,True,False,0
Greedy vs Greedy,289,21261202,1,Greedy,Greedy,south,commander_capture,40,True,False,0
Greedy vs Greedy,290,21261203,0,Greedy,Greedy,south,commander_capture,44,True,False,0
Greedy vs Greedy,290,21261203,1,Greedy,Greedy,south,commander_capture,62,True,False,0
Greedy vs Greedy,291,21261204,0,Greedy,Greedy,south,commander_capture,44,True,False,0
Greedy vs Greedy,291,21261204,1,Greedy,Greedy,south,commander_capture,46,True,False,0
Greedy vs Greedy,292,21261205,0,Greedy,Greedy,south,commander_capture,84,True,False,0
Greedy vs Greedy,292,21261205,1,Greedy,Greedy,south,commander_capture,68,True,False,0
Greedy vs Greedy,293,21261206,0,Greedy,Greedy,north,commander_capture,39,True,False,0
Greedy vs Greedy,293,21261206,1,Greedy,Greedy,south,commander_capture,104,True,False,0
Greedy vs Greedy,294,21261207,0,Greedy,Greedy,south,commander_capture,102,True,False,0
Greedy vs Greedy,294,21261207,1,Greedy,Greedy,north,commander_capture,55,True,False,0
Greedy vs Greedy,295,21261208,0,Greedy,Greedy,south,commander_capture,102,True,False,0
Greedy vs Greedy,295,21261208,1,Greedy,Greedy,south,commander_capture,34,True,False,0
Greedy vs Greedy,296,21261209,0,Greedy,Greedy,south,commander_capture,42,True,False,0
Greedy vs Greedy,296,21261209,1,Greedy,Greedy,north,commander_capture,35,True,False,0
Greedy vs Greedy,297,21261210,0,Greedy,Greedy,north,commander_capture,77,True,False,0
Greedy vs Greedy,297,21261210,1,Greedy,Greedy,north,commander_capture,53,True,False,0
Greedy vs Greedy,298,21261211,0,Greedy,Greedy,south,commander_capture,52,True,False,0
Greedy vs Greedy,298,21261211,1,Greedy,Greedy,north,commander_capture,35,True,False,0
Greedy vs Greedy,299,21261212,0,Greedy,Greedy,north,commander_capture,73,True,False,0
Greedy vs Greedy,299,21261212,1,Greedy,Greedy,south,commander_capture,30,True,False,0
Greedy vs Greedy,300,21261213,0,Greedy,Greedy,north,commander_capture,59,True,False,0
Greedy vs Greedy,300,21261213,1,Greedy,Greedy,south,commander_capture,40,True,False,0
Greedy vs Greedy,301,21261214,0,Greedy,Greedy,north,commander_capture,99,True,False,0
Greedy vs Greedy,301,21261214,1,Greedy,Greedy,north,commander_capture,29,True,False,0
Greedy vs Greedy,302,21261215,0,Greedy,Greedy,south,commander_capture,50,True,False,0
Greedy vs Greedy,302,21261215,1,Greedy,Greedy,north,commander_capture,35,True,False,0
Greedy vs Greedy,303,21261216,0,Greedy,Greedy,north,commander_capture,85,True,False,0
Greedy vs Greedy,303,21261216,1,Greedy,Greedy,south,commander_capture,38,True,False,0
Greedy vs Greedy,304,21261217,0,Greedy,Greedy,north,commander_capture,81,True,False,0
Greedy vs Greedy,304,21261217,1,Greedy,Greedy,north,commander_capture,71,True,False,0
Greedy vs Greedy,305,21261218,0,Greedy,Greedy,south,commander_capture,66,True,False,0
Greedy vs Greedy,305,21261218,1,Greedy,Greedy,south,commander_capture,46,True,False,0
Greedy vs Greedy,306,21261219,0,Greedy,Greedy,south,commander_capture,26,True,False,0
Greedy vs Greedy,306,21261219,1,Greedy,Greedy,south,commander_capture,44,True,False,0
Greedy vs Greedy,307,21261220,0,Greedy,Greedy,south,commander_capture,6,True,False,0
Greedy vs Greedy,307,21261220,1,Greedy,Greedy,north,commander_capture,63,True,False,0
Greedy vs Greedy,308,21261221,0,Greedy,Greedy,south,commander_capture,60,True,False,0
Greedy vs Greedy,308,21261221,1,Greedy,Greedy,south,commander_capture,74,True,False,0
Greedy vs Greedy,309,21261222,0,Greedy,Greedy,north,commander_capture,71,True,False,0
Greedy vs Greedy,309,21261222,1,Greedy,Greedy,north,commander_capture,75,True,False,0
Greedy vs Greedy,310,21261223,0,Greedy,Greedy,north,commander_capture,13,True,False,0
Greedy vs Greedy,310,21261223,1,Greedy,Greedy,north,commander_capture,81,True,False,0
Greedy vs Greedy,311,21261224,0,Greedy,Greedy,north,commander_capture,27,True,False,0
Greedy vs Greedy,311,21261224,1,Greedy,Greedy,north,commander_capture,41,True,False,0
Greedy vs Greedy,312,21261225,0,Greedy,Greedy,north,commander_capture,35,True,False,0
Greedy vs Greedy,312,21261225,1,Greedy,Greedy,south,commander_capture,30,True,False,0
Greedy vs Greedy,313,21261226,0,Greedy,Greedy,north,commander_capture,41,True,False,0
Greedy vs Greedy,313,21261226,1,Greedy,Greedy,south,commander_capture,46,True,False,0
Greedy vs Greedy,314,21261227,0,Greedy,Greedy,north,commander_capture,87,True,False,0
Greedy vs Greedy,314,21261227,1,Greedy,Greedy,south,commander_capture,92,True,False,0
Greedy vs Greedy,315,21261228,0,Greedy,Greedy,south,commander_capture,40,True,False,0
Greedy vs Greedy,315,21261228,1,Greedy,Greedy,north,commander_capture,19,True,False,0
Greedy vs Greedy,316,21261229,0,Greedy,Greedy,south,commander_capture,38,True,False,0
Greedy vs Greedy,316,21261229,1,Greedy,Greedy,south,commander_capture,98,True,False,0
Greedy vs Greedy,317,21261230,0,Greedy,Greedy,south,commander_capture,40,True,False,0
Greedy vs Greedy,317,21261230,1,Greedy,Greedy,south,commander_capture,56,True,False,0
Greedy vs Greedy,318,21261231,0,Greedy,Greedy,south,commander_capture,44,True,False,0
Greedy vs Greedy,318,21261231,1,Greedy,Greedy,north,commander_capture,53,True,False,0
Greedy vs Greedy,319,21261232,0,Greedy,Greedy,north,commander_capture,85,True,False,0
Greedy vs Greedy,319,21261232,1,Greedy,Greedy,draw,threefold_repetition,510,True,False,0
Greedy vs Greedy,320,21261233,0,Greedy,Greedy,south,commander_capture,20,True,False,0
Greedy vs Greedy,320,21261233,1,Greedy,Greedy,north,commander_capture,47,True,False,0
Greedy vs Greedy,321,21261234,0,Greedy,Greedy,north,commander_capture,29,True,False,0
Greedy vs Greedy,321,21261234,1,Greedy,Greedy,south,commander_capture,26,True,False,0
Greedy vs Greedy,322,21261235,0,Greedy,Greedy,south,commander_capture,66,True,False,0
Greedy vs Greedy,322,21261235,1,Greedy,Greedy,south,commander_capture,102,True,False,0
Greedy vs Greedy,323,21261236,0,Greedy,Greedy,south,commander_capture,66,True,False,0
Greedy vs Greedy,323,21261236,1,Greedy,Greedy,north,commander_capture,61,True,False,0
Greedy vs Greedy,324,21261237,0,Greedy,Greedy,north,commander_capture,45,True,False,0
Greedy vs Greedy,324,21261237,1,Greedy,Greedy,south,commander_capture,56,True,False,0
Greedy vs Greedy,325,21261238,0,Greedy,Greedy,south,commander_capture,64,True,False,0
Greedy vs Greedy,325,21261238,1,Greedy,Greedy,south,commander_capture,106,True,False,0
Greedy vs Greedy,326,21261239,0,Greedy,Greedy,south,commander_capture,44,True,False,0
Greedy vs Greedy,326,21261239,1,Greedy,Greedy,south,commander_capture,68,True,False,0
Greedy vs Greedy,327,21261240,0,Greedy,Greedy,south,commander_capture,38,True,False,0
Greedy vs Greedy,327,21261240,1,Greedy,Greedy,north,commander_capture,47,True,False,0
Greedy vs Greedy,328,21261241,0,Greedy,Greedy,south,commander_capture,92,True,False,0
Greedy vs Greedy,328,21261241,1,Greedy,Greedy,south,commander_capture,92,True,False,0
Greedy vs Greedy,329,21261242,0,Greedy,Greedy,south,commander_capture,52,True,False,0
Greedy vs Greedy,329,21261242,1,Greedy,Greedy,south,commander_capture,70,True,False,0
Greedy vs Greedy,330,21261243,0,Greedy,Greedy,south,commander_capture,48,True,False,0
Greedy vs Greedy,330,21261243,1,Greedy,Greedy,south,commander_capture,98,True,False,0
Greedy vs Greedy,331,21261244,0,Greedy,Greedy,south,commander_capture,70,True,False,0
Greedy vs Greedy,331,21261244,1,Greedy,Greedy,north,commander_capture,45,True,False,0
Greedy vs Greedy,332,21261245,0,Greedy,Greedy,south,commander_capture,104,True,False,0
Greedy vs Greedy,332,21261245,1,Greedy,Greedy,north,commander_capture,57,True,False,0
Greedy vs Greedy,333,21261246,0,Greedy,Greedy,south,commander_capture,140,True,False,0
Greedy vs Greedy,333,21261246,1,Greedy,Greedy,draw,threefold_repetition,57,True,False,0
Greedy vs Greedy,334,21261247,0,Greedy,Greedy,north,commander_capture,17,True,False,0
Greedy vs Greedy,334,21261247,1,Greedy,Greedy,south,commander_capture,68,True,False,0
Greedy vs Greedy,335,21261248,0,Greedy,Greedy,north,commander_capture,55,True,False,0
Greedy vs Greedy,335,21261248,1,Greedy,Greedy,north,commander_capture,45,True,False,0
Greedy vs Greedy,336,21261249,0,Greedy,Greedy,south,commander_capture,28,True,False,0
Greedy vs Greedy,336,21261249,1,Greedy,Greedy,south,commander_capture,34,True,False,0
Greedy vs Greedy,337,21261250,0,Greedy,Greedy,south,commander_capture,26,True,False,0
Greedy vs Greedy,337,21261250,1,Greedy,Greedy,south,commander_capture,46,True,False,0
Greedy vs Greedy,338,21261251,0,Greedy,Greedy,south,commander_capture,94,True,False,0
Greedy vs Greedy,338,21261251,1,Greedy,Greedy,south,commander_capture,58,True,False,0
Greedy vs Greedy,339,21261252,0,Greedy,Greedy,north,commander_capture,81,True,False,0
Greedy vs Greedy,339,21261252,1,Greedy,Greedy,south,commander_capture,14,True,False,0
Greedy vs Greedy,340,21261253,0,Greedy,Greedy,north,commander_capture,39,True,False,0
Greedy vs Greedy,340,21261253,1,Greedy,Greedy,south,commander_capture,80,True,False,0
Greedy vs Greedy,341,21261254,0,Greedy,Greedy,south,commander_capture,90,True,False,0
Greedy vs Greedy,341,21261254,1,Greedy,Greedy,north,commander_capture,53,True,False,0
Greedy vs Greedy,342,21261255,0,Greedy,Greedy,south,commander_capture,40,True,False,0
Greedy vs Greedy,342,21261255,1,Greedy,Greedy,draw,threefold_repetition,62,True,False,0
Greedy vs Greedy,343,21261256,0,Greedy,Greedy,south,commander_capture,70,True,False,0
Greedy vs Greedy,343,21261256,1,Greedy,Greedy,south,commander_capture,28,True,False,0
Greedy vs Greedy,344,21261257,0,Greedy,Greedy,south,commander_capture,118,True,False,0
Greedy vs Greedy,344,21261257,1,Greedy,Greedy,south,commander_capture,86,True,False,0
Greedy vs Greedy,345,21261258,0,Greedy,Greedy,south,commander_capture,46,True,False,0
Greedy vs Greedy,345,21261258,1,Greedy,Greedy,north,commander_capture,35,True,False,0
Greedy vs Greedy,346,21261259,0,Greedy,Greedy,south,commander_capture,34,True,False,0
Greedy vs Greedy,346,21261259,1,Greedy,Greedy,south,commander_capture,56,True,False,0
Greedy vs Greedy,347,21261260,0,Greedy,Greedy,north,commander_capture,33,True,False,0
Greedy vs Greedy,347,21261260,1,Greedy,Greedy,north,commander_capture,59,True,False,0
Greedy vs Greedy,348,21261261,0,Greedy,Greedy,south,commander_capture,36,True,False,0
Greedy vs Greedy,348,21261261,1,Greedy,Greedy,south,commander_capture,80,True,False,0
Greedy vs Greedy,349,21261262,0,Greedy,Greedy,south,commander_capture,20,True,False,0
Greedy vs Greedy,349,21261262,1,Greedy,Greedy,south,commander_capture,18,True,False,0
Greedy vs Greedy,350,21261263,0,Greedy,Greedy,south,commander_capture,36,True,False,0
Greedy vs Greedy,350,21261263,1,Greedy,Greedy,north,commander_capture,47,True,False,0
Greedy vs Greedy,351,21261264,0,Greedy,Greedy,south,commander_capture,58,True,False,0
Greedy vs Greedy,351,21261264,1,Greedy,Greedy,north,commander_capture,49,True,False,0
Greedy vs Greedy,352,21261265,0,Greedy,Greedy,north,commander_capture,61,True,False,0
Greedy vs Greedy,352,21261265,1,Greedy,Greedy,south,commander_capture,70,True,False,0
Greedy vs Greedy,353,21261266,0,Greedy,Greedy,south,commander_capture,60,True,False,0
Greedy vs Greedy,353,21261266,1,Greedy,Greedy,south,commander_capture,76,True,False,0
Greedy vs Greedy,354,21261267,0,Greedy,Greedy,north,commander_capture,31,True,False,0
Greedy vs Greedy,354,21261267,1,Greedy,Greedy,south,commander_capture,92,True,False,0
Greedy vs Greedy,355,21261268,0,Greedy,Greedy,south,commander_capture,60,True,False,0
Greedy vs Greedy,355,21261268,1,Greedy,Greedy,north,commander_capture,103,True,False,0
Greedy vs Greedy,356,21261269,0,Greedy,Greedy,north,commander_capture,53,True,False,0
Greedy vs Greedy,356,21261269,1,Greedy,Greedy,north,commander_capture,43,True,False,0
Greedy vs Greedy,357,21261270,0,Greedy,Greedy,north,commander_capture,107,True,False,0
Greedy vs Greedy,357,21261270,1,Greedy,Greedy,north,commander_capture,81,True,False,0
Greedy vs Greedy,358,21261271,0,Greedy,Greedy,north,commander_capture,83,True,False,0
Greedy vs Greedy,358,21261271,1,Greedy,Greedy,south,commander_capture,82,True,False,0
Greedy vs Greedy,359,21261272,0,Greedy,Greedy,south,commander_capture,84,True,False,0
Greedy vs Greedy,359,21261272,1,Greedy,Greedy,south,commander_capture,26,True,False,0
Greedy vs Greedy,360,21261273,0,Greedy,Greedy,north,commander_capture,31,True,False,0
Greedy vs Greedy,360,21261273,1,Greedy,Greedy,north,commander_capture,29,True,False,0
Greedy vs Greedy,361,21261274,0,Greedy,Greedy,north,commander_capture,105,True,False,0
Greedy vs Greedy,361,21261274,1,Greedy,Greedy,south,commander_capture,52,True,False,0
Greedy vs Greedy,362,21261275,0,Greedy,Greedy,north,commander_capture,93,True,False,0
Greedy vs Greedy,362,21261275,1,Greedy,Greedy,south,commander_capture,74,True,False,0
Greedy vs Greedy,363,21261276,0,Greedy,Greedy,south,commander_capture,46,True,False,0
Greedy vs Greedy,363,21261276,1,Greedy,Greedy,north,commander_capture,51,True,False,0
Greedy vs Greedy,364,21261277,0,Greedy,Greedy,north,commander_capture,25,True,False,0
Greedy vs Greedy,364,21261277,1,Greedy,Greedy,south,commander_capture,32,True,False,0
Greedy vs Greedy,365,21261278,0,Greedy,Greedy,north,commander_capture,27,True,False,0
Greedy vs Greedy,365,21261278,1,Greedy,Greedy,north,commander_capture,67,True,False,0
Greedy vs Greedy,366,21261279,0,Greedy,Greedy,north,commander_capture,75,True,False,0
Greedy vs Greedy,366,21261279,1,Greedy,Greedy,north,commander_capture,91,True,False,0
Greedy vs Greedy,367,21261280,0,Greedy,Greedy,north,commander_capture,63,True,False,0
Greedy vs Greedy,367,21261280,1,Greedy,Greedy,south,commander_capture,94,True,False,0
Greedy vs Greedy,368,21261281,0,Greedy,Greedy,north,commander_capture,79,True,False,0
Greedy vs Greedy,368,21261281,1,Greedy,Greedy,south,commander_capture,108,True,False,0
Greedy vs Greedy,369,21261282,0,Greedy,Greedy,north,commander_capture,71,True,False,0
Greedy vs Greedy,369,21261282,1,Greedy,Greedy,south,commander_capture,78,True,False,0
Greedy vs Greedy,370,21261283,0,Greedy,Greedy,south,commander_capture,72,True,False,0
Greedy vs Greedy,370,21261283,1,Greedy,Greedy,north,commander_capture,55,True,False,0
Greedy vs Greedy,371,21261284,0,Greedy,Greedy,north,commander_capture,29,True,False,0
Greedy vs Greedy,371,21261284,1,Greedy,Greedy,south,commander_capture,54,True,False,0
Greedy vs Greedy,372,21261285,0,Greedy,Greedy,north,commander_capture,41,True,False,0
Greedy vs Greedy,372,21261285,1,Greedy,Greedy,south,commander_capture,68,True,False,0
Greedy vs Greedy,373,21261286,0,Greedy,Greedy,south,commander_capture,74,True,False,0
Greedy vs Greedy,373,21261286,1,Greedy,Greedy,north,commander_capture,73,True,False,0
Greedy vs Greedy,374,21261287,0,Greedy,Greedy,north,commander_capture,37,True,False,0
Greedy vs Greedy,374,21261287,1,Greedy,Greedy,north,commander_capture,63,True,False,0
Greedy vs Greedy,375,21261288,0,Greedy,Greedy,south,commander_capture,10,True,False,0
Greedy vs Greedy,375,21261288,1,Greedy,Greedy,south,commander_capture,36,True,False,0
Greedy vs Greedy,376,21261289,0,Greedy,Greedy,north,commander_capture,63,True,False,0
Greedy vs Greedy,376,21261289,1,Greedy,Greedy,south,commander_capture,40,True,False,0
Greedy vs Greedy,377,21261290,0,Greedy,Greedy,south,commander_capture,94,True,False,0
Greedy vs Greedy,377,21261290,1,Greedy,Greedy,north,commander_capture,15,True,False,0
Greedy vs Greedy,378,21261291,0,Greedy,Greedy,south,commander_capture,72,True,False,0
Greedy vs Greedy,378,21261291,1,Greedy,Greedy,south,commander_capture,60,True,False,0
Greedy vs Greedy,379,21261292,0,Greedy,Greedy,south,commander_capture,28,True,False,0
Greedy vs Greedy,379,21261292,1,Greedy,Greedy,south,commander_capture,72,True,False,0
Greedy vs Greedy,380,21261293,0,Greedy,Greedy,south,commander_capture,66,True,False,0
Greedy vs Greedy,380,21261293,1,Greedy,Greedy,south,commander_capture,104,True,False,0
Greedy vs Greedy,381,21261294,0,Greedy,Greedy,north,commander_capture,43,True,False,0
Greedy vs Greedy,381,21261294,1,Greedy,Greedy,north,commander_capture,55,True,False,0
Greedy vs Greedy,382,21261295,0,Greedy,Greedy,south,commander_capture,102,True,False,0
Greedy vs Greedy,382,21261295,1,Greedy,Greedy,south,commander_capture,70,True,False,0
Greedy vs Greedy,383,21261296,0,Greedy,Greedy,north,commander_capture,25,True,False,0
Greedy vs Greedy,383,21261296,1,Greedy,Greedy,south,commander_capture,60,True,False,0
Greedy vs Greedy,384,21261297,0,Greedy,Greedy,south,commander_capture,20,True,False,0
Greedy vs Greedy,384,21261297,1,Greedy,Greedy,north,commander_capture,47,True,False,0
Greedy vs Greedy,385,21261298,0,Greedy,Greedy,north,commander_capture,35,True,False,0
Greedy vs Greedy,385,21261298,1,Greedy,Greedy,south,commander_capture,34,True,False,0
Greedy vs Greedy,386,21261299,0,Greedy,Greedy,north,commander_capture,57,True,False,0
Greedy vs Greedy,386,21261299,1,Greedy,Greedy,north,commander_capture,91,True,False,0
Greedy vs Greedy,387,21261300,0,Greedy,Greedy,south,commander_capture,64,True,False,0
Greedy vs Greedy,387,21261300,1,Greedy,Greedy,north,commander_capture,43,True,False,0
Greedy vs Greedy,388,21261301,0,Greedy,Greedy,north,commander_capture,47,True,False,0
Greedy vs Greedy,388,21261301,1,Greedy,Greedy,south,commander_capture,48,True,False,0
Greedy vs Greedy,389,21261302,0,Greedy,Greedy,north,commander_capture,87,True,False,0
Greedy vs Greedy,389,21261302,1,Greedy,Greedy,south,commander_capture,72,True,False,0
Greedy vs Greedy,390,21261303,0,Greedy,Greedy,north,commander_capture,79,True,False,0
Greedy vs Greedy,390,21261303,1,Greedy,Greedy,north,commander_capture,21,True,False,0
Greedy vs Greedy,391,21261304,0,Greedy,Greedy,south,commander_capture,38,True,False,0
Greedy vs Greedy,391,21261304,1,Greedy,Greedy,south,commander_capture,30,True,False,0
Greedy vs Greedy,392,21261305,0,Greedy,Greedy,north,commander_capture,71,True,False,0
Greedy vs Greedy,392,21261305,1,Greedy,Greedy,north,commander_capture,33,True,False,0
Greedy vs Greedy,393,21261306,0,Greedy,Greedy,south,commander_capture,28,True,False,0
Greedy vs Greedy,393,21261306,1,Greedy,Greedy,north,commander_capture,67,True,False,0
Greedy vs Greedy,394,21261307,0,Greedy,Greedy,north,commander_capture,101,True,False,0
Greedy vs Greedy,394,21261307,1,Greedy,Greedy,north,commander_capture,79,True,False,0
Greedy vs Greedy,395,21261308,0,Greedy,Greedy,south,commander_capture,26,True,False,0
Greedy vs Greedy,395,21261308,1,Greedy,Greedy,south,commander_capture,38,True,False,0
Greedy vs Greedy,396,21261309,0,Greedy,Greedy,south,commander_capture,32,True,False,0
Greedy vs Greedy,396,21261309,1,Greedy,Greedy,north,commander_capture,91,True,False,0
Greedy vs Greedy,397,21261310,0,Greedy,Greedy,south,commander_capture,72,True,False,0
Greedy vs Greedy,397,21261310,1,Greedy,Greedy,north,commander_capture,73,True,False,0
Greedy vs Greedy,398,21261311,0,Greedy,Greedy,north,commander_capture,51,True,False,0
Greedy vs Greedy,398,21261311,1,Greedy,Greedy,north,commander_capture,31,True,False,0
Greedy vs Greedy,399,21261312,0,Greedy,Greedy,north,commander_capture,45,True,False,0
Greedy vs Greedy,399,21261312,1,Greedy,Greedy,south,commander_capture,22,True,False,0
Greedy vs Greedy,400,21261313,0,Greedy,Greedy,south,commander_capture,72,True,False,0
Greedy vs Greedy,400,21261313,1,Greedy,Greedy,south,commander_capture,42,True,False,0
Greedy vs Greedy,401,21261314,0,Greedy,Greedy,south,commander_capture,96,True,False,0
Greedy vs Greedy,401,21261314,1,Greedy,Greedy,south,commander_capture,100,True,False,0
Greedy vs Greedy,402,21261315,0,Greedy,Greedy,south,commander_capture,42,True,False,0
Greedy vs Greedy,402,21261315,1,Greedy,Greedy,north,commander_capture,41,True,False,0
Greedy vs Greedy,403,21261316,0,Greedy,Greedy,south,commander_capture,36,True,False,0
Greedy vs Greedy,403,21261316,1,Greedy,Greedy,south,commander_capture,40,True,False,0
Greedy vs Greedy,404,21261317,0,Greedy,Greedy,north,commander_capture,97,True,False,0
Greedy vs Greedy,404,21261317,1,Greedy,Greedy,south,commander_capture,94,True,False,0
Greedy vs Greedy,405,21261318,0,Greedy,Greedy,south,commander_capture,48,True,False,0
Greedy vs Greedy,405,21261318,1,Greedy,Greedy,south,commander_capture,52,True,False,0
Greedy vs Greedy,406,21261319,0,Greedy,Greedy,south,commander_capture,66,True,False,0
Greedy vs Greedy,406,21261319,1,Greedy,Greedy,south,commander_capture,42,True,False,0
Greedy vs Greedy,407,21261320,0,Greedy,Greedy,south,commander_capture,52,True,False,0
Greedy vs Greedy,407,21261320,1,Greedy,Greedy,north,commander_capture,61,True,False,0
Greedy vs Greedy,408,21261321,0,Greedy,Greedy,north,commander_capture,79,True,False,0
Greedy vs Greedy,408,21261321,1,Greedy,Greedy,north,commander_capture,61,True,False,0
Greedy vs Greedy,409,21261322,0,Greedy,Greedy,north,commander_capture,33,True,False,0
Greedy vs Greedy,409,21261322,1,Greedy,Greedy,south,commander_capture,50,True,False,0
Greedy vs Greedy,410,21261323,0,Greedy,Greedy,south,commander_capture,82,True,False,0
Greedy vs Greedy,410,21261323,1,Greedy,Greedy,south,commander_capture,80,True,False,0
Greedy vs Greedy,411,21261324,0,Greedy,Greedy,north,commander_capture,77,True,False,0
Greedy vs Greedy,411,21261324,1,Greedy,Greedy,north,commander_capture,65,True,False,0
Greedy vs Greedy,412,21261325,0,Greedy,Greedy,south,commander_capture,72,True,False,0
Greedy vs Greedy,412,21261325,1,Greedy,Greedy,south,commander_capture,76,True,False,0
Greedy vs Greedy,413,21261326,0,Greedy,Greedy,north,commander_capture,57,True,False,0
Greedy vs Greedy,413,21261326,1,Greedy,Greedy,north,commander_capture,99,True,False,0
Greedy vs Greedy,414,21261327,0,Greedy,Greedy,north,commander_capture,119,True,False,0
Greedy vs Greedy,414,21261327,1,Greedy,Greedy,south,commander_capture,66,True,False,0
Greedy vs Greedy,415,21261328,0,Greedy,Greedy,south,commander_capture,92,True,False,0
Greedy vs Greedy,415,21261328,1,Greedy,Greedy,south,commander_capture,40,True,False,0
Greedy vs Greedy,416,21261329,0,Greedy,Greedy,north,commander_capture,33,True,False,0
Greedy vs Greedy,416,21261329,1,Greedy,Greedy,south,commander_capture,84,True,False,0
Greedy vs Greedy,417,21261330,0,Greedy,Greedy,south,commander_capture,28,True,False,0
Greedy vs Greedy,417,21261330,1,Greedy,Greedy,south,commander_capture,52,True,False,0
Greedy vs Greedy,418,21261331,0,Greedy,Greedy,north,commander_capture,11,True,False,0
Greedy vs Greedy,418,21261331,1,Greedy,Greedy,north,commander_capture,91,True,False,0
Greedy vs Greedy,419,21261332,0,Greedy,Greedy,north,commander_capture,63,True,False,0
Greedy vs Greedy,419,21261332,1,Greedy,Greedy,,ply_limit,512,False,True,0
Greedy vs Greedy,420,21261333,0,Greedy,Greedy,north,commander_capture,19,True,False,0
Greedy vs Greedy,420,21261333,1,Greedy,Greedy,draw,threefold_repetition,58,True,False,0
Greedy vs Greedy,421,21261334,0,Greedy,Greedy,south,commander_capture,78,True,False,0
Greedy vs Greedy,421,21261334,1,Greedy,Greedy,north,commander_capture,97,True,False,0
Greedy vs Greedy,422,21261335,0,Greedy,Greedy,south,commander_capture,86,True,False,0
Greedy vs Greedy,422,21261335,1,Greedy,Greedy,south,commander_capture,66,True,False,0
Greedy vs Greedy,423,21261336,0,Greedy,Greedy,north,commander_capture,65,True,False,0
Greedy vs Greedy,423,21261336,1,Greedy,Greedy,south,commander_capture,60,True,False,0
Greedy vs Greedy,424,21261337,0,Greedy,Greedy,north,commander_capture,41,True,False,0
Greedy vs Greedy,424,21261337,1,Greedy,Greedy,south,commander_capture,98,True,False,0
Greedy vs Greedy,425,21261338,0,Greedy,Greedy,south,commander_capture,84,True,False,0
Greedy vs Greedy,425,21261338,1,Greedy,Greedy,south,commander_capture,40,True,False,0
Greedy vs Greedy,426,21261339,0,Greedy,Greedy,south,commander_capture,84,True,False,0
Greedy vs Greedy,426,21261339,1,Greedy,Greedy,south,commander_capture,24,True,False,0
Greedy vs Greedy,427,21261340,0,Greedy,Greedy,north,commander_capture,89,True,False,0
Greedy vs Greedy,427,21261340,1,Greedy,Greedy,north,commander_capture,77,True,False,0
Greedy vs Greedy,428,21261341,0,Greedy,Greedy,south,commander_capture,36,True,False,0
Greedy vs Greedy,428,21261341,1,Greedy,Greedy,north,commander_capture,63,True,False,0
Greedy vs Greedy,429,21261342,0,Greedy,Greedy,north,commander_capture,77,True,False,0
Greedy vs Greedy,429,21261342,1,Greedy,Greedy,north,commander_capture,29,True,False,0
Greedy vs Greedy,430,21261343,0,Greedy,Greedy,north,commander_capture,69,True,False,0
Greedy vs Greedy,430,21261343,1,Greedy,Greedy,south,commander_capture,62,True,False,0
Greedy vs Greedy,431,21261344,0,Greedy,Greedy,south,commander_capture,52,True,False,0
Greedy vs Greedy,431,21261344,1,Greedy,Greedy,south,commander_capture,72,True,False,0
Greedy vs Greedy,432,21261345,0,Greedy,Greedy,south,commander_capture,70,True,False,0
Greedy vs Greedy,432,21261345,1,Greedy,Greedy,north,commander_capture,67,True,False,0
Greedy vs Greedy,433,21261346,0,Greedy,Greedy,north,commander_capture,33,True,False,0
Greedy vs Greedy,433,21261346,1,Greedy,Greedy,north,commander_capture,21,True,False,0
Greedy vs Greedy,434,21261347,0,Greedy,Greedy,north,commander_capture,41,True,False,0
Greedy vs Greedy,434,21261347,1,Greedy,Greedy,north,commander_capture,39,True,False,0
Greedy vs Greedy,435,21261348,0,Greedy,Greedy,south,commander_capture,90,True,False,0
Greedy vs Greedy,435,21261348,1,Greedy,Greedy,north,commander_capture,49,True,False,0
Greedy vs Greedy,436,21261349,0,Greedy,Greedy,north,commander_capture,31,True,False,0
Greedy vs Greedy,436,21261349,1,Greedy,Greedy,south,commander_capture,54,True,False,0
Greedy vs Greedy,437,21261350,0,Greedy,Greedy,south,commander_capture,64,True,False,0
Greedy vs Greedy,437,21261350,1,Greedy,Greedy,south,commander_capture,62,True,False,0
Greedy vs Greedy,438,21261351,0,Greedy,Greedy,north,commander_capture,33,True,False,0
Greedy vs Greedy,438,21261351,1,Greedy,Greedy,north,commander_capture,53,True,False,0
Greedy vs Greedy,439,21261352,0,Greedy,Greedy,north,commander_capture,55,True,False,0
Greedy vs Greedy,439,21261352,1,Greedy,Greedy,north,commander_capture,65,True,False,0
Greedy vs Greedy,440,21261353,0,Greedy,Greedy,north,commander_capture,85,True,False,0
Greedy vs Greedy,440,21261353,1,Greedy,Greedy,south,commander_capture,30,True,False,0
Greedy vs Greedy,441,21261354,0,Greedy,Greedy,north,commander_capture,55,True,False,0
Greedy vs Greedy,441,21261354,1,Greedy,Greedy,south,commander_capture,36,True,False,0
Greedy vs Greedy,442,21261355,0,Greedy,Greedy,south,commander_capture,46,True,False,0
Greedy vs Greedy,442,21261355,1,Greedy,Greedy,south,commander_capture,60,True,False,0
Greedy vs Greedy,443,21261356,0,Greedy,Greedy,north,commander_capture,63,True,False,0
Greedy vs Greedy,443,21261356,1,Greedy,Greedy,south,commander_capture,122,True,False,0
Greedy vs Greedy,444,21261357,0,Greedy,Greedy,north,commander_capture,37,True,False,0
Greedy vs Greedy,444,21261357,1,Greedy,Greedy,north,commander_capture,45,True,False,0
Greedy vs Greedy,445,21261358,0,Greedy,Greedy,south,commander_capture,64,True,False,0
Greedy vs Greedy,445,21261358,1,Greedy,Greedy,north,commander_capture,47,True,False,0
Greedy vs Greedy,446,21261359,0,Greedy,Greedy,south,commander_capture,34,True,False,0
Greedy vs Greedy,446,21261359,1,Greedy,Greedy,south,commander_capture,80,True,False,0
Greedy vs Greedy,447,21261360,0,Greedy,Greedy,south,commander_capture,66,True,False,0
Greedy vs Greedy,447,21261360,1,Greedy,Greedy,south,commander_capture,30,True,False,0
Greedy vs Greedy,448,21261361,0,Greedy,Greedy,north,commander_capture,53,True,False,0
Greedy vs Greedy,448,21261361,1,Greedy,Greedy,south,commander_capture,42,True,False,0
Greedy vs Greedy,449,21261362,0,Greedy,Greedy,south,commander_capture,24,True,False,0
Greedy vs Greedy,449,21261362,1,Greedy,Greedy,south,commander_capture,8,True,False,0
Greedy vs Greedy,450,21261363,0,Greedy,Greedy,south,commander_capture,84,True,False,0
Greedy vs Greedy,450,21261363,1,Greedy,Greedy,draw,threefold_repetition,57,True,False,0
Greedy vs Greedy,451,21261364,0,Greedy,Greedy,south,commander_capture,44,True,False,0
Greedy vs Greedy,451,21261364,1,Greedy,Greedy,south,commander_capture,40,True,False,0
Greedy vs Greedy,452,21261365,0,Greedy,Greedy,north,commander_capture,43,True,False,0
Greedy vs Greedy,452,21261365,1,Greedy,Greedy,draw,threefold_repetition,62,True,False,0
Greedy vs Greedy,453,21261366,0,Greedy,Greedy,south,commander_capture,76,True,False,0
Greedy vs Greedy,453,21261366,1,Greedy,Greedy,south,commander_capture,66,True,False,0
Greedy vs Greedy,454,21261367,0,Greedy,Greedy,north,commander_capture,41,True,False,0
Greedy vs Greedy,454,21261367,1,Greedy,Greedy,south,commander_capture,70,True,False,0
Greedy vs Greedy,455,21261368,0,Greedy,Greedy,south,commander_capture,50,True,False,0
Greedy vs Greedy,455,21261368,1,Greedy,Greedy,north,commander_capture,69,True,False,0
Greedy vs Greedy,456,21261369,0,Greedy,Greedy,south,commander_capture,18,True,False,0
Greedy vs Greedy,456,21261369,1,Greedy,Greedy,south,commander_capture,78,True,False,0
Greedy vs Greedy,457,21261370,0,Greedy,Greedy,south,commander_capture,20,True,False,0
Greedy vs Greedy,457,21261370,1,Greedy,Greedy,north,commander_capture,57,True,False,0
Greedy vs Greedy,458,21261371,0,Greedy,Greedy,north,commander_capture,89,True,False,0
Greedy vs Greedy,458,21261371,1,Greedy,Greedy,south,commander_capture,114,True,False,0
Greedy vs Greedy,459,21261372,0,Greedy,Greedy,south,commander_capture,16,True,False,0
Greedy vs Greedy,459,21261372,1,Greedy,Greedy,north,commander_capture,75,True,False,0
Greedy vs Greedy,460,21261373,0,Greedy,Greedy,north,commander_capture,45,True,False,0
Greedy vs Greedy,460,21261373,1,Greedy,Greedy,north,commander_capture,71,True,False,0
Greedy vs Greedy,461,21261374,0,Greedy,Greedy,north,commander_capture,37,True,False,0
Greedy vs Greedy,461,21261374,1,Greedy,Greedy,south,commander_capture,52,True,False,0
Greedy vs Greedy,462,21261375,0,Greedy,Greedy,north,commander_capture,109,True,False,0
Greedy vs Greedy,462,21261375,1,Greedy,Greedy,south,commander_capture,44,True,False,0
Greedy vs Greedy,463,21261376,0,Greedy,Greedy,north,commander_capture,77,True,False,0
Greedy vs Greedy,463,21261376,1,Greedy,Greedy,north,commander_capture,57,True,False,0
Greedy vs Greedy,464,21261377,0,Greedy,Greedy,north,commander_capture,75,True,False,0
Greedy vs Greedy,464,21261377,1,Greedy,Greedy,north,commander_capture,57,True,False,0
Greedy vs Greedy,465,21261378,0,Greedy,Greedy,south,commander_capture,44,True,False,0
Greedy vs Greedy,465,21261378,1,Greedy,Greedy,south,commander_capture,20,True,False,0
Greedy vs Greedy,466,21261379,0,Greedy,Greedy,north,commander_capture,47,True,False,0
Greedy vs Greedy,466,21261379,1,Greedy,Greedy,south,commander_capture,32,True,False,0
Greedy vs Greedy,467,21261380,0,Greedy,Greedy,north,commander_capture,83,True,False,0
Greedy vs Greedy,467,21261380,1,Greedy,Greedy,south,commander_capture,90,True,False,0
Greedy vs Greedy,468,21261381,0,Greedy,Greedy,south,commander_capture,20,True,False,0
Greedy vs Greedy,468,21261381,1,Greedy,Greedy,south,commander_capture,60,True,False,0
Greedy vs Greedy,469,21261382,0,Greedy,Greedy,north,commander_capture,73,True,False,0
Greedy vs Greedy,469,21261382,1,Greedy,Greedy,north,commander_capture,17,True,False,0
Greedy vs Greedy,470,21261383,0,Greedy,Greedy,north,commander_capture,69,True,False,0
Greedy vs Greedy,470,21261383,1,Greedy,Greedy,north,commander_capture,91,True,False,0
Greedy vs Greedy,471,21261384,0,Greedy,Greedy,north,commander_capture,61,True,False,0
Greedy vs Greedy,471,21261384,1,Greedy,Greedy,north,commander_capture,85,True,False,0
Greedy vs Greedy,472,21261385,0,Greedy,Greedy,draw,threefold_repetition,82,True,False,0
Greedy vs Greedy,472,21261385,1,Greedy,Greedy,south,commander_capture,44,True,False,0
Greedy vs Greedy,473,21261386,0,Greedy,Greedy,south,commander_capture,92,True,False,0
Greedy vs Greedy,473,21261386,1,Greedy,Greedy,north,commander_capture,57,True,False,0
Greedy vs Greedy,474,21261387,0,Greedy,Greedy,north,commander_capture,15,True,False,0
Greedy vs Greedy,474,21261387,1,Greedy,Greedy,south,commander_capture,84,True,False,0
Greedy vs Greedy,475,21261388,0,Greedy,Greedy,south,commander_capture,52,True,False,0
Greedy vs Greedy,475,21261388,1,Greedy,Greedy,north,commander_capture,57,True,False,0
Greedy vs Greedy,476,21261389,0,Greedy,Greedy,north,commander_capture,37,True,False,0
Greedy vs Greedy,476,21261389,1,Greedy,Greedy,south,commander_capture,20,True,False,0
Greedy vs Greedy,477,21261390,0,Greedy,Greedy,north,commander_capture,91,True,False,0
Greedy vs Greedy,477,21261390,1,Greedy,Greedy,north,commander_capture,39,True,False,0
Greedy vs Greedy,478,21261391,0,Greedy,Greedy,south,commander_capture,36,True,False,0
Greedy vs Greedy,478,21261391,1,Greedy,Greedy,south,commander_capture,18,True,False,0
Greedy vs Greedy,479,21261392,0,Greedy,Greedy,south,commander_capture,76,True,False,0
Greedy vs Greedy,479,21261392,1,Greedy,Greedy,south,commander_capture,32,True,False,0
Greedy vs Greedy,480,21261393,0,Greedy,Greedy,south,commander_capture,56,True,False,0
Greedy vs Greedy,480,21261393,1,Greedy,Greedy,south,commander_capture,54,True,False,0
Greedy vs Greedy,481,21261394,0,Greedy,Greedy,north,commander_capture,41,True,False,0
Greedy vs Greedy,481,21261394,1,Greedy,Greedy,north,commander_capture,49,True,False,0
Greedy vs Greedy,482,21261395,0,Greedy,Greedy,north,commander_capture,83,True,False,0
Greedy vs Greedy,482,21261395,1,Greedy,Greedy,south,commander_capture,48,True,False,0
Greedy vs Greedy,483,21261396,0,Greedy,Greedy,north,commander_capture,13,True,False,0
Greedy vs Greedy,483,21261396,1,Greedy,Greedy,south,commander_capture,18,True,False,0
Greedy vs Greedy,484,21261397,0,Greedy,Greedy,south,commander_capture,102,True,False,0
Greedy vs Greedy,484,21261397,1,Greedy,Greedy,south,commander_capture,90,True,False,0
Greedy vs Greedy,485,21261398,0,Greedy,Greedy,south,commander_capture,18,True,False,0
Greedy vs Greedy,485,21261398,1,Greedy,Greedy,north,commander_capture,39,True,False,0
Greedy vs Greedy,486,21261399,0,Greedy,Greedy,south,commander_capture,76,True,False,0
Greedy vs Greedy,486,21261399,1,Greedy,Greedy,north,commander_capture,63,True,False,0
Greedy vs Greedy,487,21261400,0,Greedy,Greedy,south,commander_capture,58,True,False,0
Greedy vs Greedy,487,21261400,1,Greedy,Greedy,north,commander_capture,61,True,False,0
Greedy vs Greedy,488,21261401,0,Greedy,Greedy,south,commander_capture,38,True,False,0
Greedy vs Greedy,488,21261401,1,Greedy,Greedy,north,commander_capture,75,True,False,0
Greedy vs Greedy,489,21261402,0,Greedy,Greedy,north,commander_capture,89,True,False,0
Greedy vs Greedy,489,21261402,1,Greedy,Greedy,south,commander_capture,82,True,False,0
Greedy vs Greedy,490,21261403,0,Greedy,Greedy,north,commander_capture,97,True,False,0
Greedy vs Greedy,490,21261403,1,Greedy,Greedy,south,commander_capture,28,True,False,0
Greedy vs Greedy,491,21261404,0,Greedy,Greedy,north,commander_capture,43,True,False,0
Greedy vs Greedy,491,21261404,1,Greedy,Greedy,north,commander_capture,69,True,False,0
Greedy vs Greedy,492,21261405,0,Greedy,Greedy,north,commander_capture,45,True,False,0
Greedy vs Greedy,492,21261405,1,Greedy,Greedy,south,commander_capture,56,True,False,0
Greedy vs Greedy,493,21261406,0,Greedy,Greedy,south,commander_capture,30,True,False,0
Greedy vs Greedy,493,21261406,1,Greedy,Greedy,south,commander_capture,56,True,False,0
Greedy vs Greedy,494,21261407,0,Greedy,Greedy,north,commander_capture,67,True,False,0
Greedy vs Greedy,494,21261407,1,Greedy,Greedy,south,commander_capture,66,True,False,0
Greedy vs Greedy,495,21261408,0,Greedy,Greedy,north,commander_capture,101,True,False,0
Greedy vs Greedy,495,21261408,1,Greedy,Greedy,draw,threefold_repetition,31,True,False,0
Greedy vs Greedy,496,21261409,0,Greedy,Greedy,north,commander_capture,27,True,False,0
Greedy vs Greedy,496,21261409,1,Greedy,Greedy,north,commander_capture,113,True,False,0
Greedy vs Greedy,497,21261410,0,Greedy,Greedy,north,commander_capture,19,True,False,0
Greedy vs Greedy,497,21261410,1,Greedy,Greedy,north,commander_capture,45,True,False,0
Greedy vs Greedy,498,21261411,0,Greedy,Greedy,south,commander_capture,50,True,False,0
Greedy vs Greedy,498,21261411,1,Greedy,Greedy,north,commander_capture,45,True,False,0
Greedy vs Greedy,499,21261412,0,Greedy,Greedy,south,commander_capture,48,True,False,0
Greedy vs Greedy,499,21261412,1,Greedy,Greedy,north,commander_capture,71,True,False,0
Greedy vs Greedy,500,21261413,0,Greedy,Greedy,south,commander_capture,16,True,False,0
Greedy vs Greedy,500,21261413,1,Greedy,Greedy,north,commander_capture,29,True,False,0
Greedy vs Greedy,501,21261414,0,Greedy,Greedy,south,commander_capture,22,True,False,0
Greedy vs Greedy,501,21261414,1,Greedy,Greedy,draw,threefold_repetition,71,True,False,0
Greedy vs Greedy,502,21261415,0,Greedy,Greedy,south,commander_capture,36,True,False,0
Greedy vs Greedy,502,21261415,1,Greedy,Greedy,,ply_limit,512,False,True,0
Greedy vs Greedy,503,21261416,0,Greedy,Greedy,north,commander_capture,83,True,False,0
Greedy vs Greedy,503,21261416,1,Greedy,Greedy,south,commander_capture,82,True,False,0
Greedy vs Greedy,504,21261417,0,Greedy,Greedy,south,commander_capture,104,True,False,0
Greedy vs Greedy,504,21261417,1,Greedy,Greedy,north,commander_capture,73,True,False,0
Greedy vs Greedy,505,21261418,0,Greedy,Greedy,north,commander_capture,31,True,False,0
Greedy vs Greedy,505,21261418,1,Greedy,Greedy,north,commander_capture,71,True,False,0
Greedy vs Greedy,506,21261419,0,Greedy,Greedy,north,commander_capture,81,True,False,0
Greedy vs Greedy,506,21261419,1,Greedy,Greedy,south,commander_capture,64,True,False,0
Greedy vs Greedy,507,21261420,0,Greedy,Greedy,south,commander_capture,16,True,False,0
Greedy vs Greedy,507,21261420,1,Greedy,Greedy,draw,threefold_repetition,87,True,False,0
Greedy vs Greedy,508,21261421,0,Greedy,Greedy,south,commander_capture,96,True,False,0
Greedy vs Greedy,508,21261421,1,Greedy,Greedy,south,commander_capture,38,True,False,0
Greedy vs Greedy,509,21261422,0,Greedy,Greedy,north,commander_capture,77,True,False,0
Greedy vs Greedy,509,21261422,1,Greedy,Greedy,north,commander_capture,83,True,False,0
Greedy vs Greedy,510,21261423,0,Greedy,Greedy,north,commander_capture,17,True,False,0
Greedy vs Greedy,510,21261423,1,Greedy,Greedy,north,commander_capture,109,True,False,0
Greedy vs Greedy,511,21261424,0,Greedy,Greedy,north,commander_capture,79,True,False,0
Greedy vs Greedy,511,21261424,1,Greedy,Greedy,north,commander_capture,73,True,False,0
Greedy vs Greedy,512,21261425,0,Greedy,Greedy,north,commander_capture,99,True,False,0
Greedy vs Greedy,512,21261425,1,Greedy,Greedy,south,commander_capture,26,True,False,0
Greedy vs Greedy,513,21261426,0,Greedy,Greedy,south,commander_capture,34,True,False,0
Greedy vs Greedy,513,21261426,1,Greedy,Greedy,north,commander_capture,37,True,False,0
Greedy vs Greedy,514,21261427,0,Greedy,Greedy,north,commander_capture,25,True,False,0
Greedy vs Greedy,514,21261427,1,Greedy,Greedy,north,commander_capture,33,True,False,0
Greedy vs Greedy,515,21261428,0,Greedy,Greedy,north,commander_capture,43,True,False,0
Greedy vs Greedy,515,21261428,1,Greedy,Greedy,south,commander_capture,104,True,False,0
Greedy vs Greedy,516,21261429,0,Greedy,Greedy,north,commander_capture,65,True,False,0
Greedy vs Greedy,516,21261429,1,Greedy,Greedy,north,commander_capture,35,True,False,0
Greedy vs Greedy,517,21261430,0,Greedy,Greedy,north,commander_capture,45,True,False,0
Greedy vs Greedy,517,21261430,1,Greedy,Greedy,south,commander_capture,102,True,False,0
Greedy vs Greedy,518,21261431,0,Greedy,Greedy,south,commander_capture,26,True,False,0
Greedy vs Greedy,518,21261431,1,Greedy,Greedy,draw,threefold_repetition,63,True,False,0
Greedy vs Greedy,519,21261432,0,Greedy,Greedy,south,commander_capture,22,True,False,0
Greedy vs Greedy,519,21261432,1,Greedy,Greedy,north,commander_capture,35,True,False,0
Greedy vs Greedy,520,21261433,0,Greedy,Greedy,south,commander_capture,58,True,False,0
Greedy vs Greedy,520,21261433,1,Greedy,Greedy,south,commander_capture,90,True,False,0
Greedy vs Greedy,521,21261434,0,Greedy,Greedy,north,commander_capture,75,True,False,0
Greedy vs Greedy,521,21261434,1,Greedy,Greedy,south,commander_capture,34,True,False,0
Greedy vs Greedy,522,21261435,0,Greedy,Greedy,north,commander_capture,31,True,False,0
Greedy vs Greedy,522,21261435,1,Greedy,Greedy,south,commander_capture,68,True,False,0
Greedy vs Greedy,523,21261436,0,Greedy,Greedy,south,commander_capture,58,True,False,0
Greedy vs Greedy,523,21261436,1,Greedy,Greedy,south,commander_capture,66,True,False,0
Greedy vs Greedy,524,21261437,0,Greedy,Greedy,north,commander_capture,77,True,False,0
Greedy vs Greedy,524,21261437,1,Greedy,Greedy,north,commander_capture,43,True,False,0
Greedy vs Greedy,525,21261438,0,Greedy,Greedy,south,commander_capture,72,True,False,0
Greedy vs Greedy,525,21261438,1,Greedy,Greedy,south,commander_capture,64,True,False,0
Greedy vs Greedy,526,21261439,0,Greedy,Greedy,south,commander_capture,66,True,False,0
Greedy vs Greedy,526,21261439,1,Greedy,Greedy,south,commander_capture,52,True,False,0
Greedy vs Greedy,527,21261440,0,Greedy,Greedy,south,commander_capture,72,True,False,0
Greedy vs Greedy,527,21261440,1,Greedy,Greedy,south,commander_capture,32,True,False,0
Greedy vs Greedy,528,21261441,0,Greedy,Greedy,north,commander_capture,63,True,False,0
Greedy vs Greedy,528,21261441,1,Greedy,Greedy,north,commander_capture,55,True,False,0
Greedy vs Greedy,529,21261442,0,Greedy,Greedy,north,commander_capture,87,True,False,0
Greedy vs Greedy,529,21261442,1,Greedy,Greedy,south,commander_capture,40,True,False,0
Greedy vs Greedy,530,21261443,0,Greedy,Greedy,draw,threefold_repetition,60,True,False,0
Greedy vs Greedy,530,21261443,1,Greedy,Greedy,south,commander_capture,78,True,False,0
Greedy vs Greedy,531,21261444,0,Greedy,Greedy,south,commander_capture,84,True,False,0
Greedy vs Greedy,531,21261444,1,Greedy,Greedy,south,commander_capture,114,True,False,0
Greedy vs Greedy,532,21261445,0,Greedy,Greedy,north,commander_capture,91,True,False,0
Greedy vs Greedy,532,21261445,1,Greedy,Greedy,north,commander_capture,95,True,False,0
Greedy vs Greedy,533,21261446,0,Greedy,Greedy,north,commander_capture,7,True,False,0
Greedy vs Greedy,533,21261446,1,Greedy,Greedy,south,commander_capture,34,True,False,0
Greedy vs Greedy,534,21261447,0,Greedy,Greedy,north,commander_capture,35,True,False,0
Greedy vs Greedy,534,21261447,1,Greedy,Greedy,north,commander_capture,41,True,False,0
Greedy vs Greedy,535,21261448,0,Greedy,Greedy,north,commander_capture,119,True,False,0
Greedy vs Greedy,535,21261448,1,Greedy,Greedy,north,commander_capture,69,True,False,0
Greedy vs Greedy,536,21261449,0,Greedy,Greedy,south,commander_capture,52,True,False,0
Greedy vs Greedy,536,21261449,1,Greedy,Greedy,south,commander_capture,46,True,False,0
Greedy vs Greedy,537,21261450,0,Greedy,Greedy,north,commander_capture,77,True,False,0
Greedy vs Greedy,537,21261450,1,Greedy,Greedy,north,commander_capture,59,True,False,0
Greedy vs Greedy,538,21261451,0,Greedy,Greedy,south,commander_capture,44,True,False,0
Greedy vs Greedy,538,21261451,1,Greedy,Greedy,north,commander_capture,87,True,False,0
Greedy vs Greedy,539,21261452,0,Greedy,Greedy,north,commander_capture,33,True,False,0
Greedy vs Greedy,539,21261452,1,Greedy,Greedy,north,commander_capture,33,True,False,0
Greedy vs Greedy,540,21261453,0,Greedy,Greedy,north,commander_capture,95,True,False,0
Greedy vs Greedy,540,21261453,1,Greedy,Greedy,south,commander_capture,74,True,False,0
Greedy vs Greedy,541,21261454,0,Greedy,Greedy,south,commander_capture,76,True,False,0
Greedy vs Greedy,541,21261454,1,Greedy,Greedy,south,commander_capture,80,True,False,0
Greedy vs Greedy,542,21261455,0,Greedy,Greedy,north,commander_capture,103,True,False,0
Greedy vs Greedy,542,21261455,1,Greedy,Greedy,south,commander_capture,82,True,False,0
Greedy vs Greedy,543,21261456,0,Greedy,Greedy,north,commander_capture,65,True,False,0
Greedy vs Greedy,543,21261456,1,Greedy,Greedy,south,commander_capture,36,True,False,0
Greedy vs Greedy,544,21261457,0,Greedy,Greedy,south,commander_capture,72,True,False,0
Greedy vs Greedy,544,21261457,1,Greedy,Greedy,north,commander_capture,57,True,False,0
Greedy vs Greedy,545,21261458,0,Greedy,Greedy,north,commander_capture,43,True,False,0
Greedy vs Greedy,545,21261458,1,Greedy,Greedy,south,commander_capture,54,True,False,0
Greedy vs Greedy,546,21261459,0,Greedy,Greedy,north,commander_capture,95,True,False,0
Greedy vs Greedy,546,21261459,1,Greedy,Greedy,south,commander_capture,32,True,False,0
Greedy vs Greedy,547,21261460,0,Greedy,Greedy,north,commander_capture,49,True,False,0
Greedy vs Greedy,547,21261460,1,Greedy,Greedy,north,commander_capture,69,True,False,0
Greedy vs Greedy,548,21261461,0,Greedy,Greedy,south,commander_capture,22,True,False,0
Greedy vs Greedy,548,21261461,1,Greedy,Greedy,south,commander_capture,24,True,False,0
Greedy vs Greedy,549,21261462,0,Greedy,Greedy,north,commander_capture,43,True,False,0
Greedy vs Greedy,549,21261462,1,Greedy,Greedy,north,commander_capture,45,True,False,0
Greedy vs Greedy,550,21261463,0,Greedy,Greedy,north,commander_capture,67,True,False,0
Greedy vs Greedy,550,21261463,1,Greedy,Greedy,north,commander_capture,57,True,False,0
Greedy vs Greedy,551,21261464,0,Greedy,Greedy,south,commander_capture,44,True,False,0
Greedy vs Greedy,551,21261464,1,Greedy,Greedy,north,commander_capture,71,True,False,0
Greedy vs Greedy,552,21261465,0,Greedy,Greedy,south,commander_capture,52,True,False,0
Greedy vs Greedy,552,21261465,1,Greedy,Greedy,south,commander_capture,48,True,False,0
Greedy vs Greedy,553,21261466,0,Greedy,Greedy,south,commander_capture,46,True,False,0
Greedy vs Greedy,553,21261466,1,Greedy,Greedy,south,commander_capture,100,True,False,0
Greedy vs Greedy,554,21261467,0,Greedy,Greedy,north,commander_capture,65,True,False,0
Greedy vs Greedy,554,21261467,1,Greedy,Greedy,north,commander_capture,41,True,False,0
Greedy vs Greedy,555,21261468,0,Greedy,Greedy,south,commander_capture,42,True,False,0
Greedy vs Greedy,555,21261468,1,Greedy,Greedy,north,commander_capture,29,True,False,0
Greedy vs Greedy,556,21261469,0,Greedy,Greedy,north,commander_capture,81,True,False,0
Greedy vs Greedy,556,21261469,1,Greedy,Greedy,north,commander_capture,57,True,False,0
Greedy vs Greedy,557,21261470,0,Greedy,Greedy,north,commander_capture,47,True,False,0
Greedy vs Greedy,557,21261470,1,Greedy,Greedy,north,commander_capture,11,True,False,0
Greedy vs Greedy,558,21261471,0,Greedy,Greedy,north,commander_capture,49,True,False,0
Greedy vs Greedy,558,21261471,1,Greedy,Greedy,north,commander_capture,43,True,False,0
Greedy vs Greedy,559,21261472,0,Greedy,Greedy,south,commander_capture,72,True,False,0
Greedy vs Greedy,559,21261472,1,Greedy,Greedy,north,commander_capture,55,True,False,0
Greedy vs Greedy,560,21261473,0,Greedy,Greedy,south,commander_capture,48,True,False,0
Greedy vs Greedy,560,21261473,1,Greedy,Greedy,south,commander_capture,24,True,False,0
Greedy vs Greedy,561,21261474,0,Greedy,Greedy,south,commander_capture,60,True,False,0
Greedy vs Greedy,561,21261474,1,Greedy,Greedy,south,commander_capture,20,True,False,0
Greedy vs Greedy,562,21261475,0,Greedy,Greedy,north,commander_capture,61,True,False,0
Greedy vs Greedy,562,21261475,1,Greedy,Greedy,south,commander_capture,8,True,False,0
Greedy vs Greedy,563,21261476,0,Greedy,Greedy,south,commander_capture,60,True,False,0
Greedy vs Greedy,563,21261476,1,Greedy,Greedy,south,commander_capture,60,True,False,0
Greedy vs Greedy,564,21261477,0,Greedy,Greedy,north,commander_capture,35,True,False,0
Greedy vs Greedy,564,21261477,1,Greedy,Greedy,north,commander_capture,117,True,False,0
Greedy vs Greedy,565,21261478,0,Greedy,Greedy,south,commander_capture,70,True,False,0
Greedy vs Greedy,565,21261478,1,Greedy,Greedy,north,commander_capture,35,True,False,0
Greedy vs Greedy,566,21261479,0,Greedy,Greedy,north,commander_capture,79,True,False,0
Greedy vs Greedy,566,21261479,1,Greedy,Greedy,north,commander_capture,75,True,False,0
Greedy vs Greedy,567,21261480,0,Greedy,Greedy,north,commander_capture,57,True,False,0
Greedy vs Greedy,567,21261480,1,Greedy,Greedy,north,commander_capture,97,True,False,0
Greedy vs Greedy,568,21261481,0,Greedy,Greedy,south,commander_capture,46,True,False,0
Greedy vs Greedy,568,21261481,1,Greedy,Greedy,south,commander_capture,34,True,False,0
Greedy vs Greedy,569,21261482,0,Greedy,Greedy,south,commander_capture,48,True,False,0
Greedy vs Greedy,569,21261482,1,Greedy,Greedy,south,commander_capture,48,True,False,0
Greedy vs Greedy,570,21261483,0,Greedy,Greedy,south,commander_capture,26,True,False,0
Greedy vs Greedy,570,21261483,1,Greedy,Greedy,north,commander_capture,43,True,False,0
Greedy vs Greedy,571,21261484,0,Greedy,Greedy,south,commander_capture,126,True,False,0
Greedy vs Greedy,571,21261484,1,Greedy,Greedy,north,commander_capture,33,True,False,0
Greedy vs Greedy,572,21261485,0,Greedy,Greedy,north,commander_capture,43,True,False,0
Greedy vs Greedy,572,21261485,1,Greedy,Greedy,south,commander_capture,92,True,False,0
Greedy vs Greedy,573,21261486,0,Greedy,Greedy,north,commander_capture,29,True,False,0
Greedy vs Greedy,573,21261486,1,Greedy,Greedy,south,commander_capture,30,True,False,0
Greedy vs Greedy,574,21261487,0,Greedy,Greedy,north,commander_capture,31,True,False,0
Greedy vs Greedy,574,21261487,1,Greedy,Greedy,south,commander_capture,48,True,False,0
Greedy vs Greedy,575,21261488,0,Greedy,Greedy,south,commander_capture,36,True,False,0
Greedy vs Greedy,575,21261488,1,Greedy,Greedy,north,commander_capture,17,True,False,0
Greedy vs Greedy,576,21261489,0,Greedy,Greedy,south,commander_capture,58,True,False,0
Greedy vs Greedy,576,21261489,1,Greedy,Greedy,south,commander_capture,80,True,False,0
Greedy vs Greedy,577,21261490,0,Greedy,Greedy,south,commander_capture,58,True,False,0
Greedy vs Greedy,577,21261490,1,Greedy,Greedy,south,commander_capture,26,True,False,0
Greedy vs Greedy,578,21261491,0,Greedy,Greedy,south,commander_capture,42,True,False,0
Greedy vs Greedy,578,21261491,1,Greedy,Greedy,north,commander_capture,33,True,False,0
Greedy vs Greedy,579,21261492,0,Greedy,Greedy,north,commander_capture,89,True,False,0
Greedy vs Greedy,579,21261492,1,Greedy,Greedy,north,commander_capture,85,True,False,0
Greedy vs Greedy,580,21261493,0,Greedy,Greedy,north,commander_capture,69,True,False,0
Greedy vs Greedy,580,21261493,1,Greedy,Greedy,south,commander_capture,66,True,False,0
Greedy vs Greedy,581,21261494,0,Greedy,Greedy,north,commander_capture,73,True,False,0
Greedy vs Greedy,581,21261494,1,Greedy,Greedy,south,commander_capture,34,True,False,0
Greedy vs Greedy,582,21261495,0,Greedy,Greedy,north,commander_capture,63,True,False,0
Greedy vs Greedy,582,21261495,1,Greedy,Greedy,south,commander_capture,48,True,False,0
Greedy vs Greedy,583,21261496,0,Greedy,Greedy,north,commander_capture,43,True,False,0
Greedy vs Greedy,583,21261496,1,Greedy,Greedy,north,commander_capture,99,True,False,0
Greedy vs Greedy,584,21261497,0,Greedy,Greedy,north,commander_capture,87,True,False,0
Greedy vs Greedy,584,21261497,1,Greedy,Greedy,north,commander_capture,45,True,False,0
Greedy vs Greedy,585,21261498,0,Greedy,Greedy,south,commander_capture,46,True,False,0
Greedy vs Greedy,585,21261498,1,Greedy,Greedy,north,commander_capture,39,True,False,0
Greedy vs Greedy,586,21261499,0,Greedy,Greedy,south,commander_capture,12,True,False,0
Greedy vs Greedy,586,21261499,1,Greedy,Greedy,north,commander_capture,69,True,False,0
Greedy vs Greedy,587,21261500,0,Greedy,Greedy,south,commander_capture,52,True,False,0
Greedy vs Greedy,587,21261500,1,Greedy,Greedy,south,commander_capture,124,True,False,0
Greedy vs Greedy,588,21261501,0,Greedy,Greedy,south,commander_capture,20,True,False,0
Greedy vs Greedy,588,21261501,1,Greedy,Greedy,south,commander_capture,50,True,False,0
Greedy vs Greedy,589,21261502,0,Greedy,Greedy,north,commander_capture,49,True,False,0
Greedy vs Greedy,589,21261502,1,Greedy,Greedy,south,commander_capture,50,True,False,0
Greedy vs Greedy,590,21261503,0,Greedy,Greedy,south,commander_capture,40,True,False,0
Greedy vs Greedy,590,21261503,1,Greedy,Greedy,north,commander_capture,73,True,False,0
Greedy vs Greedy,591,21261504,0,Greedy,Greedy,north,commander_capture,47,True,False,0
Greedy vs Greedy,591,21261504,1,Greedy,Greedy,north,commander_capture,55,True,False,0
Greedy vs Greedy,592,21261505,0,Greedy,Greedy,south,commander_capture,56,True,False,0
Greedy vs Greedy,592,21261505,1,Greedy,Greedy,south,commander_capture,32,True,False,0
Greedy vs Greedy,593,21261506,0,Greedy,Greedy,north,commander_capture,31,True,False,0
Greedy vs Greedy,593,21261506,1,Greedy,Greedy,south,commander_capture,80,True,False,0
Greedy vs Greedy,594,21261507,0,Greedy,Greedy,north,commander_capture,79,True,False,0
Greedy vs Greedy,594,21261507,1,Greedy,Greedy,south,commander_capture,16,True,False,0
Greedy vs Greedy,595,21261508,0,Greedy,Greedy,north,commander_capture,35,True,False,0
Greedy vs Greedy,595,21261508,1,Greedy,Greedy,north,commander_capture,67,True,False,0
Greedy vs Greedy,596,21261509,0,Greedy,Greedy,north,commander_capture,103,True,False,0
Greedy vs Greedy,596,21261509,1,Greedy,Greedy,south,commander_capture,52,True,False,0
Greedy vs Greedy,597,21261510,0,Greedy,Greedy,south,commander_capture,58,True,False,0
Greedy vs Greedy,597,21261510,1,Greedy,Greedy,north,commander_capture,63,True,False,0
Greedy vs Greedy,598,21261511,0,Greedy,Greedy,south,commander_capture,40,True,False,0
Greedy vs Greedy,598,21261511,1,Greedy,Greedy,north,commander_capture,21,True,False,0
Greedy vs Greedy,599,21261512,0,Greedy,Greedy,north,commander_capture,19,True,False,0
Greedy vs Greedy,599,21261512,1,Greedy,Greedy,north,commander_capture,39,True,False,0
Greedy vs Greedy,600,21261513,0,Greedy,Greedy,south,commander_capture,24,True,False,0
Greedy vs Greedy,600,21261513,1,Greedy,Greedy,north,commander_capture,35,True,False,0
Greedy vs Greedy,601,21261514,0,Greedy,Greedy,north,commander_capture,63,True,False,0
Greedy vs Greedy,601,21261514,1,Greedy,Greedy,south,commander_capture,32,True,False,0
Greedy vs Greedy,602,21261515,0,Greedy,Greedy,south,commander_capture,108,True,False,0
Greedy vs Greedy,602,21261515,1,Greedy,Greedy,north,commander_capture,33,True,False,0
Greedy vs Greedy,603,21261516,0,Greedy,Greedy,south,commander_capture,90,True,False,0
Greedy vs Greedy,603,21261516,1,Greedy,Greedy,north,commander_capture,69,True,False,0
Greedy vs Greedy,604,21261517,0,Greedy,Greedy,north,commander_capture,71,True,False,0
Greedy vs Greedy,604,21261517,1,Greedy,Greedy,north,commander_capture,43,True,False,0
Greedy vs Greedy,605,21261518,0,Greedy,Greedy,south,commander_capture,74,True,False,0
Greedy vs Greedy,605,21261518,1,Greedy,Greedy,north,commander_capture,51,True,False,0
Greedy vs Greedy,606,21261519,0,Greedy,Greedy,south,commander_capture,66,True,False,0
Greedy vs Greedy,606,21261519,1,Greedy,Greedy,north,commander_capture,83,True,False,0
Greedy vs Greedy,607,21261520,0,Greedy,Greedy,north,commander_capture,25,True,False,0
Greedy vs Greedy,607,21261520,1,Greedy,Greedy,south,commander_capture,84,True,False,0
Greedy vs Greedy,608,21261521,0,Greedy,Greedy,south,commander_capture,82,True,False,0
Greedy vs Greedy,608,21261521,1,Greedy,Greedy,north,commander_capture,81,True,False,0
Greedy vs Greedy,609,21261522,0,Greedy,Greedy,north,commander_capture,23,True,False,0
Greedy vs Greedy,609,21261522,1,Greedy,Greedy,draw,threefold_repetition,75,True,False,0
Greedy vs Greedy,610,21261523,0,Greedy,Greedy,north,commander_capture,51,True,False,0
Greedy vs Greedy,610,21261523,1,Greedy,Greedy,north,commander_capture,57,True,False,0
Greedy vs Greedy,611,21261524,0,Greedy,Greedy,north,commander_capture,57,True,False,0
Greedy vs Greedy,611,21261524,1,Greedy,Greedy,south,commander_capture,74,True,False,0
Greedy vs Greedy,612,21261525,0,Greedy,Greedy,north,commander_capture,87,True,False,0
Greedy vs Greedy,612,21261525,1,Greedy,Greedy,south,commander_capture,36,True,False,0
Greedy vs Greedy,613,21261526,0,Greedy,Greedy,north,commander_capture,91,True,False,0
Greedy vs Greedy,613,21261526,1,Greedy,Greedy,south,commander_capture,44,True,False,0
Greedy vs Greedy,614,21261527,0,Greedy,Greedy,north,commander_capture,87,True,False,0
Greedy vs Greedy,614,21261527,1,Greedy,Greedy,north,commander_capture,49,True,False,0
Greedy vs Greedy,615,21261528,0,Greedy,Greedy,south,commander_capture,54,True,False,0
Greedy vs Greedy,615,21261528,1,Greedy,Greedy,south,commander_capture,62,True,False,0
Greedy vs Greedy,616,21261529,0,Greedy,Greedy,south,commander_capture,82,True,False,0
Greedy vs Greedy,616,21261529,1,Greedy,Greedy,south,commander_capture,72,True,False,0
Greedy vs Greedy,617,21261530,0,Greedy,Greedy,north,commander_capture,71,True,False,0
Greedy vs Greedy,617,21261530,1,Greedy,Greedy,north,commander_capture,75,True,False,0
Greedy vs Greedy,618,21261531,0,Greedy,Greedy,north,commander_capture,61,True,False,0
Greedy vs Greedy,618,21261531,1,Greedy,Greedy,north,commander_capture,39,True,False,0
Greedy vs Greedy,619,21261532,0,Greedy,Greedy,north,commander_capture,31,True,False,0
Greedy vs Greedy,619,21261532,1,Greedy,Greedy,north,commander_capture,63,True,False,0
Greedy vs Greedy,620,21261533,0,Greedy,Greedy,north,commander_capture,29,True,False,0
Greedy vs Greedy,620,21261533,1,Greedy,Greedy,south,commander_capture,42,True,False,0
Greedy vs Greedy,621,21261534,0,Greedy,Greedy,north,commander_capture,93,True,False,0
Greedy vs Greedy,621,21261534,1,Greedy,Greedy,north,commander_capture,25,True,False,0
Greedy vs Greedy,622,21261535,0,Greedy,Greedy,south,commander_capture,94,True,False,0
Greedy vs Greedy,622,21261535,1,Greedy,Greedy,north,commander_capture,61,True,False,0
Greedy vs Greedy,623,21261536,0,Greedy,Greedy,north,commander_capture,45,True,False,0
Greedy vs Greedy,623,21261536,1,Greedy,Greedy,north,commander_capture,81,True,False,0
Greedy vs Greedy,624,21261537,0,Greedy,Greedy,south,commander_capture,42,True,False,0
Greedy vs Greedy,624,21261537,1,Greedy,Greedy,south,commander_capture,34,True,False,0
Greedy vs Greedy,625,21261538,0,Greedy,Greedy,north,commander_capture,59,True,False,0
Greedy vs Greedy,625,21261538,1,Greedy,Greedy,north,commander_capture,89,True,False,0
Greedy vs Greedy,626,21261539,0,Greedy,Greedy,south,commander_capture,60,True,False,0
Greedy vs Greedy,626,21261539,1,Greedy,Greedy,south,commander_capture,22,True,False,0
Greedy vs Greedy,627,21261540,0,Greedy,Greedy,north,commander_capture,101,True,False,0
Greedy vs Greedy,627,21261540,1,Greedy,Greedy,north,commander_capture,71,True,False,0
Greedy vs Greedy,628,21261541,0,Greedy,Greedy,south,commander_capture,32,True,False,0
Greedy vs Greedy,628,21261541,1,Greedy,Greedy,north,commander_capture,37,True,False,0
Greedy vs Greedy,629,21261542,0,Greedy,Greedy,south,commander_capture,52,True,False,0
Greedy vs Greedy,629,21261542,1,Greedy,Greedy,north,commander_capture,33,True,False,0
Greedy vs Greedy,630,21261543,0,Greedy,Greedy,south,commander_capture,40,True,False,0
Greedy vs Greedy,630,21261543,1,Greedy,Greedy,north,commander_capture,51,True,False,0
Greedy vs Greedy,631,21261544,0,Greedy,Greedy,north,commander_capture,31,True,False,0
Greedy vs Greedy,631,21261544,1,Greedy,Greedy,south,commander_capture,38,True,False,0
Greedy vs Greedy,632,21261545,0,Greedy,Greedy,north,commander_capture,21,True,False,0
Greedy vs Greedy,632,21261545,1,Greedy,Greedy,north,commander_capture,53,True,False,0
Greedy vs Greedy,633,21261546,0,Greedy,Greedy,south,commander_capture,78,True,False,0
Greedy vs Greedy,633,21261546,1,Greedy,Greedy,north,commander_capture,45,True,False,0
Greedy vs Greedy,634,21261547,0,Greedy,Greedy,north,commander_capture,75,True,False,0
Greedy vs Greedy,634,21261547,1,Greedy,Greedy,north,commander_capture,21,True,False,0
Greedy vs Greedy,635,21261548,0,Greedy,Greedy,north,commander_capture,51,True,False,0
Greedy vs Greedy,635,21261548,1,Greedy,Greedy,north,commander_capture,81,True,False,0
Greedy vs Greedy,636,21261549,0,Greedy,Greedy,draw,threefold_repetition,48,True,False,0
Greedy vs Greedy,636,21261549,1,Greedy,Greedy,south,commander_capture,40,True,False,0
Greedy vs Greedy,637,21261550,0,Greedy,Greedy,north,commander_capture,107,True,False,0
Greedy vs Greedy,637,21261550,1,Greedy,Greedy,south,commander_capture,74,True,False,0
Greedy vs Greedy,638,21261551,0,Greedy,Greedy,north,commander_capture,35,True,False,0
Greedy vs Greedy,638,21261551,1,Greedy,Greedy,south,commander_capture,26,True,False,0
Greedy vs Greedy,639,21261552,0,Greedy,Greedy,north,commander_capture,107,True,False,0
Greedy vs Greedy,639,21261552,1,Greedy,Greedy,north,commander_capture,29,True,False,0
Greedy vs Greedy,640,21261553,0,Greedy,Greedy,south,commander_capture,98,True,False,0
Greedy vs Greedy,640,21261553,1,Greedy,Greedy,south,commander_capture,50,True,False,0
Greedy vs Greedy,641,21261554,0,Greedy,Greedy,south,commander_capture,26,True,False,0
Greedy vs Greedy,641,21261554,1,Greedy,Greedy,south,commander_capture,46,True,False,0
Greedy vs Greedy,642,21261555,0,Greedy,Greedy,north,commander_capture,43,True,False,0
Greedy vs Greedy,642,21261555,1,Greedy,Greedy,south,commander_capture,52,True,False,0
Greedy vs Greedy,643,21261556,0,Greedy,Greedy,north,commander_capture,97,True,False,0
Greedy vs Greedy,643,21261556,1,Greedy,Greedy,north,commander_capture,51,True,False,0
Greedy vs Greedy,644,21261557,0,Greedy,Greedy,north,commander_capture,57,True,False,0
Greedy vs Greedy,644,21261557,1,Greedy,Greedy,south,commander_capture,88,True,False,0
Greedy vs Greedy,645,21261558,0,Greedy,Greedy,north,commander_capture,73,True,False,0
Greedy vs Greedy,645,21261558,1,Greedy,Greedy,north,commander_capture,79,True,False,0
Greedy vs Greedy,646,21261559,0,Greedy,Greedy,north,commander_capture,61,True,False,0
Greedy vs Greedy,646,21261559,1,Greedy,Greedy,,ply_limit,512,False,True,0
Greedy vs Greedy,647,21261560,0,Greedy,Greedy,south,commander_capture,52,True,False,0
Greedy vs Greedy,647,21261560,1,Greedy,Greedy,south,commander_capture,60,True,False,0
Greedy vs Greedy,648,21261561,0,Greedy,Greedy,south,commander_capture,86,True,False,0
Greedy vs Greedy,648,21261561,1,Greedy,Greedy,north,commander_capture,39,True,False,0
Greedy vs Greedy,649,21261562,0,Greedy,Greedy,south,commander_capture,44,True,False,0
Greedy vs Greedy,649,21261562,1,Greedy,Greedy,north,commander_capture,51,True,False,0
Greedy vs Greedy,650,21261563,0,Greedy,Greedy,north,commander_capture,57,True,False,0
Greedy vs Greedy,650,21261563,1,Greedy,Greedy,north,commander_capture,49,True,False,0
Greedy vs Greedy,651,21261564,0,Greedy,Greedy,north,commander_capture,71,True,False,0
Greedy vs Greedy,651,21261564,1,Greedy,Greedy,south,commander_capture,40,True,False,0
Greedy vs Greedy,652,21261565,0,Greedy,Greedy,south,commander_capture,44,True,False,0
Greedy vs Greedy,652,21261565,1,Greedy,Greedy,south,commander_capture,26,True,False,0
Greedy vs Greedy,653,21261566,0,Greedy,Greedy,north,commander_capture,59,True,False,0
Greedy vs Greedy,653,21261566,1,Greedy,Greedy,north,commander_capture,59,True,False,0
Greedy vs Greedy,654,21261567,0,Greedy,Greedy,north,commander_capture,55,True,False,0
Greedy vs Greedy,654,21261567,1,Greedy,Greedy,south,commander_capture,68,True,False,0
Greedy vs Greedy,655,21261568,0,Greedy,Greedy,north,commander_capture,63,True,False,0
Greedy vs Greedy,655,21261568,1,Greedy,Greedy,south,commander_capture,72,True,False,0
Greedy vs Greedy,656,21261569,0,Greedy,Greedy,north,commander_capture,71,True,False,0
Greedy vs Greedy,656,21261569,1,Greedy,Greedy,north,commander_capture,65,True,False,0
Greedy vs Greedy,657,21261570,0,Greedy,Greedy,south,commander_capture,36,True,False,0
Greedy vs Greedy,657,21261570,1,Greedy,Greedy,south,commander_capture,34,True,False,0
Greedy vs Greedy,658,21261571,0,Greedy,Greedy,north,commander_capture,57,True,False,0
Greedy vs Greedy,658,21261571,1,Greedy,Greedy,south,commander_capture,68,True,False,0
Greedy vs Greedy,659,21261572,0,Greedy,Greedy,draw,threefold_repetition,81,True,False,0
Greedy vs Greedy,659,21261572,1,Greedy,Greedy,south,commander_capture,90,True,False,0
Greedy vs Greedy,660,21261573,0,Greedy,Greedy,north,commander_capture,27,True,False,0
Greedy vs Greedy,660,21261573,1,Greedy,Greedy,north,commander_capture,43,True,False,0
Greedy vs Greedy,661,21261574,0,Greedy,Greedy,north,commander_capture,103,True,False,0
Greedy vs Greedy,661,21261574,1,Greedy,Greedy,south,commander_capture,62,True,False,0
Greedy vs Greedy,662,21261575,0,Greedy,Greedy,south,commander_capture,50,True,False,0
Greedy vs Greedy,662,21261575,1,Greedy,Greedy,south,commander_capture,54,True,False,0
Greedy vs Greedy,663,21261576,0,Greedy,Greedy,north,commander_capture,45,True,False,0
Greedy vs Greedy,663,21261576,1,Greedy,Greedy,south,commander_capture,104,True,False,0
Greedy vs Greedy,664,21261577,0,Greedy,Greedy,south,commander_capture,54,True,False,0
Greedy vs Greedy,664,21261577,1,Greedy,Greedy,north,commander_capture,21,True,False,0
Greedy vs Greedy,665,21261578,0,Greedy,Greedy,south,commander_capture,26,True,False,0
Greedy vs Greedy,665,21261578,1,Greedy,Greedy,south,commander_capture,54,True,False,0
Greedy vs Greedy,666,21261579,0,Greedy,Greedy,south,commander_capture,64,True,False,0
Greedy vs Greedy,666,21261579,1,Greedy,Greedy,north,commander_capture,97,True,False,0
Greedy vs Greedy,667,21261580,0,Greedy,Greedy,south,commander_capture,32,True,False,0
Greedy vs Greedy,667,21261580,1,Greedy,Greedy,south,commander_capture,80,True,False,0
Greedy vs Greedy,668,21261581,0,Greedy,Greedy,north,commander_capture,61,True,False,0
Greedy vs Greedy,668,21261581,1,Greedy,Greedy,south,commander_capture,80,True,False,0
Greedy vs Greedy,669,21261582,0,Greedy,Greedy,north,commander_capture,53,True,False,0
Greedy vs Greedy,669,21261582,1,Greedy,Greedy,south,commander_capture,54,True,False,0
Greedy vs Greedy,670,21261583,0,Greedy,Greedy,north,commander_capture,59,True,False,0
Greedy vs Greedy,670,21261583,1,Greedy,Greedy,south,commander_capture,18,True,False,0
Greedy vs Greedy,671,21261584,0,Greedy,Greedy,north,commander_capture,27,True,False,0
Greedy vs Greedy,671,21261584,1,Greedy,Greedy,north,commander_capture,105,True,False,0
Greedy vs Greedy,672,21261585,0,Greedy,Greedy,south,commander_capture,44,True,False,0
Greedy vs Greedy,672,21261585,1,Greedy,Greedy,south,commander_capture,96,True,False,0
Greedy vs Greedy,673,21261586,0,Greedy,Greedy,south,commander_capture,94,True,False,0
Greedy vs Greedy,673,21261586,1,Greedy,Greedy,north,commander_capture,79,True,False,0
Greedy vs Greedy,674,21261587,0,Greedy,Greedy,north,commander_capture,53,True,False,0
Greedy vs Greedy,674,21261587,1,Greedy,Greedy,north,commander_capture,89,True,False,0
Greedy vs Greedy,675,21261588,0,Greedy,Greedy,north,commander_capture,69,True,False,0
Greedy vs Greedy,675,21261588,1,Greedy,Greedy,south,commander_capture,52,True,False,0
Greedy vs Greedy,676,21261589,0,Greedy,Greedy,south,commander_capture,10,True,False,0
Greedy vs Greedy,676,21261589,1,Greedy,Greedy,south,commander_capture,60,True,False,0
Greedy vs Greedy,677,21261590,0,Greedy,Greedy,north,commander_capture,95,True,False,0
Greedy vs Greedy,677,21261590,1,Greedy,Greedy,north,commander_capture,35,True,False,0
Greedy vs Greedy,678,21261591,0,Greedy,Greedy,draw,threefold_repetition,75,True,False,0
Greedy vs Greedy,678,21261591,1,Greedy,Greedy,north,commander_capture,47,True,False,0
Greedy vs Greedy,679,21261592,0,Greedy,Greedy,north,commander_capture,53,True,False,0
Greedy vs Greedy,679,21261592,1,Greedy,Greedy,north,commander_capture,25,True,False,0
Greedy vs Greedy,680,21261593,0,Greedy,Greedy,south,commander_capture,74,True,False,0
Greedy vs Greedy,680,21261593,1,Greedy,Greedy,north,commander_capture,69,True,False,0
Greedy vs Greedy,681,21261594,0,Greedy,Greedy,north,commander_capture,43,True,False,0
Greedy vs Greedy,681,21261594,1,Greedy,Greedy,north,commander_capture,43,True,False,0
Greedy vs Greedy,682,21261595,0,Greedy,Greedy,north,commander_capture,43,True,False,0
Greedy vs Greedy,682,21261595,1,Greedy,Greedy,north,commander_capture,35,True,False,0
Greedy vs Greedy,683,21261596,0,Greedy,Greedy,south,commander_capture,54,True,False,0
Greedy vs Greedy,683,21261596,1,Greedy,Greedy,south,commander_capture,22,True,False,0
Greedy vs Greedy,684,21261597,0,Greedy,Greedy,north,commander_capture,61,True,False,0
Greedy vs Greedy,684,21261597,1,Greedy,Greedy,south,commander_capture,52,True,False,0
Greedy vs Greedy,685,21261598,0,Greedy,Greedy,south,commander_capture,72,True,False,0
Greedy vs Greedy,685,21261598,1,Greedy,Greedy,south,commander_capture,88,True,False,0
Greedy vs Greedy,686,21261599,0,Greedy,Greedy,south,commander_capture,36,True,False,0
Greedy vs Greedy,686,21261599,1,Greedy,Greedy,north,commander_capture,39,True,False,0
Greedy vs Greedy,687,21261600,0,Greedy,Greedy,south,commander_capture,66,True,False,0
Greedy vs Greedy,687,21261600,1,Greedy,Greedy,south,commander_capture,78,True,False,0
Greedy vs Greedy,688,21261601,0,Greedy,Greedy,south,commander_capture,42,True,False,0
Greedy vs Greedy,688,21261601,1,Greedy,Greedy,north,commander_capture,33,True,False,0
Greedy vs Greedy,689,21261602,0,Greedy,Greedy,south,commander_capture,94,True,False,0
Greedy vs Greedy,689,21261602,1,Greedy,Greedy,south,commander_capture,42,True,False,0
Greedy vs Greedy,690,21261603,0,Greedy,Greedy,north,commander_capture,47,True,False,0
Greedy vs Greedy,690,21261603,1,Greedy,Greedy,south,commander_capture,66,True,False,0
Greedy vs Greedy,691,21261604,0,Greedy,Greedy,south,commander_capture,56,True,False,0
Greedy vs Greedy,691,21261604,1,Greedy,Greedy,south,commander_capture,44,True,False,0
Greedy vs Greedy,692,21261605,0,Greedy,Greedy,south,commander_capture,62,True,False,0
Greedy vs Greedy,692,21261605,1,Greedy,Greedy,north,commander_capture,67,True,False,0
Greedy vs Greedy,693,21261606,0,Greedy,Greedy,south,commander_capture,74,True,False,0
Greedy vs Greedy,693,21261606,1,Greedy,Greedy,south,commander_capture,44,True,False,0
Greedy vs Greedy,694,21261607,0,Greedy,Greedy,north,commander_capture,57,True,False,0
Greedy vs Greedy,694,21261607,1,Greedy,Greedy,south,commander_capture,110,True,False,0
Greedy vs Greedy,695,21261608,0,Greedy,Greedy,north,commander_capture,21,True,False,0
Greedy vs Greedy,695,21261608,1,Greedy,Greedy,north,commander_capture,89,True,False,0
Greedy vs Greedy,696,21261609,0,Greedy,Greedy,north,commander_capture,71,True,False,0
Greedy vs Greedy,696,21261609,1,Greedy,Greedy,south,commander_capture,30,True,False,0
Greedy vs Greedy,697,21261610,0,Greedy,Greedy,south,commander_capture,48,True,False,0
Greedy vs Greedy,697,21261610,1,Greedy,Greedy,south,commander_capture,150,True,False,0
Greedy vs Greedy,698,21261611,0,Greedy,Greedy,south,commander_capture,40,True,False,0
Greedy vs Greedy,698,21261611,1,Greedy,Greedy,south,commander_capture,60,True,False,0
Greedy vs Greedy,699,21261612,0,Greedy,Greedy,north,commander_capture,27,True,False,0
Greedy vs Greedy,699,21261612,1,Greedy,Greedy,north,commander_capture,95,True,False,0
Greedy vs Greedy,700,21261613,0,Greedy,Greedy,south,commander_capture,60,True,False,0
Greedy vs Greedy,700,21261613,1,Greedy,Greedy,north,commander_capture,81,True,False,0
Greedy vs Greedy,701,21261614,0,Greedy,Greedy,south,commander_capture,54,True,False,0
Greedy vs Greedy,701,21261614,1,Greedy,Greedy,south,commander_capture,56,True,False,0
Greedy vs Greedy,702,21261615,0,Greedy,Greedy,south,commander_capture,66,True,False,0
Greedy vs Greedy,702,21261615,1,Greedy,Greedy,north,commander_capture,25,True,False,0
Greedy vs Greedy,703,21261616,0,Greedy,Greedy,north,commander_capture,9,True,False,0
Greedy vs Greedy,703,21261616,1,Greedy,Greedy,south,commander_capture,56,True,False,0
Greedy vs Greedy,704,21261617,0,Greedy,Greedy,south,commander_capture,40,True,False,0
Greedy vs Greedy,704,21261617,1,Greedy,Greedy,north,commander_capture,33,True,False,0
Greedy vs Greedy,705,21261618,0,Greedy,Greedy,north,commander_capture,81,True,False,0
Greedy vs Greedy,705,21261618,1,Greedy,Greedy,south,commander_capture,38,True,False,0
Greedy vs Greedy,706,21261619,0,Greedy,Greedy,north,commander_capture,97,True,False,0
Greedy vs Greedy,706,21261619,1,Greedy,Greedy,north,commander_capture,15,True,False,0
Greedy vs Greedy,707,21261620,0,Greedy,Greedy,south,commander_capture,36,True,False,0
Greedy vs Greedy,707,21261620,1,Greedy,Greedy,north,commander_capture,17,True,False,0
Greedy vs Greedy,708,21261621,0,Greedy,Greedy,north,commander_capture,29,True,False,0
Greedy vs Greedy,708,21261621,1,Greedy,Greedy,north,commander_capture,49,True,False,0
Greedy vs Greedy,709,21261622,0,Greedy,Greedy,south,commander_capture,94,True,False,0
Greedy vs Greedy,709,21261622,1,Greedy,Greedy,north,commander_capture,39,True,False,0
Greedy vs Greedy,710,21261623,0,Greedy,Greedy,south,commander_capture,26,True,False,0
Greedy vs Greedy,710,21261623,1,Greedy,Greedy,south,commander_capture,56,True,False,0
Greedy vs Greedy,711,21261624,0,Greedy,Greedy,north,commander_capture,67,True,False,0
Greedy vs Greedy,711,21261624,1,Greedy,Greedy,north,commander_capture,21,True,False,0
Greedy vs Greedy,712,21261625,0,Greedy,Greedy,north,commander_capture,61,True,False,0
Greedy vs Greedy,712,21261625,1,Greedy,Greedy,south,commander_capture,34,True,False,0
Greedy vs Greedy,713,21261626,0,Greedy,Greedy,north,commander_capture,39,True,False,0
Greedy vs Greedy,713,21261626,1,Greedy,Greedy,north,commander_capture,41,True,False,0
Greedy vs Greedy,714,21261627,0,Greedy,Greedy,north,commander_capture,79,True,False,0
Greedy vs Greedy,714,21261627,1,Greedy,Greedy,draw,threefold_repetition,79,True,False,0
Greedy vs Greedy,715,21261628,0,Greedy,Greedy,south,commander_capture,32,True,False,0
Greedy vs Greedy,715,21261628,1,Greedy,Greedy,north,commander_capture,55,True,False,0
Greedy vs Greedy,716,21261629,0,Greedy,Greedy,south,commander_capture,70,True,False,0
Greedy vs Greedy,716,21261629,1,Greedy,Greedy,north,commander_capture,97,True,False,0
Greedy vs Greedy,717,21261630,0,Greedy,Greedy,south,commander_capture,60,True,False,0
Greedy vs Greedy,717,21261630,1,Greedy,Greedy,north,commander_capture,87,True,False,0
Greedy vs Greedy,718,21261631,0,Greedy,Greedy,south,commander_capture,42,True,False,0
Greedy vs Greedy,718,21261631,1,Greedy,Greedy,north,commander_capture,13,True,False,0
Greedy vs Greedy,719,21261632,0,Greedy,Greedy,north,commander_capture,47,True,False,0
Greedy vs Greedy,719,21261632,1,Greedy,Greedy,south,commander_capture,62,True,False,0
Greedy vs Greedy,720,21261633,0,Greedy,Greedy,south,commander_capture,44,True,False,0
Greedy vs Greedy,720,21261633,1,Greedy,Greedy,south,commander_capture,26,True,False,0
Greedy vs Greedy,721,21261634,0,Greedy,Greedy,south,commander_capture,38,True,False,0
Greedy vs Greedy,721,21261634,1,Greedy,Greedy,north,commander_capture,49,True,False,0
Greedy vs Greedy,722,21261635,0,Greedy,Greedy,south,commander_capture,66,True,False,0
Greedy vs Greedy,722,21261635,1,Greedy,Greedy,north,commander_capture,81,True,False,0
Greedy vs Greedy,723,21261636,0,Greedy,Greedy,south,commander_capture,82,True,False,0
Greedy vs Greedy,723,21261636,1,Greedy,Greedy,north,commander_capture,45,True,False,0
Greedy vs Greedy,724,21261637,0,Greedy,Greedy,north,commander_capture,37,True,False,0
Greedy vs Greedy,724,21261637,1,Greedy,Greedy,south,commander_capture,24,True,False,0
Greedy vs Greedy,725,21261638,0,Greedy,Greedy,south,commander_capture,96,True,False,0
Greedy vs Greedy,725,21261638,1,Greedy,Greedy,north,commander_capture,37,True,False,0
Greedy vs Greedy,726,21261639,0,Greedy,Greedy,south,commander_capture,14,True,False,0
Greedy vs Greedy,726,21261639,1,Greedy,Greedy,,ply_limit,512,False,True,0
Greedy vs Greedy,727,21261640,0,Greedy,Greedy,south,commander_capture,66,True,False,0
Greedy vs Greedy,727,21261640,1,Greedy,Greedy,south,commander_capture,44,True,False,0
Greedy vs Greedy,728,21261641,0,Greedy,Greedy,south,commander_capture,84,True,False,0
Greedy vs Greedy,728,21261641,1,Greedy,Greedy,south,commander_capture,86,True,False,0
Greedy vs Greedy,729,21261642,0,Greedy,Greedy,south,commander_capture,54,True,False,0
Greedy vs Greedy,729,21261642,1,Greedy,Greedy,south,commander_capture,24,True,False,0
Greedy vs Greedy,730,21261643,0,Greedy,Greedy,south,commander_capture,46,True,False,0
Greedy vs Greedy,730,21261643,1,Greedy,Greedy,north,commander_capture,67,True,False,0
Greedy vs Greedy,731,21261644,0,Greedy,Greedy,south,commander_capture,60,True,False,0
Greedy vs Greedy,731,21261644,1,Greedy,Greedy,north,commander_capture,65,True,False,0
Greedy vs Greedy,732,21261645,0,Greedy,Greedy,south,commander_capture,66,True,False,0
Greedy vs Greedy,732,21261645,1,Greedy,Greedy,south,commander_capture,88,True,False,0
Greedy vs Greedy,733,21261646,0,Greedy,Greedy,south,commander_capture,44,True,False,0
Greedy vs Greedy,733,21261646,1,Greedy,Greedy,south,commander_capture,84,True,False,0
Greedy vs Greedy,734,21261647,0,Greedy,Greedy,north,commander_capture,103,True,False,0
Greedy vs Greedy,734,21261647,1,Greedy,Greedy,north,commander_capture,35,True,False,0
Greedy vs Greedy,735,21261648,0,Greedy,Greedy,south,commander_capture,50,True,False,0
Greedy vs Greedy,735,21261648,1,Greedy,Greedy,south,commander_capture,90,True,False,0
Greedy vs Greedy,736,21261649,0,Greedy,Greedy,north,commander_capture,55,True,False,0
Greedy vs Greedy,736,21261649,1,Greedy,Greedy,south,commander_capture,68,True,False,0
Greedy vs Greedy,737,21261650,0,Greedy,Greedy,north,commander_capture,21,True,False,0
Greedy vs Greedy,737,21261650,1,Greedy,Greedy,north,commander_capture,63,True,False,0
Greedy vs Greedy,738,21261651,0,Greedy,Greedy,south,commander_capture,96,True,False,0
Greedy vs Greedy,738,21261651,1,Greedy,Greedy,north,commander_capture,67,True,False,0
Greedy vs Greedy,739,21261652,0,Greedy,Greedy,south,commander_capture,46,True,False,0
Greedy vs Greedy,739,21261652,1,Greedy,Greedy,north,commander_capture,65,True,False,0
Greedy vs Greedy,740,21261653,0,Greedy,Greedy,south,commander_capture,22,True,False,0
Greedy vs Greedy,740,21261653,1,Greedy,Greedy,south,commander_capture,92,True,False,0
Greedy vs Greedy,741,21261654,0,Greedy,Greedy,south,commander_capture,84,True,False,0
Greedy vs Greedy,741,21261654,1,Greedy,Greedy,north,commander_capture,95,True,False,0
Greedy vs Greedy,742,21261655,0,Greedy,Greedy,north,commander_capture,23,True,False,0
Greedy vs Greedy,742,21261655,1,Greedy,Greedy,north,commander_capture,15,True,False,0
Greedy vs Greedy,743,21261656,0,Greedy,Greedy,north,commander_capture,49,True,False,0
Greedy vs Greedy,743,21261656,1,Greedy,Greedy,north,commander_capture,25,True,False,0
Greedy vs Greedy,744,21261657,0,Greedy,Greedy,south,commander_capture,24,True,False,0
Greedy vs Greedy,744,21261657,1,Greedy,Greedy,north,commander_capture,51,True,False,0
Greedy vs Greedy,745,21261658,0,Greedy,Greedy,north,commander_capture,35,True,False,0
Greedy vs Greedy,745,21261658,1,Greedy,Greedy,north,commander_capture,55,True,False,0
Greedy vs Greedy,746,21261659,0,Greedy,Greedy,north,commander_capture,49,True,False,0
Greedy vs Greedy,746,21261659,1,Greedy,Greedy,south,commander_capture,36,True,False,0
Greedy vs Greedy,747,21261660,0,Greedy,Greedy,north,commander_capture,19,True,False,0
Greedy vs Greedy,747,21261660,1,Greedy,Greedy,south,commander_capture,90,True,False,0
Greedy vs Greedy,748,21261661,0,Greedy,Greedy,south,commander_capture,84,True,False,0
Greedy vs Greedy,748,21261661,1,Greedy,Greedy,north,commander_capture,9,True,False,0
Greedy vs Greedy,749,21261662,0,Greedy,Greedy,north,commander_capture,29,True,False,0
Greedy vs Greedy,749,21261662,1,Greedy,Greedy,north,commander_capture,67,True,False,0
Greedy vs Greedy,750,21261663,0,Greedy,Greedy,north,commander_capture,27,True,False,0
Greedy vs Greedy,750,21261663,1,Greedy,Greedy,south,commander_capture,48,True,False,0
Greedy vs Greedy,751,21261664,0,Greedy,Greedy,south,commander_capture,26,True,False,0
Greedy vs Greedy,751,21261664,1,Greedy,Greedy,north,commander_capture,31,True,False,0
Greedy vs Greedy,752,21261665,0,Greedy,Greedy,north,commander_capture,21,True,False,0
Greedy vs Greedy,752,21261665,1,Greedy,Greedy,north,commander_capture,83,True,False,0
Greedy vs Greedy,753,21261666,0,Greedy,Greedy,north,commander_capture,75,True,False,0
Greedy vs Greedy,753,21261666,1,Greedy,Greedy,south,commander_capture,42,True,False,0
Greedy vs Greedy,754,21261667,0,Greedy,Greedy,south,commander_capture,30,True,False,0
Greedy vs Greedy,754,21261667,1,Greedy,Greedy,north,commander_capture,15,True,False,0
Greedy vs Greedy,755,21261668,0,Greedy,Greedy,south,commander_capture,54,True,False,0
Greedy vs Greedy,755,21261668,1,Greedy,Greedy,south,commander_capture,38,True,False,0
Greedy vs Greedy,756,21261669,0,Greedy,Greedy,north,commander_capture,43,True,False,0
Greedy vs Greedy,756,21261669,1,Greedy,Greedy,south,commander_capture,32,True,False,0
Greedy vs Greedy,757,21261670,0,Greedy,Greedy,south,commander_capture,76,True,False,0
Greedy vs Greedy,757,21261670,1,Greedy,Greedy,south,commander_capture,104,True,False,0
Greedy vs Greedy,758,21261671,0,Greedy,Greedy,south,commander_capture,30,True,False,0
Greedy vs Greedy,758,21261671,1,Greedy,Greedy,north,commander_capture,55,True,False,0
Greedy vs Greedy,759,21261672,0,Greedy,Greedy,north,commander_capture,33,True,False,0
Greedy vs Greedy,759,21261672,1,Greedy,Greedy,south,commander_capture,96,True,False,0
Greedy vs Greedy,760,21261673,0,Greedy,Greedy,north,commander_capture,45,True,False,0
Greedy vs Greedy,760,21261673,1,Greedy,Greedy,south,commander_capture,48,True,False,0
Greedy vs Greedy,761,21261674,0,Greedy,Greedy,north,commander_capture,51,True,False,0
Greedy vs Greedy,761,21261674,1,Greedy,Greedy,south,commander_capture,72,True,False,0
Greedy vs Greedy,762,21261675,0,Greedy,Greedy,,ply_limit,512,False,True,0
Greedy vs Greedy,762,21261675,1,Greedy,Greedy,north,commander_capture,65,True,False,0
Greedy vs Greedy,763,21261676,0,Greedy,Greedy,south,commander_capture,104,True,False,0
Greedy vs Greedy,763,21261676,1,Greedy,Greedy,north,commander_capture,43,True,False,0
Greedy vs Greedy,764,21261677,0,Greedy,Greedy,north,commander_capture,103,True,False,0
Greedy vs Greedy,764,21261677,1,Greedy,Greedy,south,commander_capture,40,True,False,0
Greedy vs Greedy,765,21261678,0,Greedy,Greedy,south,commander_capture,38,True,False,0
Greedy vs Greedy,765,21261678,1,Greedy,Greedy,south,commander_capture,72,True,False,0
Greedy vs Greedy,766,21261679,0,Greedy,Greedy,south,commander_capture,14,True,False,0
Greedy vs Greedy,766,21261679,1,Greedy,Greedy,north,commander_capture,81,True,False,0
Greedy vs Greedy,767,21261680,0,Greedy,Greedy,south,commander_capture,98,True,False,0
Greedy vs Greedy,767,21261680,1,Greedy,Greedy,south,commander_capture,30,True,False,0
Greedy vs Greedy,768,21261681,0,Greedy,Greedy,north,commander_capture,55,True,False,0
Greedy vs Greedy,768,21261681,1,Greedy,Greedy,north,commander_capture,95,True,False,0
Greedy vs Greedy,769,21261682,0,Greedy,Greedy,north,commander_capture,65,True,False,0
Greedy vs Greedy,769,21261682,1,Greedy,Greedy,south,commander_capture,46,True,False,0
Greedy vs Greedy,770,21261683,0,Greedy,Greedy,north,commander_capture,79,True,False,0
Greedy vs Greedy,770,21261683,1,Greedy,Greedy,draw,threefold_repetition,69,True,False,0
Greedy vs Greedy,771,21261684,0,Greedy,Greedy,north,commander_capture,73,True,False,0
Greedy vs Greedy,771,21261684,1,Greedy,Greedy,south,commander_capture,36,True,False,0
Greedy vs Greedy,772,21261685,0,Greedy,Greedy,north,commander_capture,99,True,False,0
Greedy vs Greedy,772,21261685,1,Greedy,Greedy,north,commander_capture,77,True,False,0
Greedy vs Greedy,773,21261686,0,Greedy,Greedy,draw,threefold_repetition,57,True,False,0
Greedy vs Greedy,773,21261686,1,Greedy,Greedy,north,commander_capture,37,True,False,0
Greedy vs Greedy,774,21261687,0,Greedy,Greedy,south,commander_capture,46,True,False,0
Greedy vs Greedy,774,21261687,1,Greedy,Greedy,north,commander_capture,49,True,False,0
Greedy vs Greedy,775,21261688,0,Greedy,Greedy,south,commander_capture,54,True,False,0
Greedy vs Greedy,775,21261688,1,Greedy,Greedy,south,commander_capture,22,True,False,0
Greedy vs Greedy,776,21261689,0,Greedy,Greedy,south,commander_capture,36,True,False,0
Greedy vs Greedy,776,21261689,1,Greedy,Greedy,south,commander_capture,22,True,False,0
Greedy vs Greedy,777,21261690,0,Greedy,Greedy,south,commander_capture,50,True,False,0
Greedy vs Greedy,777,21261690,1,Greedy,Greedy,north,commander_capture,83,True,False,0
Greedy vs Greedy,778,21261691,0,Greedy,Greedy,south,commander_capture,68,True,False,0
Greedy vs Greedy,778,21261691,1,Greedy,Greedy,south,commander_capture,48,True,False,0
Greedy vs Greedy,779,21261692,0,Greedy,Greedy,south,commander_capture,92,True,False,0
Greedy vs Greedy,779,21261692,1,Greedy,Greedy,north,commander_capture,27,True,False,0
Greedy vs Greedy,780,21261693,0,Greedy,Greedy,south,commander_capture,42,True,False,0
Greedy vs Greedy,780,21261693,1,Greedy,Greedy,north,commander_capture,19,True,False,0
Greedy vs Greedy,781,21261694,0,Greedy,Greedy,south,commander_capture,40,True,False,0
Greedy vs Greedy,781,21261694,1,Greedy,Greedy,south,commander_capture,32,True,False,0
Greedy vs Greedy,782,21261695,0,Greedy,Greedy,south,commander_capture,26,True,False,0
Greedy vs Greedy,782,21261695,1,Greedy,Greedy,south,commander_capture,24,True,False,0
Greedy vs Greedy,783,21261696,0,Greedy,Greedy,north,commander_capture,71,True,False,0
Greedy vs Greedy,783,21261696,1,Greedy,Greedy,,ply_limit,512,False,True,0
Greedy vs Greedy,784,21261697,0,Greedy,Greedy,north,commander_capture,19,True,False,0
Greedy vs Greedy,784,21261697,1,Greedy,Greedy,north,commander_capture,31,True,False,0
Greedy vs Greedy,785,21261698,0,Greedy,Greedy,north,commander_capture,47,True,False,0
Greedy vs Greedy,785,21261698,1,Greedy,Greedy,south,commander_capture,116,True,False,0
Greedy vs Greedy,786,21261699,0,Greedy,Greedy,north,commander_capture,45,True,False,0
Greedy vs Greedy,786,21261699,1,Greedy,Greedy,north,commander_capture,59,True,False,0
Greedy vs Greedy,787,21261700,0,Greedy,Greedy,north,commander_capture,47,True,False,0
Greedy vs Greedy,787,21261700,1,Greedy,Greedy,north,commander_capture,17,True,False,0
Greedy vs Greedy,788,21261701,0,Greedy,Greedy,south,commander_capture,68,True,False,0
Greedy vs Greedy,788,21261701,1,Greedy,Greedy,south,commander_capture,92,True,False,0
Greedy vs Greedy,789,21261702,0,Greedy,Greedy,north,commander_capture,37,True,False,0
Greedy vs Greedy,789,21261702,1,Greedy,Greedy,south,commander_capture,14,True,False,0
Greedy vs Greedy,790,21261703,0,Greedy,Greedy,north,commander_capture,107,True,False,0
Greedy vs Greedy,790,21261703,1,Greedy,Greedy,north,commander_capture,21,True,False,0
Greedy vs Greedy,791,21261704,0,Greedy,Greedy,south,commander_capture,86,True,False,0
Greedy vs Greedy,791,21261704,1,Greedy,Greedy,south,commander_capture,70,True,False,0
Greedy vs Greedy,792,21261705,0,Greedy,Greedy,south,commander_capture,70,True,False,0
Greedy vs Greedy,792,21261705,1,Greedy,Greedy,north,commander_capture,27,True,False,0
Greedy vs Greedy,793,21261706,0,Greedy,Greedy,south,commander_capture,86,True,False,0
Greedy vs Greedy,793,21261706,1,Greedy,Greedy,draw,threefold_repetition,99,True,False,0
Greedy vs Greedy,794,21261707,0,Greedy,Greedy,south,commander_capture,64,True,False,0
Greedy vs Greedy,794,21261707,1,Greedy,Greedy,north,commander_capture,55,True,False,0
Greedy vs Greedy,795,21261708,0,Greedy,Greedy,north,commander_capture,33,True,False,0
Greedy vs Greedy,795,21261708,1,Greedy,Greedy,north,commander_capture,25,True,False,0
Greedy vs Greedy,796,21261709,0,Greedy,Greedy,north,commander_capture,53,True,False,0
Greedy vs Greedy,796,21261709,1,Greedy,Greedy,south,commander_capture,64,True,False,0
Greedy vs Greedy,797,21261710,0,Greedy,Greedy,north,commander_capture,39,True,False,0
Greedy vs Greedy,797,21261710,1,Greedy,Greedy,north,commander_capture,61,True,False,0
Greedy vs Greedy,798,21261711,0,Greedy,Greedy,south,commander_capture,92,True,False,0
Greedy vs Greedy,798,21261711,1,Greedy,Greedy,draw,threefold_repetition,60,True,False,0
Greedy vs Greedy,799,21261712,0,Greedy,Greedy,south,commander_capture,36,True,False,0
Greedy vs Greedy,799,21261712,1,Greedy,Greedy,north,commander_capture,59,True,False,0
Greedy vs Greedy,800,21261713,0,Greedy,Greedy,north,commander_capture,89,True,False,0
Greedy vs Greedy,800,21261713,1,Greedy,Greedy,south,commander_capture,90,True,False,0
Greedy vs Greedy,801,21261714,0,Greedy,Greedy,north,commander_capture,67,True,False,0
Greedy vs Greedy,801,21261714,1,Greedy,Greedy,south,commander_capture,90,True,False,0
Greedy vs Greedy,802,21261715,0,Greedy,Greedy,north,commander_capture,67,True,False,0
Greedy vs Greedy,802,21261715,1,Greedy,Greedy,draw,threefold_repetition,32,True,False,0
Greedy vs Greedy,803,21261716,0,Greedy,Greedy,north,commander_capture,43,True,False,0
Greedy vs Greedy,803,21261716,1,Greedy,Greedy,south,commander_capture,44,True,False,0
Greedy vs Greedy,804,21261717,0,Greedy,Greedy,south,commander_capture,16,True,False,0
Greedy vs Greedy,804,21261717,1,Greedy,Greedy,north,commander_capture,21,True,False,0
Greedy vs Greedy,805,21261718,0,Greedy,Greedy,south,commander_capture,90,True,False,0
Greedy vs Greedy,805,21261718,1,Greedy,Greedy,draw,threefold_repetition,65,True,False,0
Greedy vs Greedy,806,21261719,0,Greedy,Greedy,south,commander_capture,72,True,False,0
Greedy vs Greedy,806,21261719,1,Greedy,Greedy,south,commander_capture,62,True,False,0
Greedy vs Greedy,807,21261720,0,Greedy,Greedy,north,commander_capture,93,True,False,0
Greedy vs Greedy,807,21261720,1,Greedy,Greedy,north,commander_capture,43,True,False,0
Greedy vs Greedy,808,21261721,0,Greedy,Greedy,north,commander_capture,29,True,False,0
Greedy vs Greedy,808,21261721,1,Greedy,Greedy,north,commander_capture,55,True,False,0
Greedy vs Greedy,809,21261722,0,Greedy,Greedy,north,commander_capture,31,True,False,0
Greedy vs Greedy,809,21261722,1,Greedy,Greedy,south,commander_capture,48,True,False,0
Greedy vs Greedy,810,21261723,0,Greedy,Greedy,north,commander_capture,49,True,False,0
Greedy vs Greedy,810,21261723,1,Greedy,Greedy,north,commander_capture,49,True,False,0
Greedy vs Greedy,811,21261724,0,Greedy,Greedy,north,commander_capture,57,True,False,0
Greedy vs Greedy,811,21261724,1,Greedy,Greedy,north,commander_capture,61,True,False,0
Greedy vs Greedy,812,21261725,0,Greedy,Greedy,south,commander_capture,58,True,False,0
Greedy vs Greedy,812,21261725,1,Greedy,Greedy,south,commander_capture,50,True,False,0
Greedy vs Greedy,813,21261726,0,Greedy,Greedy,south,commander_capture,48,True,False,0
Greedy vs Greedy,813,21261726,1,Greedy,Greedy,south,commander_capture,34,True,False,0
Greedy vs Greedy,814,21261727,0,Greedy,Greedy,south,commander_capture,26,True,False,0
Greedy vs Greedy,814,21261727,1,Greedy,Greedy,north,commander_capture,55,True,False,0
Greedy vs Greedy,815,21261728,0,Greedy,Greedy,south,commander_capture,56,True,False,0
Greedy vs Greedy,815,21261728,1,Greedy,Greedy,north,commander_capture,83,True,False,0
Greedy vs Greedy,816,21261729,0,Greedy,Greedy,north,commander_capture,71,True,False,0
Greedy vs Greedy,816,21261729,1,Greedy,Greedy,north,commander_capture,57,True,False,0
Greedy vs Greedy,817,21261730,0,Greedy,Greedy,south,commander_capture,98,True,False,0
Greedy vs Greedy,817,21261730,1,Greedy,Greedy,south,commander_capture,78,True,False,0
Greedy vs Greedy,818,21261731,0,Greedy,Greedy,south,commander_capture,64,True,False,0
Greedy vs Greedy,818,21261731,1,Greedy,Greedy,south,commander_capture,46,True,False,0
Greedy vs Greedy,819,21261732,0,Greedy,Greedy,north,commander_capture,89,True,False,0
Greedy vs Greedy,819,21261732,1,Greedy,Greedy,north,commander_capture,87,True,False,0
Greedy vs Greedy,820,21261733,0,Greedy,Greedy,south,commander_capture,46,True,False,0
Greedy vs Greedy,820,21261733,1,Greedy,Greedy,south,commander_capture,36,True,False,0
Greedy vs Greedy,821,21261734,0,Greedy,Greedy,south,commander_capture,36,True,False,0
Greedy vs Greedy,821,21261734,1,Greedy,Greedy,north,commander_capture,113,True,False,0
Greedy vs Greedy,822,21261735,0,Greedy,Greedy,south,commander_capture,98,True,False,0
Greedy vs Greedy,822,21261735,1,Greedy,Greedy,north,commander_capture,59,True,False,0
Greedy vs Greedy,823,21261736,0,Greedy,Greedy,north,commander_capture,91,True,False,0
Greedy vs Greedy,823,21261736,1,Greedy,Greedy,south,commander_capture,62,True,False,0
Greedy vs Greedy,824,21261737,0,Greedy,Greedy,south,commander_capture,48,True,False,0
Greedy vs Greedy,824,21261737,1,Greedy,Greedy,south,commander_capture,64,True,False,0
Greedy vs Greedy,825,21261738,0,Greedy,Greedy,south,commander_capture,48,True,False,0
Greedy vs Greedy,825,21261738,1,Greedy,Greedy,south,commander_capture,60,True,False,0
Greedy vs Greedy,826,21261739,0,Greedy,Greedy,south,commander_capture,108,True,False,0
Greedy vs Greedy,826,21261739,1,Greedy,Greedy,north,commander_capture,19,True,False,0
Greedy vs Greedy,827,21261740,0,Greedy,Greedy,north,commander_capture,41,True,False,0
Greedy vs Greedy,827,21261740,1,Greedy,Greedy,north,commander_capture,17,True,False,0
Greedy vs Greedy,828,21261741,0,Greedy,Greedy,north,commander_capture,55,True,False,0
Greedy vs Greedy,828,21261741,1,Greedy,Greedy,south,commander_capture,58,True,False,0
Greedy vs Greedy,829,21261742,0,Greedy,Greedy,north,commander_capture,81,True,False,0
Greedy vs Greedy,829,21261742,1,Greedy,Greedy,south,commander_capture,54,True,False,0
Greedy vs Greedy,830,21261743,0,Greedy,Greedy,north,commander_capture,83,True,False,0
Greedy vs Greedy,830,21261743,1,Greedy,Greedy,north,commander_capture,91,True,False,0
Greedy vs Greedy,831,21261744,0,Greedy,Greedy,south,commander_capture,54,True,False,0
Greedy vs Greedy,831,21261744,1,Greedy,Greedy,north,commander_capture,71,True,False,0
Greedy vs Greedy,832,21261745,0,Greedy,Greedy,north,commander_capture,95,True,False,0
Greedy vs Greedy,832,21261745,1,Greedy,Greedy,north,commander_capture,25,True,False,0
Greedy vs Greedy,833,21261746,0,Greedy,Greedy,north,commander_capture,41,True,False,0
Greedy vs Greedy,833,21261746,1,Greedy,Greedy,north,commander_capture,37,True,False,0
Greedy vs Greedy,834,21261747,0,Greedy,Greedy,north,commander_capture,63,True,False,0
Greedy vs Greedy,834,21261747,1,Greedy,Greedy,south,commander_capture,60,True,False,0
Greedy vs Greedy,835,21261748,0,Greedy,Greedy,south,commander_capture,18,True,False,0
Greedy vs Greedy,835,21261748,1,Greedy,Greedy,north,commander_capture,85,True,False,0
Greedy vs Greedy,836,21261749,0,Greedy,Greedy,north,commander_capture,71,True,False,0
Greedy vs Greedy,836,21261749,1,Greedy,Greedy,north,commander_capture,61,True,False,0
Greedy vs Greedy,837,21261750,0,Greedy,Greedy,south,commander_capture,70,True,False,0
Greedy vs Greedy,837,21261750,1,Greedy,Greedy,north,commander_capture,57,True,False,0
Greedy vs Greedy,838,21261751,0,Greedy,Greedy,north,commander_capture,91,True,False,0
Greedy vs Greedy,838,21261751,1,Greedy,Greedy,north,commander_capture,101,True,False,0
Greedy vs Greedy,839,21261752,0,Greedy,Greedy,south,commander_capture,110,True,False,0
Greedy vs Greedy,839,21261752,1,Greedy,Greedy,north,commander_capture,47,True,False,0
Greedy vs Greedy,840,21261753,0,Greedy,Greedy,draw,threefold_repetition,38,True,False,0
Greedy vs Greedy,840,21261753,1,Greedy,Greedy,draw,threefold_repetition,61,True,False,0
Greedy vs Greedy,841,21261754,0,Greedy,Greedy,north,commander_capture,97,True,False,0
Greedy vs Greedy,841,21261754,1,Greedy,Greedy,,ply_limit,512,False,True,0
Greedy vs Greedy,842,21261755,0,Greedy,Greedy,north,commander_capture,69,True,False,0
Greedy vs Greedy,842,21261755,1,Greedy,Greedy,north,commander_capture,37,True,False,0
Greedy vs Greedy,843,21261756,0,Greedy,Greedy,south,commander_capture,58,True,False,0
Greedy vs Greedy,843,21261756,1,Greedy,Greedy,south,commander_capture,84,True,False,0
Greedy vs Greedy,844,21261757,0,Greedy,Greedy,south,commander_capture,56,True,False,0
Greedy vs Greedy,844,21261757,1,Greedy,Greedy,north,commander_capture,15,True,False,0
Greedy vs Greedy,845,21261758,0,Greedy,Greedy,north,commander_capture,107,True,False,0
Greedy vs Greedy,845,21261758,1,Greedy,Greedy,south,commander_capture,64,True,False,0
Greedy vs Greedy,846,21261759,0,Greedy,Greedy,north,commander_capture,127,True,False,0
Greedy vs Greedy,846,21261759,1,Greedy,Greedy,south,commander_capture,28,True,False,0
Greedy vs Greedy,847,21261760,0,Greedy,Greedy,south,commander_capture,48,True,False,0
Greedy vs Greedy,847,21261760,1,Greedy,Greedy,south,commander_capture,56,True,False,0
Greedy vs Greedy,848,21261761,0,Greedy,Greedy,south,commander_capture,52,True,False,0
Greedy vs Greedy,848,21261761,1,Greedy,Greedy,south,commander_capture,18,True,False,0
Greedy vs Greedy,849,21261762,0,Greedy,Greedy,south,commander_capture,40,True,False,0
Greedy vs Greedy,849,21261762,1,Greedy,Greedy,south,commander_capture,56,True,False,0
Greedy vs Greedy,850,21261763,0,Greedy,Greedy,south,commander_capture,24,True,False,0
Greedy vs Greedy,850,21261763,1,Greedy,Greedy,north,commander_capture,27,True,False,0
Greedy vs Greedy,851,21261764,0,Greedy,Greedy,north,commander_capture,55,True,False,0
Greedy vs Greedy,851,21261764,1,Greedy,Greedy,north,commander_capture,29,True,False,0
Greedy vs Greedy,852,21261765,0,Greedy,Greedy,north,commander_capture,113,True,False,0
Greedy vs Greedy,852,21261765,1,Greedy,Greedy,north,commander_capture,79,True,False,0
Greedy vs Greedy,853,21261766,0,Greedy,Greedy,north,commander_capture,87,True,False,0
Greedy vs Greedy,853,21261766,1,Greedy,Greedy,south,commander_capture,78,True,False,0
Greedy vs Greedy,854,21261767,0,Greedy,Greedy,south,commander_capture,62,True,False,0
Greedy vs Greedy,854,21261767,1,Greedy,Greedy,south,commander_capture,46,True,False,0
Greedy vs Greedy,855,21261768,0,Greedy,Greedy,south,commander_capture,66,True,False,0
Greedy vs Greedy,855,21261768,1,Greedy,Greedy,south,commander_capture,24,True,False,0
Greedy vs Greedy,856,21261769,0,Greedy,Greedy,south,commander_capture,22,True,False,0
Greedy vs Greedy,856,21261769,1,Greedy,Greedy,north,commander_capture,21,True,False,0
Greedy vs Greedy,857,21261770,0,Greedy,Greedy,south,commander_capture,78,True,False,0
Greedy vs Greedy,857,21261770,1,Greedy,Greedy,south,commander_capture,40,True,False,0
Greedy vs Greedy,858,21261771,0,Greedy,Greedy,south,commander_capture,30,True,False,0
Greedy vs Greedy,858,21261771,1,Greedy,Greedy,south,commander_capture,90,True,False,0
Greedy vs Greedy,859,21261772,0,Greedy,Greedy,south,commander_capture,78,True,False,0
Greedy vs Greedy,859,21261772,1,Greedy,Greedy,south,commander_capture,56,True,False,0
Greedy vs Greedy,860,21261773,0,Greedy,Greedy,south,commander_capture,26,True,False,0
Greedy vs Greedy,860,21261773,1,Greedy,Greedy,south,commander_capture,66,True,False,0
Greedy vs Greedy,861,21261774,0,Greedy,Greedy,north,commander_capture,35,True,False,0
Greedy vs Greedy,861,21261774,1,Greedy,Greedy,south,commander_capture,94,True,False,0
Greedy vs Greedy,862,21261775,0,Greedy,Greedy,south,commander_capture,84,True,False,0
Greedy vs Greedy,862,21261775,1,Greedy,Greedy,south,commander_capture,18,True,False,0
Greedy vs Greedy,863,21261776,0,Greedy,Greedy,south,commander_capture,130,True,False,0
Greedy vs Greedy,863,21261776,1,Greedy,Greedy,draw,threefold_repetition,67,True,False,0
Greedy vs Greedy,864,21261777,0,Greedy,Greedy,south,commander_capture,62,True,False,0
Greedy vs Greedy,864,21261777,1,Greedy,Greedy,north,commander_capture,33,True,False,0
Greedy vs Greedy,865,21261778,0,Greedy,Greedy,south,commander_capture,54,True,False,0
Greedy vs Greedy,865,21261778,1,Greedy,Greedy,south,commander_capture,46,True,False,0
Greedy vs Greedy,866,21261779,0,Greedy,Greedy,south,commander_capture,82,True,False,0
Greedy vs Greedy,866,21261779,1,Greedy,Greedy,north,commander_capture,81,True,False,0
Greedy vs Greedy,867,21261780,0,Greedy,Greedy,north,commander_capture,69,True,False,0
Greedy vs Greedy,867,21261780,1,Greedy,Greedy,south,commander_capture,12,True,False,0
Greedy vs Greedy,868,21261781,0,Greedy,Greedy,north,commander_capture,37,True,False,0
Greedy vs Greedy,868,21261781,1,Greedy,Greedy,north,commander_capture,81,True,False,0
Greedy vs Greedy,869,21261782,0,Greedy,Greedy,north,commander_capture,71,True,False,0
Greedy vs Greedy,869,21261782,1,Greedy,Greedy,south,commander_capture,66,True,False,0
Greedy vs Greedy,870,21261783,0,Greedy,Greedy,south,commander_capture,46,True,False,0
Greedy vs Greedy,870,21261783,1,Greedy,Greedy,south,commander_capture,40,True,False,0
Greedy vs Greedy,871,21261784,0,Greedy,Greedy,north,commander_capture,53,True,False,0
Greedy vs Greedy,871,21261784,1,Greedy,Greedy,south,commander_capture,86,True,False,0
Greedy vs Greedy,872,21261785,0,Greedy,Greedy,south,commander_capture,78,True,False,0
Greedy vs Greedy,872,21261785,1,Greedy,Greedy,north,commander_capture,63,True,False,0
Greedy vs Greedy,873,21261786,0,Greedy,Greedy,south,commander_capture,62,True,False,0
Greedy vs Greedy,873,21261786,1,Greedy,Greedy,north,commander_capture,69,True,False,0
Greedy vs Greedy,874,21261787,0,Greedy,Greedy,south,commander_capture,22,True,False,0
Greedy vs Greedy,874,21261787,1,Greedy,Greedy,north,commander_capture,75,True,False,0
Greedy vs Greedy,875,21261788,0,Greedy,Greedy,north,commander_capture,57,True,False,0
Greedy vs Greedy,875,21261788,1,Greedy,Greedy,draw,threefold_repetition,81,True,False,0
Greedy vs Greedy,876,21261789,0,Greedy,Greedy,north,commander_capture,41,True,False,0
Greedy vs Greedy,876,21261789,1,Greedy,Greedy,south,commander_capture,84,True,False,0
Greedy vs Greedy,877,21261790,0,Greedy,Greedy,north,commander_capture,93,True,False,0
Greedy vs Greedy,877,21261790,1,Greedy,Greedy,south,commander_capture,60,True,False,0
Greedy vs Greedy,878,21261791,0,Greedy,Greedy,south,commander_capture,62,True,False,0
Greedy vs Greedy,878,21261791,1,Greedy,Greedy,south,commander_capture,40,True,False,0
Greedy vs Greedy,879,21261792,0,Greedy,Greedy,south,commander_capture,60,True,False,0
Greedy vs Greedy,879,21261792,1,Greedy,Greedy,north,commander_capture,53,True,False,0
Greedy vs Greedy,880,21261793,0,Greedy,Greedy,south,commander_capture,36,True,False,0
Greedy vs Greedy,880,21261793,1,Greedy,Greedy,north,commander_capture,53,True,False,0
Greedy vs Greedy,881,21261794,0,Greedy,Greedy,south,commander_capture,92,True,False,0
Greedy vs Greedy,881,21261794,1,Greedy,Greedy,north,commander_capture,37,True,False,0
Greedy vs Greedy,882,21261795,0,Greedy,Greedy,south,commander_capture,48,True,False,0
Greedy vs Greedy,882,21261795,1,Greedy,Greedy,south,commander_capture,52,True,False,0
Greedy vs Greedy,883,21261796,0,Greedy,Greedy,south,commander_capture,20,True,False,0
Greedy vs Greedy,883,21261796,1,Greedy,Greedy,draw,threefold_repetition,57,True,False,0
Greedy vs Greedy,884,21261797,0,Greedy,Greedy,south,commander_capture,46,True,False,0
Greedy vs Greedy,884,21261797,1,Greedy,Greedy,north,commander_capture,61,True,False,0
Greedy vs Greedy,885,21261798,0,Greedy,Greedy,south,commander_capture,18,True,False,0
Greedy vs Greedy,885,21261798,1,Greedy,Greedy,north,commander_capture,67,True,False,0
Greedy vs Greedy,886,21261799,0,Greedy,Greedy,south,commander_capture,76,True,False,0
Greedy vs Greedy,886,21261799,1,Greedy,Greedy,south,commander_capture,118,True,False,0
Greedy vs Greedy,887,21261800,0,Greedy,Greedy,north,commander_capture,67,True,False,0
Greedy vs Greedy,887,21261800,1,Greedy,Greedy,north,commander_capture,55,True,False,0
Greedy vs Greedy,888,21261801,0,Greedy,Greedy,south,commander_capture,100,True,False,0
Greedy vs Greedy,888,21261801,1,Greedy,Greedy,south,commander_capture,98,True,False,0
Greedy vs Greedy,889,21261802,0,Greedy,Greedy,north,commander_capture,55,True,False,0
Greedy vs Greedy,889,21261802,1,Greedy,Greedy,south,commander_capture,48,True,False,0
Greedy vs Greedy,890,21261803,0,Greedy,Greedy,north,commander_capture,75,True,False,0
Greedy vs Greedy,890,21261803,1,Greedy,Greedy,north,commander_capture,41,True,False,0
Greedy vs Greedy,891,21261804,0,Greedy,Greedy,north,commander_capture,67,True,False,0
Greedy vs Greedy,891,21261804,1,Greedy,Greedy,north,commander_capture,45,True,False,0
Greedy vs Greedy,892,21261805,0,Greedy,Greedy,south,commander_capture,50,True,False,0
Greedy vs Greedy,892,21261805,1,Greedy,Greedy,south,commander_capture,32,True,False,0
Greedy vs Greedy,893,21261806,0,Greedy,Greedy,south,commander_capture,46,True,False,0
Greedy vs Greedy,893,21261806,1,Greedy,Greedy,north,commander_capture,39,True,False,0
Greedy vs Greedy,894,21261807,0,Greedy,Greedy,south,commander_capture,20,True,False,0
Greedy vs Greedy,894,21261807,1,Greedy,Greedy,south,commander_capture,40,True,False,0
Greedy vs Greedy,895,21261808,0,Greedy,Greedy,south,commander_capture,72,True,False,0
Greedy vs Greedy,895,21261808,1,Greedy,Greedy,north,commander_capture,37,True,False,0
Greedy vs Greedy,896,21261809,0,Greedy,Greedy,north,commander_capture,55,True,False,0
Greedy vs Greedy,896,21261809,1,Greedy,Greedy,draw,threefold_repetition,110,True,False,0
Greedy vs Greedy,897,21261810,0,Greedy,Greedy,south,commander_capture,48,True,False,0
Greedy vs Greedy,897,21261810,1,Greedy,Greedy,south,commander_capture,58,True,False,0
Greedy vs Greedy,898,21261811,0,Greedy,Greedy,north,commander_capture,75,True,False,0
Greedy vs Greedy,898,21261811,1,Greedy,Greedy,south,commander_capture,40,True,False,0
Greedy vs Greedy,899,21261812,0,Greedy,Greedy,north,commander_capture,29,True,False,0
Greedy vs Greedy,899,21261812,1,Greedy,Greedy,north,commander_capture,45,True,False,0
Greedy vs Greedy,900,21261813,0,Greedy,Greedy,north,commander_capture,51,True,False,0
Greedy vs Greedy,900,21261813,1,Greedy,Greedy,south,commander_capture,32,True,False,0
Greedy vs Greedy,901,21261814,0,Greedy,Greedy,north,commander_capture,91,True,False,0
Greedy vs Greedy,901,21261814,1,Greedy,Greedy,north,commander_capture,85,True,False,0
Greedy vs Greedy,902,21261815,0,Greedy,Greedy,south,commander_capture,52,True,False,0
Greedy vs Greedy,902,21261815,1,Greedy,Greedy,south,commander_capture,70,True,False,0
Greedy vs Greedy,903,21261816,0,Greedy,Greedy,south,commander_capture,42,True,False,0
Greedy vs Greedy,903,21261816,1,Greedy,Greedy,south,commander_capture,38,True,False,0
Greedy vs Greedy,904,21261817,0,Greedy,Greedy,north,commander_capture,91,True,False,0
Greedy vs Greedy,904,21261817,1,Greedy,Greedy,south,commander_capture,70,True,False,0
Greedy vs Greedy,905,21261818,0,Greedy,Greedy,south,commander_capture,26,True,False,0
Greedy vs Greedy,905,21261818,1,Greedy,Greedy,draw,threefold_repetition,63,True,False,0
Greedy vs Greedy,906,21261819,0,Greedy,Greedy,north,commander_capture,77,True,False,0
Greedy vs Greedy,906,21261819,1,Greedy,Greedy,south,commander_capture,46,True,False,0
Greedy vs Greedy,907,21261820,0,Greedy,Greedy,north,commander_capture,39,True,False,0
Greedy vs Greedy,907,21261820,1,Greedy,Greedy,north,commander_capture,91,True,False,0
Greedy vs Greedy,908,21261821,0,Greedy,Greedy,south,commander_capture,62,True,False,0
Greedy vs Greedy,908,21261821,1,Greedy,Greedy,south,commander_capture,90,True,False,0
Greedy vs Greedy,909,21261822,0,Greedy,Greedy,north,commander_capture,65,True,False,0
Greedy vs Greedy,909,21261822,1,Greedy,Greedy,south,commander_capture,76,True,False,0
Greedy vs Greedy,910,21261823,0,Greedy,Greedy,north,commander_capture,87,True,False,0
Greedy vs Greedy,910,21261823,1,Greedy,Greedy,south,commander_capture,36,True,False,0
Greedy vs Greedy,911,21261824,0,Greedy,Greedy,north,commander_capture,75,True,False,0
Greedy vs Greedy,911,21261824,1,Greedy,Greedy,south,commander_capture,40,True,False,0
Greedy vs Greedy,912,21261825,0,Greedy,Greedy,south,commander_capture,30,True,False,0
Greedy vs Greedy,912,21261825,1,Greedy,Greedy,south,commander_capture,44,True,False,0
Greedy vs Greedy,913,21261826,0,Greedy,Greedy,south,commander_capture,30,True,False,0
Greedy vs Greedy,913,21261826,1,Greedy,Greedy,north,commander_capture,47,True,False,0
Greedy vs Greedy,914,21261827,0,Greedy,Greedy,north,commander_capture,69,True,False,0
Greedy vs Greedy,914,21261827,1,Greedy,Greedy,south,commander_capture,46,True,False,0
Greedy vs Greedy,915,21261828,0,Greedy,Greedy,south,commander_capture,56,True,False,0
Greedy vs Greedy,915,21261828,1,Greedy,Greedy,south,commander_capture,52,True,False,0
Greedy vs Greedy,916,21261829,0,Greedy,Greedy,north,commander_capture,21,True,False,0
Greedy vs Greedy,916,21261829,1,Greedy,Greedy,north,commander_capture,35,True,False,0
Greedy vs Greedy,917,21261830,0,Greedy,Greedy,north,commander_capture,59,True,False,0
Greedy vs Greedy,917,21261830,1,Greedy,Greedy,north,commander_capture,73,True,False,0
Greedy vs Greedy,918,21261831,0,Greedy,Greedy,south,commander_capture,40,True,False,0
Greedy vs Greedy,918,21261831,1,Greedy,Greedy,south,commander_capture,26,True,False,0
Greedy vs Greedy,919,21261832,0,Greedy,Greedy,south,commander_capture,12,True,False,0
Greedy vs Greedy,919,21261832,1,Greedy,Greedy,south,commander_capture,54,True,False,0
Greedy vs Greedy,920,21261833,0,Greedy,Greedy,north,commander_capture,37,True,False,0
Greedy vs Greedy,920,21261833,1,Greedy,Greedy,south,commander_capture,20,True,False,0
Greedy vs Greedy,921,21261834,0,Greedy,Greedy,south,commander_capture,94,True,False,0
Greedy vs Greedy,921,21261834,1,Greedy,Greedy,north,commander_capture,27,True,False,0
Greedy vs Greedy,922,21261835,0,Greedy,Greedy,south,commander_capture,56,True,False,0
Greedy vs Greedy,922,21261835,1,Greedy,Greedy,south,commander_capture,66,True,False,0
Greedy vs Greedy,923,21261836,0,Greedy,Greedy,north,commander_capture,77,True,False,0
Greedy vs Greedy,923,21261836,1,Greedy,Greedy,south,commander_capture,46,True,False,0
Greedy vs Greedy,924,21261837,0,Greedy,Greedy,south,commander_capture,66,True,False,0
Greedy vs Greedy,924,21261837,1,Greedy,Greedy,south,commander_capture,46,True,False,0
Greedy vs Greedy,925,21261838,0,Greedy,Greedy,north,commander_capture,45,True,False,0
Greedy vs Greedy,925,21261838,1,Greedy,Greedy,north,commander_capture,55,True,False,0
Greedy vs Greedy,926,21261839,0,Greedy,Greedy,north,commander_capture,45,True,False,0
Greedy vs Greedy,926,21261839,1,Greedy,Greedy,north,commander_capture,65,True,False,0
Greedy vs Greedy,927,21261840,0,Greedy,Greedy,south,commander_capture,132,True,False,0
Greedy vs Greedy,927,21261840,1,Greedy,Greedy,north,commander_capture,41,True,False,0
Greedy vs Greedy,928,21261841,0,Greedy,Greedy,north,commander_capture,113,True,False,0
Greedy vs Greedy,928,21261841,1,Greedy,Greedy,north,commander_capture,39,True,False,0
Greedy vs Greedy,929,21261842,0,Greedy,Greedy,south,commander_capture,68,True,False,0
Greedy vs Greedy,929,21261842,1,Greedy,Greedy,south,commander_capture,58,True,False,0
Greedy vs Greedy,930,21261843,0,Greedy,Greedy,south,commander_capture,42,True,False,0
Greedy vs Greedy,930,21261843,1,Greedy,Greedy,south,commander_capture,48,True,False,0
Greedy vs Greedy,931,21261844,0,Greedy,Greedy,north,commander_capture,71,True,False,0
Greedy vs Greedy,931,21261844,1,Greedy,Greedy,south,commander_capture,80,True,False,0
Greedy vs Greedy,932,21261845,0,Greedy,Greedy,south,commander_capture,52,True,False,0
Greedy vs Greedy,932,21261845,1,Greedy,Greedy,north,commander_capture,71,True,False,0
Greedy vs Greedy,933,21261846,0,Greedy,Greedy,north,commander_capture,65,True,False,0
Greedy vs Greedy,933,21261846,1,Greedy,Greedy,north,commander_capture,33,True,False,0
Greedy vs Greedy,934,21261847,0,Greedy,Greedy,south,commander_capture,98,True,False,0
Greedy vs Greedy,934,21261847,1,Greedy,Greedy,north,commander_capture,45,True,False,0
Greedy vs Greedy,935,21261848,0,Greedy,Greedy,south,commander_capture,26,True,False,0
Greedy vs Greedy,935,21261848,1,Greedy,Greedy,north,commander_capture,69,True,False,0
Greedy vs Greedy,936,21261849,0,Greedy,Greedy,north,commander_capture,107,True,False,0
Greedy vs Greedy,936,21261849,1,Greedy,Greedy,north,commander_capture,19,True,False,0
Greedy vs Greedy,937,21261850,0,Greedy,Greedy,south,commander_capture,52,True,False,0
Greedy vs Greedy,937,21261850,1,Greedy,Greedy,north,commander_capture,55,True,False,0
Greedy vs Greedy,938,21261851,0,Greedy,Greedy,north,commander_capture,77,True,False,0
Greedy vs Greedy,938,21261851,1,Greedy,Greedy,north,commander_capture,47,True,False,0
Greedy vs Greedy,939,21261852,0,Greedy,Greedy,south,commander_capture,106,True,False,0
Greedy vs Greedy,939,21261852,1,Greedy,Greedy,north,commander_capture,75,True,False,0
Greedy vs Greedy,940,21261853,0,Greedy,Greedy,north,commander_capture,49,True,False,0
Greedy vs Greedy,940,21261853,1,Greedy,Greedy,north,commander_capture,85,True,False,0
Greedy vs Greedy,941,21261854,0,Greedy,Greedy,south,commander_capture,68,True,False,0
Greedy vs Greedy,941,21261854,1,Greedy,Greedy,south,commander_capture,108,True,False,0
Greedy vs Greedy,942,21261855,0,Greedy,Greedy,south,commander_capture,56,True,False,0
Greedy vs Greedy,942,21261855,1,Greedy,Greedy,north,commander_capture,61,True,False,0
Greedy vs Greedy,943,21261856,0,Greedy,Greedy,south,commander_capture,54,True,False,0
Greedy vs Greedy,943,21261856,1,Greedy,Greedy,south,commander_capture,54,True,False,0
Greedy vs Greedy,944,21261857,0,Greedy,Greedy,south,commander_capture,34,True,False,0
Greedy vs Greedy,944,21261857,1,Greedy,Greedy,south,commander_capture,68,True,False,0
Greedy vs Greedy,945,21261858,0,Greedy,Greedy,north,commander_capture,29,True,False,0
Greedy vs Greedy,945,21261858,1,Greedy,Greedy,south,commander_capture,34,True,False,0
Greedy vs Greedy,946,21261859,0,Greedy,Greedy,south,commander_capture,56,True,False,0
Greedy vs Greedy,946,21261859,1,Greedy,Greedy,north,commander_capture,17,True,False,0
Greedy vs Greedy,947,21261860,0,Greedy,Greedy,south,commander_capture,50,True,False,0
Greedy vs Greedy,947,21261860,1,Greedy,Greedy,south,commander_capture,36,True,False,0
Greedy vs Greedy,948,21261861,0,Greedy,Greedy,north,commander_capture,37,True,False,0
Greedy vs Greedy,948,21261861,1,Greedy,Greedy,north,commander_capture,23,True,False,0
Greedy vs Greedy,949,21261862,0,Greedy,Greedy,south,commander_capture,88,True,False,0
Greedy vs Greedy,949,21261862,1,Greedy,Greedy,south,commander_capture,52,True,False,0
Greedy vs Greedy,950,21261863,0,Greedy,Greedy,south,commander_capture,26,True,False,0
Greedy vs Greedy,950,21261863,1,Greedy,Greedy,north,commander_capture,35,True,False,0
Greedy vs Greedy,951,21261864,0,Greedy,Greedy,south,commander_capture,62,True,False,0
Greedy vs Greedy,951,21261864,1,Greedy,Greedy,north,commander_capture,43,True,False,0
Greedy vs Greedy,952,21261865,0,Greedy,Greedy,south,commander_capture,44,True,False,0
Greedy vs Greedy,952,21261865,1,Greedy,Greedy,north,commander_capture,33,True,False,0
Greedy vs Greedy,953,21261866,0,Greedy,Greedy,north,commander_capture,47,True,False,0
Greedy vs Greedy,953,21261866,1,Greedy,Greedy,north,commander_capture,69,True,False,0
Greedy vs Greedy,954,21261867,0,Greedy,Greedy,south,commander_capture,74,True,False,0
Greedy vs Greedy,954,21261867,1,Greedy,Greedy,north,commander_capture,29,True,False,0
Greedy vs Greedy,955,21261868,0,Greedy,Greedy,north,commander_capture,35,True,False,0
Greedy vs Greedy,955,21261868,1,Greedy,Greedy,north,commander_capture,19,True,False,0
Greedy vs Greedy,956,21261869,0,Greedy,Greedy,south,commander_capture,54,True,False,0
Greedy vs Greedy,956,21261869,1,Greedy,Greedy,south,commander_capture,48,True,False,0
Greedy vs Greedy,957,21261870,0,Greedy,Greedy,south,commander_capture,52,True,False,0
Greedy vs Greedy,957,21261870,1,Greedy,Greedy,north,commander_capture,51,True,False,0
Greedy vs Greedy,958,21261871,0,Greedy,Greedy,south,commander_capture,60,True,False,0
Greedy vs Greedy,958,21261871,1,Greedy,Greedy,south,commander_capture,24,True,False,0
Greedy vs Greedy,959,21261872,0,Greedy,Greedy,north,commander_capture,23,True,False,0
Greedy vs Greedy,959,21261872,1,Greedy,Greedy,north,commander_capture,77,True,False,0
Greedy vs Greedy,960,21261873,0,Greedy,Greedy,south,commander_capture,56,True,False,0
Greedy vs Greedy,960,21261873,1,Greedy,Greedy,south,commander_capture,90,True,False,0
Greedy vs Greedy,961,21261874,0,Greedy,Greedy,south,commander_capture,36,True,False,0
Greedy vs Greedy,961,21261874,1,Greedy,Greedy,south,commander_capture,64,True,False,0
Greedy vs Greedy,962,21261875,0,Greedy,Greedy,south,commander_capture,36,True,False,0
Greedy vs Greedy,962,21261875,1,Greedy,Greedy,south,commander_capture,44,True,False,0
Greedy vs Greedy,963,21261876,0,Greedy,Greedy,south,commander_capture,62,True,False,0
Greedy vs Greedy,963,21261876,1,Greedy,Greedy,north,commander_capture,53,True,False,0
Greedy vs Greedy,964,21261877,0,Greedy,Greedy,south,commander_capture,26,True,False,0
Greedy vs Greedy,964,21261877,1,Greedy,Greedy,north,commander_capture,51,True,False,0
Greedy vs Greedy,965,21261878,0,Greedy,Greedy,south,commander_capture,120,True,False,0
Greedy vs Greedy,965,21261878,1,Greedy,Greedy,south,commander_capture,84,True,False,0
Greedy vs Greedy,966,21261879,0,Greedy,Greedy,north,commander_capture,61,True,False,0
Greedy vs Greedy,966,21261879,1,Greedy,Greedy,south,commander_capture,62,True,False,0
Greedy vs Greedy,967,21261880,0,Greedy,Greedy,south,commander_capture,72,True,False,0
Greedy vs Greedy,967,21261880,1,Greedy,Greedy,south,commander_capture,70,True,False,0
Greedy vs Greedy,968,21261881,0,Greedy,Greedy,south,commander_capture,78,True,False,0
Greedy vs Greedy,968,21261881,1,Greedy,Greedy,north,commander_capture,41,True,False,0
Greedy vs Greedy,969,21261882,0,Greedy,Greedy,north,commander_capture,51,True,False,0
Greedy vs Greedy,969,21261882,1,Greedy,Greedy,north,commander_capture,39,True,False,0
Greedy vs Greedy,970,21261883,0,Greedy,Greedy,north,commander_capture,19,True,False,0
Greedy vs Greedy,970,21261883,1,Greedy,Greedy,south,commander_capture,80,True,False,0
Greedy vs Greedy,971,21261884,0,Greedy,Greedy,north,commander_capture,39,True,False,0
Greedy vs Greedy,971,21261884,1,Greedy,Greedy,north,commander_capture,47,True,False,0
Greedy vs Greedy,972,21261885,0,Greedy,Greedy,draw,threefold_repetition,59,True,False,0
Greedy vs Greedy,972,21261885,1,Greedy,Greedy,south,commander_capture,72,True,False,0
Greedy vs Greedy,973,21261886,0,Greedy,Greedy,south,commander_capture,72,True,False,0
Greedy vs Greedy,973,21261886,1,Greedy,Greedy,north,commander_capture,83,True,False,0
Greedy vs Greedy,974,21261887,0,Greedy,Greedy,south,commander_capture,36,True,False,0
Greedy vs Greedy,974,21261887,1,Greedy,Greedy,north,commander_capture,31,True,False,0
Greedy vs Greedy,975,21261888,0,Greedy,Greedy,south,commander_capture,66,True,False,0
Greedy vs Greedy,975,21261888,1,Greedy,Greedy,south,commander_capture,30,True,False,0
Greedy vs Greedy,976,21261889,0,Greedy,Greedy,south,commander_capture,68,True,False,0
Greedy vs Greedy,976,21261889,1,Greedy,Greedy,north,commander_capture,83,True,False,0
Greedy vs Greedy,977,21261890,0,Greedy,Greedy,south,commander_capture,62,True,False,0
Greedy vs Greedy,977,21261890,1,Greedy,Greedy,north,commander_capture,55,True,False,0
Greedy vs Greedy,978,21261891,0,Greedy,Greedy,north,commander_capture,79,True,False,0
Greedy vs Greedy,978,21261891,1,Greedy,Greedy,north,commander_capture,43,True,False,0
Greedy vs Greedy,979,21261892,0,Greedy,Greedy,south,commander_capture,38,True,False,0
Greedy vs Greedy,979,21261892,1,Greedy,Greedy,north,commander_capture,73,True,False,0
Greedy vs Greedy,980,21261893,0,Greedy,Greedy,north,commander_capture,93,True,False,0
Greedy vs Greedy,980,21261893,1,Greedy,Greedy,north,commander_capture,27,True,False,0
Greedy vs Greedy,981,21261894,0,Greedy,Greedy,south,commander_capture,58,True,False,0
Greedy vs Greedy,981,21261894,1,Greedy,Greedy,north,commander_capture,57,True,False,0
Greedy vs Greedy,982,21261895,0,Greedy,Greedy,south,commander_capture,54,True,False,0
Greedy vs Greedy,982,21261895,1,Greedy,Greedy,south,commander_capture,38,True,False,0
Greedy vs Greedy,983,21261896,0,Greedy,Greedy,south,commander_capture,98,True,False,0
Greedy vs Greedy,983,21261896,1,Greedy,Greedy,north,commander_capture,27,True,False,0
Greedy vs Greedy,984,21261897,0,Greedy,Greedy,north,commander_capture,75,True,False,0
Greedy vs Greedy,984,21261897,1,Greedy,Greedy,south,commander_capture,96,True,False,0
Greedy vs Greedy,985,21261898,0,Greedy,Greedy,north,commander_capture,85,True,False,0
Greedy vs Greedy,985,21261898,1,Greedy,Greedy,north,commander_capture,87,True,False,0
Greedy vs Greedy,986,21261899,0,Greedy,Greedy,south,commander_capture,106,True,False,0
Greedy vs Greedy,986,21261899,1,Greedy,Greedy,south,commander_capture,44,True,False,0
Greedy vs Greedy,987,21261900,0,Greedy,Greedy,south,commander_capture,16,True,False,0
Greedy vs Greedy,987,21261900,1,Greedy,Greedy,north,commander_capture,29,True,False,0
Greedy vs Greedy,988,21261901,0,Greedy,Greedy,north,commander_capture,41,True,False,0
Greedy vs Greedy,988,21261901,1,Greedy,Greedy,north,commander_capture,73,True,False,0
Greedy vs Greedy,989,21261902,0,Greedy,Greedy,north,commander_capture,41,True,False,0
Greedy vs Greedy,989,21261902,1,Greedy,Greedy,south,commander_capture,24,True,False,0
Greedy vs Greedy,990,21261903,0,Greedy,Greedy,north,commander_capture,47,True,False,0
Greedy vs Greedy,990,21261903,1,Greedy,Greedy,north,commander_capture,11,True,False,0
Greedy vs Greedy,991,21261904,0,Greedy,Greedy,north,commander_capture,83,True,False,0
Greedy vs Greedy,991,21261904,1,Greedy,Greedy,south,commander_capture,38,True,False,0
Greedy vs Greedy,992,21261905,0,Greedy,Greedy,north,commander_capture,63,True,False,0
Greedy vs Greedy,992,21261905,1,Greedy,Greedy,south,commander_capture,44,True,False,0
Greedy vs Greedy,993,21261906,0,Greedy,Greedy,south,commander_capture,36,True,False,0
Greedy vs Greedy,993,21261906,1,Greedy,Greedy,north,commander_capture,37,True,False,0
Greedy vs Greedy,994,21261907,0,Greedy,Greedy,south,commander_capture,78,True,False,0
Greedy vs Greedy,994,21261907,1,Greedy,Greedy,south,commander_capture,50,True,False,0
Greedy vs Greedy,995,21261908,0,Greedy,Greedy,south,commander_capture,82,True,False,0
Greedy vs Greedy,995,21261908,1,Greedy,Greedy,south,commander_capture,94,True,False,0
Greedy vs Greedy,996,21261909,0,Greedy,Greedy,north,commander_capture,65,True,False,0
Greedy vs Greedy,996,21261909,1,Greedy,Greedy,south,commander_capture,44,True,False,0
Greedy vs Greedy,997,21261910,0,Greedy,Greedy,draw,threefold_repetition,81,True,False,0
Greedy vs Greedy,997,21261910,1,Greedy,Greedy,north,commander_capture,27,True,False,0
Greedy vs Greedy,998,21261911,0,Greedy,Greedy,south,commander_capture,12,True,False,0
Greedy vs Greedy,998,21261911,1,Greedy,Greedy,south,commander_capture,28,True,False,0
Greedy vs Greedy,999,21261912,0,Greedy,Greedy,south,commander_capture,56,True,False,0
Greedy vs Greedy,999,21261912,1,Greedy,Greedy,north,commander_capture,79,True,False,0
Greedy vs Greedy,1000,21261913,0,Greedy,Greedy,south,commander_capture,52,True,False,0
Greedy vs Greedy,1000,21261913,1,Greedy,Greedy,south,commander_capture,44,True,False,0
Greedy vs Greedy,1001,21261914,0,Greedy,Greedy,north,commander_capture,71,True,False,0
Greedy vs Greedy,1001,21261914,1,Greedy,Greedy,north,commander_capture,33,True,False,0
Greedy vs Greedy,1002,21261915,0,Greedy,Greedy,south,commander_capture,38,True,False,0
Greedy vs Greedy,1002,21261915,1,Greedy,Greedy,south,commander_capture,38,True,False,0
Greedy vs Greedy,1003,21261916,0,Greedy,Greedy,south,commander_capture,48,True,False,0
Greedy vs Greedy,1003,21261916,1,Greedy,Greedy,south,commander_capture,44,True,False,0
Greedy vs Greedy,1004,21261917,0,Greedy,Greedy,north,commander_capture,37,True,False,0
Greedy vs Greedy,1004,21261917,1,Greedy,Greedy,north,commander_capture,41,True,False,0
Greedy vs Greedy,1005,21261918,0,Greedy,Greedy,north,commander_capture,37,True,False,0
Greedy vs Greedy,1005,21261918,1,Greedy,Greedy,north,commander_capture,53,True,False,0
Greedy vs Greedy,1006,21261919,0,Greedy,Greedy,south,commander_capture,46,True,False,0
Greedy vs Greedy,1006,21261919,1,Greedy,Greedy,south,commander_capture,68,True,False,0
Greedy vs Greedy,1007,21261920,0,Greedy,Greedy,north,commander_capture,19,True,False,0
Greedy vs Greedy,1007,21261920,1,Greedy,Greedy,north,commander_capture,45,True,False,0
Greedy vs Greedy,1008,21261921,0,Greedy,Greedy,south,commander_capture,34,True,False,0
Greedy vs Greedy,1008,21261921,1,Greedy,Greedy,south,commander_capture,60,True,False,0
Greedy vs Greedy,1009,21261922,0,Greedy,Greedy,north,commander_capture,91,True,False,0
Greedy vs Greedy,1009,21261922,1,Greedy,Greedy,south,commander_capture,52,True,False,0
Greedy vs Greedy,1010,21261923,0,Greedy,Greedy,north,commander_capture,23,True,False,0
Greedy vs Greedy,1010,21261923,1,Greedy,Greedy,south,commander_capture,58,True,False,0
Greedy vs Greedy,1011,21261924,0,Greedy,Greedy,south,commander_capture,36,True,False,0
Greedy vs Greedy,1011,21261924,1,Greedy,Greedy,north,commander_capture,19,True,False,0
Greedy vs Greedy,1012,21261925,0,Greedy,Greedy,north,commander_capture,59,True,False,0
Greedy vs Greedy,1012,21261925,1,Greedy,Greedy,north,commander_capture,35,True,False,0
Greedy vs Greedy,1013,21261926,0,Greedy,Greedy,draw,threefold_repetition,55,True,False,0
Greedy vs Greedy,1013,21261926,1,Greedy,Greedy,south,commander_capture,20,True,False,0
Greedy vs Greedy,1014,21261927,0,Greedy,Greedy,north,commander_capture,55,True,False,0
Greedy vs Greedy,1014,21261927,1,Greedy,Greedy,north,commander_capture,43,True,False,0
Greedy vs Greedy,1015,21261928,0,Greedy,Greedy,south,commander_capture,58,True,False,0
Greedy vs Greedy,1015,21261928,1,Greedy,Greedy,north,commander_capture,55,True,False,0
Greedy vs Greedy,1016,21261929,0,Greedy,Greedy,north,commander_capture,55,True,False,0
Greedy vs Greedy,1016,21261929,1,Greedy,Greedy,north,commander_capture,37,True,False,0
Greedy vs Greedy,1017,21261930,0,Greedy,Greedy,south,commander_capture,108,True,False,0
Greedy vs Greedy,1017,21261930,1,Greedy,Greedy,south,commander_capture,80,True,False,0
Greedy vs Greedy,1018,21261931,0,Greedy,Greedy,north,commander_capture,97,True,False,0
Greedy vs Greedy,1018,21261931,1,Greedy,Greedy,south,commander_capture,110,True,False,0
Greedy vs Greedy,1019,21261932,0,Greedy,Greedy,north,commander_capture,25,True,False,0
Greedy vs Greedy,1019,21261932,1,Greedy,Greedy,south,commander_capture,94,True,False,0
Greedy vs Greedy,1020,21261933,0,Greedy,Greedy,south,commander_capture,48,True,False,0
Greedy vs Greedy,1020,21261933,1,Greedy,Greedy,south,commander_capture,56,True,False,0
Greedy vs Greedy,1021,21261934,0,Greedy,Greedy,south,commander_capture,112,True,False,0
Greedy vs Greedy,1021,21261934,1,Greedy,Greedy,south,commander_capture,70,True,False,0
Greedy vs Greedy,1022,21261935,0,Greedy,Greedy,south,commander_capture,84,True,False,0
Greedy vs Greedy,1022,21261935,1,Greedy,Greedy,north,commander_capture,39,True,False,0
Greedy vs Greedy,1023,21261936,0,Greedy,Greedy,south,commander_capture,34,True,False,0
Greedy vs Greedy,1023,21261936,1,Greedy,Greedy,south,commander_capture,54,True,False,0
Greedy vs Greedy,1024,21261937,0,Greedy,Greedy,north,commander_capture,53,True,False,0
Greedy vs Greedy,1024,21261937,1,Greedy,Greedy,north,commander_capture,17,True,False,0
Greedy vs Greedy,1025,21261938,0,Greedy,Greedy,south,commander_capture,38,True,False,0
Greedy vs Greedy,1025,21261938,1,Greedy,Greedy,north,commander_capture,103,True,False,0
Greedy vs Greedy,1026,21261939,0,Greedy,Greedy,north,commander_capture,103,True,False,0
Greedy vs Greedy,1026,21261939,1,Greedy,Greedy,south,commander_capture,50,True,False,0
Greedy vs Greedy,1027,21261940,0,Greedy,Greedy,north,commander_capture,71,True,False,0
Greedy vs Greedy,1027,21261940,1,Greedy,Greedy,north,commander_capture,77,True,False,0
Greedy vs Greedy,1028,21261941,0,Greedy,Greedy,north,commander_capture,43,True,False,0
Greedy vs Greedy,1028,21261941,1,Greedy,Greedy,north,commander_capture,29,True,False,0
Greedy vs Greedy,1029,21261942,0,Greedy,Greedy,north,commander_capture,29,True,False,0
Greedy vs Greedy,1029,21261942,1,Greedy,Greedy,north,commander_capture,69,True,False,0
Greedy vs Greedy,1030,21261943,0,Greedy,Greedy,north,commander_capture,57,True,False,0
Greedy vs Greedy,1030,21261943,1,Greedy,Greedy,north,commander_capture,47,True,False,0
Greedy vs Greedy,1031,21261944,0,Greedy,Greedy,south,commander_capture,84,True,False,0
Greedy vs Greedy,1031,21261944,1,Greedy,Greedy,north,commander_capture,91,True,False,0
Greedy vs Greedy,1032,21261945,0,Greedy,Greedy,south,commander_capture,56,True,False,0
Greedy vs Greedy,1032,21261945,1,Greedy,Greedy,north,commander_capture,67,True,False,0
Greedy vs Greedy,1033,21261946,0,Greedy,Greedy,south,commander_capture,46,True,False,0
Greedy vs Greedy,1033,21261946,1,Greedy,Greedy,north,commander_capture,105,True,False,0
Greedy vs Greedy,1034,21261947,0,Greedy,Greedy,north,commander_capture,55,True,False,0
Greedy vs Greedy,1034,21261947,1,Greedy,Greedy,north,commander_capture,37,True,False,0
Greedy vs Greedy,1035,21261948,0,Greedy,Greedy,north,commander_capture,75,True,False,0
Greedy vs Greedy,1035,21261948,1,Greedy,Greedy,north,commander_capture,19,True,False,0
Greedy vs Greedy,1036,21261949,0,Greedy,Greedy,south,commander_capture,84,True,False,0
Greedy vs Greedy,1036,21261949,1,Greedy,Greedy,south,commander_capture,66,True,False,0
Greedy vs Greedy,1037,21261950,0,Greedy,Greedy,south,commander_capture,50,True,False,0
Greedy vs Greedy,1037,21261950,1,Greedy,Greedy,north,commander_capture,91,True,False,0
Greedy vs Greedy,1038,21261951,0,Greedy,Greedy,north,commander_capture,83,True,False,0
Greedy vs Greedy,1038,21261951,1,Greedy,Greedy,south,commander_capture,32,True,False,0
Greedy vs Greedy,1039,21261952,0,Greedy,Greedy,south,commander_capture,14,True,False,0
Greedy vs Greedy,1039,21261952,1,Greedy,Greedy,north,commander_capture,69,True,False,0
Greedy vs Greedy,1040,21261953,0,Greedy,Greedy,south,commander_capture,38,True,False,0
Greedy vs Greedy,1040,21261953,1,Greedy,Greedy,south,commander_capture,64,True,False,0
Greedy vs Greedy,1041,21261954,0,Greedy,Greedy,south,commander_capture,106,True,False,0
Greedy vs Greedy,1041,21261954,1,Greedy,Greedy,north,commander_capture,31,True,False,0
Greedy vs Greedy,1042,21261955,0,Greedy,Greedy,north,commander_capture,19,True,False,0
Greedy vs Greedy,1042,21261955,1,Greedy,Greedy,north,commander_capture,63,True,False,0
Greedy vs Greedy,1043,21261956,0,Greedy,Greedy,south,commander_capture,34,True,False,0
Greedy vs Greedy,1043,21261956,1,Greedy,Greedy,south,commander_capture,48,True,False,0
Greedy vs Greedy,1044,21261957,0,Greedy,Greedy,south,commander_capture,92,True,False,0
Greedy vs Greedy,1044,21261957,1,Greedy,Greedy,south,commander_capture,66,True,False,0
Greedy vs Greedy,1045,21261958,0,Greedy,Greedy,south,commander_capture,78,True,False,0
Greedy vs Greedy,1045,21261958,1,Greedy,Greedy,south,commander_capture,72,True,False,0
Greedy vs Greedy,1046,21261959,0,Greedy,Greedy,north,commander_capture,81,True,False,0
Greedy vs Greedy,1046,21261959,1,Greedy,Greedy,north,commander_capture,31,True,False,0
Greedy vs Greedy,1047,21261960,0,Greedy,Greedy,north,commander_capture,81,True,False,0
Greedy vs Greedy,1047,21261960,1,Greedy,Greedy,north,commander_capture,45,True,False,0
Greedy vs Greedy,1048,21261961,0,Greedy,Greedy,south,commander_capture,14,True,False,0
Greedy vs Greedy,1048,21261961,1,Greedy,Greedy,north,commander_capture,69,True,False,0
Greedy vs Greedy,1049,21261962,0,Greedy,Greedy,south,commander_capture,28,True,False,0
Greedy vs Greedy,1049,21261962,1,Greedy,Greedy,south,commander_capture,102,True,False,0
Greedy vs Greedy,1050,21261963,0,Greedy,Greedy,north,commander_capture,45,True,False,0
Greedy vs Greedy,1050,21261963,1,Greedy,Greedy,north,commander_capture,93,True,False,0
Greedy vs Greedy,1051,21261964,0,Greedy,Greedy,north,commander_capture,77,True,False,0
Greedy vs Greedy,1051,21261964,1,Greedy,Greedy,south,commander_capture,36,True,False,0
Greedy vs Greedy,1052,21261965,0,Greedy,Greedy,draw,threefold_repetition,40,True,False,0
Greedy vs Greedy,1052,21261965,1,Greedy,Greedy,south,commander_capture,30,True,False,0
Greedy vs Greedy,1053,21261966,0,Greedy,Greedy,south,commander_capture,32,True,False,0
Greedy vs Greedy,1053,21261966,1,Greedy,Greedy,north,commander_capture,93,True,False,0
Greedy vs Greedy,1054,21261967,0,Greedy,Greedy,north,commander_capture,25,True,False,0
Greedy vs Greedy,1054,21261967,1,Greedy,Greedy,north,commander_capture,57,True,False,0
Greedy vs Greedy,1055,21261968,0,Greedy,Greedy,south,commander_capture,56,True,False,0
Greedy vs Greedy,1055,21261968,1,Greedy,Greedy,south,commander_capture,90,True,False,0
Greedy vs Greedy,1056,21261969,0,Greedy,Greedy,north,commander_capture,19,True,False,0
Greedy vs Greedy,1056,21261969,1,Greedy,Greedy,north,commander_capture,83,True,False,0
Greedy vs Greedy,1057,21261970,0,Greedy,Greedy,north,commander_capture,71,True,False,0
Greedy vs Greedy,1057,21261970,1,Greedy,Greedy,north,commander_capture,61,True,False,0
Greedy vs Greedy,1058,21261971,0,Greedy,Greedy,north,commander_capture,25,True,False,0
Greedy vs Greedy,1058,21261971,1,Greedy,Greedy,north,commander_capture,81,True,False,0
Greedy vs Greedy,1059,21261972,0,Greedy,Greedy,north,commander_capture,129,True,False,0
Greedy vs Greedy,1059,21261972,1,Greedy,Greedy,north,commander_capture,47,True,False,0
Greedy vs Greedy,1060,21261973,0,Greedy,Greedy,north,commander_capture,45,True,False,0
Greedy vs Greedy,1060,21261973,1,Greedy,Greedy,north,commander_capture,51,True,False,0
Greedy vs Greedy,1061,21261974,0,Greedy,Greedy,south,commander_capture,102,True,False,0
Greedy vs Greedy,1061,21261974,1,Greedy,Greedy,south,commander_capture,76,True,False,0
Greedy vs Greedy,1062,21261975,0,Greedy,Greedy,north,commander_capture,61,True,False,0
Greedy vs Greedy,1062,21261975,1,Greedy,Greedy,north,commander_capture,77,True,False,0
Greedy vs Greedy,1063,21261976,0,Greedy,Greedy,draw,threefold_repetition,71,True,False,0
Greedy vs Greedy,1063,21261976,1,Greedy,Greedy,north,commander_capture,51,True,False,0
Greedy vs Greedy,1064,21261977,0,Greedy,Greedy,north,commander_capture,101,True,False,0
Greedy vs Greedy,1064,21261977,1,Greedy,Greedy,north,commander_capture,43,True,False,0
Greedy vs Greedy,1065,21261978,0,Greedy,Greedy,south,commander_capture,22,True,False,0
Greedy vs Greedy,1065,21261978,1,Greedy,Greedy,north,commander_capture,83,True,False,0
Greedy vs Greedy,1066,21261979,0,Greedy,Greedy,south,commander_capture,94,True,False,0
Greedy vs Greedy,1066,21261979,1,Greedy,Greedy,north,commander_capture,95,True,False,0
Greedy vs Greedy,1067,21261980,0,Greedy,Greedy,south,commander_capture,48,True,False,0
Greedy vs Greedy,1067,21261980,1,Greedy,Greedy,south,commander_capture,84,True,False,0
Greedy vs Greedy,1068,21261981,0,Greedy,Greedy,south,commander_capture,96,True,False,0
Greedy vs Greedy,1068,21261981,1,Greedy,Greedy,south,commander_capture,92,True,False,0
Greedy vs Greedy,1069,21261982,0,Greedy,Greedy,south,commander_capture,42,True,False,0
Greedy vs Greedy,1069,21261982,1,Greedy,Greedy,south,commander_capture,60,True,False,0
Greedy vs Greedy,1070,21261983,0,Greedy,Greedy,north,commander_capture,81,True,False,0
Greedy vs Greedy,1070,21261983,1,Greedy,Greedy,south,commander_capture,82,True,False,0
Greedy vs Greedy,1071,21261984,0,Greedy,Greedy,south,commander_capture,48,True,False,0
Greedy vs Greedy,1071,21261984,1,Greedy,Greedy,draw,threefold_repetition,25,True,False,0
Greedy vs Greedy,1072,21261985,0,Greedy,Greedy,north,commander_capture,53,True,False,0
Greedy vs Greedy,1072,21261985,1,Greedy,Greedy,north,commander_capture,41,True,False,0
Greedy vs Greedy,1073,21261986,0,Greedy,Greedy,south,commander_capture,32,True,False,0
Greedy vs Greedy,1073,21261986,1,Greedy,Greedy,south,commander_capture,40,True,False,0
Greedy vs Greedy,1074,21261987,0,Greedy,Greedy,north,commander_capture,63,True,False,0
Greedy vs Greedy,1074,21261987,1,Greedy,Greedy,south,commander_capture,114,True,False,0
Greedy vs Greedy,1075,21261988,0,Greedy,Greedy,south,commander_capture,68,True,False,0
Greedy vs Greedy,1075,21261988,1,Greedy,Greedy,north,commander_capture,65,True,False,0
Greedy vs Greedy,1076,21261989,0,Greedy,Greedy,south,commander_capture,44,True,False,0
Greedy vs Greedy,1076,21261989,1,Greedy,Greedy,south,commander_capture,78,True,False,0
Greedy vs Greedy,1077,21261990,0,Greedy,Greedy,north,commander_capture,53,True,False,0
Greedy vs Greedy,1077,21261990,1,Greedy,Greedy,south,commander_capture,62,True,False,0
Greedy vs Greedy,1078,21261991,0,Greedy,Greedy,draw,threefold_repetition,43,True,False,0
Greedy vs Greedy,1078,21261991,1,Greedy,Greedy,north,commander_capture,9,True,False,0
Greedy vs Greedy,1079,21261992,0,Greedy,Greedy,north,commander_capture,35,True,False,0
Greedy vs Greedy,1079,21261992,1,Greedy,Greedy,south,commander_capture,56,True,False,0
Greedy vs Greedy,1080,21261993,0,Greedy,Greedy,south,commander_capture,42,True,False,0
Greedy vs Greedy,1080,21261993,1,Greedy,Greedy,south,commander_capture,52,True,False,0
Greedy vs Greedy,1081,21261994,0,Greedy,Greedy,south,commander_capture,84,True,False,0
Greedy vs Greedy,1081,21261994,1,Greedy,Greedy,south,commander_capture,100,True,False,0
Greedy vs Greedy,1082,21261995,0,Greedy,Greedy,south,commander_capture,76,True,False,0
Greedy vs Greedy,1082,21261995,1,Greedy,Greedy,south,commander_capture,80,True,False,0
Greedy vs Greedy,1083,21261996,0,Greedy,Greedy,south,commander_capture,18,True,False,0
Greedy vs Greedy,1083,21261996,1,Greedy,Greedy,south,commander_capture,54,True,False,0
Greedy vs Greedy,1084,21261997,0,Greedy,Greedy,north,commander_capture,95,True,False,0
Greedy vs Greedy,1084,21261997,1,Greedy,Greedy,south,commander_capture,46,True,False,0
Greedy vs Greedy,1085,21261998,0,Greedy,Greedy,north,commander_capture,71,True,False,0
Greedy vs Greedy,1085,21261998,1,Greedy,Greedy,south,commander_capture,72,True,False,0
Greedy vs Greedy,1086,21261999,0,Greedy,Greedy,south,commander_capture,36,True,False,0
Greedy vs Greedy,1086,21261999,1,Greedy,Greedy,south,commander_capture,58,True,False,0
Greedy vs Greedy,1087,21262000,0,Greedy,Greedy,south,commander_capture,110,True,False,0
Greedy vs Greedy,1087,21262000,1,Greedy,Greedy,south,commander_capture,26,True,False,0
Greedy vs Greedy,1088,21262001,0,Greedy,Greedy,north,commander_capture,35,True,False,0
Greedy vs Greedy,1088,21262001,1,Greedy,Greedy,south,commander_capture,70,True,False,0
Greedy vs Greedy,1089,21262002,0,Greedy,Greedy,north,commander_capture,61,True,False,0
Greedy vs Greedy,1089,21262002,1,Greedy,Greedy,south,commander_capture,52,True,False,0
Greedy vs Greedy,1090,21262003,0,Greedy,Greedy,south,commander_capture,104,True,False,0
Greedy vs Greedy,1090,21262003,1,Greedy,Greedy,south,commander_capture,26,True,False,0
Greedy vs Greedy,1091,21262004,0,Greedy,Greedy,draw,threefold_repetition,67,True,False,0
Greedy vs Greedy,1091,21262004,1,Greedy,Greedy,north,commander_capture,55,True,False,0
Greedy vs Greedy,1092,21262005,0,Greedy,Greedy,north,commander_capture,31,True,False,0
Greedy vs Greedy,1092,21262005,1,Greedy,Greedy,south,commander_capture,68,True,False,0
Greedy vs Greedy,1093,21262006,0,Greedy,Greedy,south,commander_capture,76,True,False,0
Greedy vs Greedy,1093,21262006,1,Greedy,Greedy,north,commander_capture,55,True,False,0
Greedy vs Greedy,1094,21262007,0,Greedy,Greedy,south,commander_capture,130,True,False,0
Greedy vs Greedy,1094,21262007,1,Greedy,Greedy,north,commander_capture,57,True,False,0
Greedy vs Greedy,1095,21262008,0,Greedy,Greedy,north,commander_capture,13,True,False,0
Greedy vs Greedy,1095,21262008,1,Greedy,Greedy,south,commander_capture,44,True,False,0
Greedy vs Greedy,1096,21262009,0,Greedy,Greedy,north,commander_capture,111,True,False,0
Greedy vs Greedy,1096,21262009,1,Greedy,Greedy,south,commander_capture,120,True,False,0
Greedy vs Greedy,1097,21262010,0,Greedy,Greedy,north,commander_capture,51,True,False,0
Greedy vs Greedy,1097,21262010,1,Greedy,Greedy,south,commander_capture,68,True,False,0
Greedy vs Greedy,1098,21262011,0,Greedy,Greedy,north,commander_capture,23,True,False,0
Greedy vs Greedy,1098,21262011,1,Greedy,Greedy,south,commander_capture,70,True,False,0
Greedy vs Greedy,1099,21262012,0,Greedy,Greedy,south,commander_capture,58,True,False,0
Greedy vs Greedy,1099,21262012,1,Greedy,Greedy,south,commander_capture,72,True,False,0
Greedy vs Greedy,1100,21262013,0,Greedy,Greedy,south,commander_capture,86,True,False,0
Greedy vs Greedy,1100,21262013,1,Greedy,Greedy,north,commander_capture,21,True,False,0
Greedy vs Greedy,1101,21262014,0,Greedy,Greedy,north,commander_capture,55,True,False,0
Greedy vs Greedy,1101,21262014,1,Greedy,Greedy,north,commander_capture,47,True,False,0
Greedy vs Greedy,1102,21262015,0,Greedy,Greedy,south,commander_capture,20,True,False,0
Greedy vs Greedy,1102,21262015,1,Greedy,Greedy,north,commander_capture,97,True,False,0
Greedy vs Greedy,1103,21262016,0,Greedy,Greedy,north,commander_capture,45,True,False,0
Greedy vs Greedy,1103,21262016,1,Greedy,Greedy,north,commander_capture,69,True,False,0
Greedy vs Greedy,1104,21262017,0,Greedy,Greedy,north,commander_capture,45,True,False,0
Greedy vs Greedy,1104,21262017,1,Greedy,Greedy,north,commander_capture,25,True,False,0
Greedy vs Greedy,1105,21262018,0,Greedy,Greedy,north,commander_capture,37,True,False,0
Greedy vs Greedy,1105,21262018,1,Greedy,Greedy,south,commander_capture,36,True,False,0
Greedy vs Greedy,1106,21262019,0,Greedy,Greedy,south,commander_capture,44,True,False,0
Greedy vs Greedy,1106,21262019,1,Greedy,Greedy,draw,threefold_repetition,37,True,False,0
Greedy vs Greedy,1107,21262020,0,Greedy,Greedy,south,commander_capture,34,True,False,0
Greedy vs Greedy,1107,21262020,1,Greedy,Greedy,south,commander_capture,36,True,False,0
Greedy vs Greedy,1108,21262021,0,Greedy,Greedy,north,commander_capture,129,True,False,0
Greedy vs Greedy,1108,21262021,1,Greedy,Greedy,north,commander_capture,41,True,False,0
Greedy vs Greedy,1109,21262022,0,Greedy,Greedy,south,commander_capture,66,True,False,0
Greedy vs Greedy,1109,21262022,1,Greedy,Greedy,south,commander_capture,40,True,False,0
Greedy vs Greedy,1110,21262023,0,Greedy,Greedy,north,commander_capture,91,True,False,0
Greedy vs Greedy,1110,21262023,1,Greedy,Greedy,south,commander_capture,46,True,False,0
Greedy vs Greedy,1111,21262024,0,Greedy,Greedy,north,commander_capture,63,True,False,0
Greedy vs Greedy,1111,21262024,1,Greedy,Greedy,north,commander_capture,79,True,False,0
Greedy vs Greedy,1112,21262025,0,Greedy,Greedy,south,commander_capture,56,True,False,0
Greedy vs Greedy,1112,21262025,1,Greedy,Greedy,north,commander_capture,41,True,False,0
Greedy vs Greedy,1113,21262026,0,Greedy,Greedy,south,commander_capture,48,True,False,0
Greedy vs Greedy,1113,21262026,1,Greedy,Greedy,south,commander_capture,98,True,False,0
Greedy vs Greedy,1114,21262027,0,Greedy,Greedy,south,commander_capture,136,True,False,0
Greedy vs Greedy,1114,21262027,1,Greedy,Greedy,north,commander_capture,71,True,False,0
Greedy vs Greedy,1115,21262028,0,Greedy,Greedy,north,commander_capture,77,True,False,0
Greedy vs Greedy,1115,21262028,1,Greedy,Greedy,south,commander_capture,102,True,False,0
Greedy vs Greedy,1116,21262029,0,Greedy,Greedy,south,commander_capture,32,True,False,0
Greedy vs Greedy,1116,21262029,1,Greedy,Greedy,north,commander_capture,63,True,False,0
Greedy vs Greedy,1117,21262030,0,Greedy,Greedy,north,commander_capture,39,True,False,0
Greedy vs Greedy,1117,21262030,1,Greedy,Greedy,south,commander_capture,46,True,False,0
Greedy vs Greedy,1118,21262031,0,Greedy,Greedy,north,commander_capture,27,True,False,0
Greedy vs Greedy,1118,21262031,1,Greedy,Greedy,north,commander_capture,43,True,False,0
Greedy vs Greedy,1119,21262032,0,Greedy,Greedy,north,commander_capture,87,True,False,0
Greedy vs Greedy,1119,21262032,1,Greedy,Greedy,north,commander_capture,49,True,False,0
Greedy vs Greedy,1120,21262033,0,Greedy,Greedy,north,commander_capture,17,True,False,0
Greedy vs Greedy,1120,21262033,1,Greedy,Greedy,south,commander_capture,22,True,False,0
Greedy vs Greedy,1121,21262034,0,Greedy,Greedy,north,commander_capture,87,True,False,0
Greedy vs Greedy,1121,21262034,1,Greedy,Greedy,north,commander_capture,85,True,False,0
Greedy vs Greedy,1122,21262035,0,Greedy,Greedy,north,commander_capture,61,True,False,0
Greedy vs Greedy,1122,21262035,1,Greedy,Greedy,north,commander_capture,55,True,False,0
Greedy vs Greedy,1123,21262036,0,Greedy,Greedy,draw,threefold_repetition,36,True,False,0
Greedy vs Greedy,1123,21262036,1,Greedy,Greedy,south,commander_capture,42,True,False,0
Greedy vs Greedy,1124,21262037,0,Greedy,Greedy,south,commander_capture,80,True,False,0
Greedy vs Greedy,1124,21262037,1,Greedy,Greedy,north,commander_capture,43,True,False,0
Greedy vs Greedy,1125,21262038,0,Greedy,Greedy,south,commander_capture,40,True,False,0
Greedy vs Greedy,1125,21262038,1,Greedy,Greedy,south,commander_capture,84,True,False,0
Greedy vs Greedy,1126,21262039,0,Greedy,Greedy,,ply_limit,512,False,True,0
Greedy vs Greedy,1126,21262039,1,Greedy,Greedy,north,commander_capture,89,True,False,0
Greedy vs Greedy,1127,21262040,0,Greedy,Greedy,north,commander_capture,71,True,False,0
Greedy vs Greedy,1127,21262040,1,Greedy,Greedy,north,commander_capture,35,True,False,0
Greedy vs Greedy,1128,21262041,0,Greedy,Greedy,south,commander_capture,52,True,False,0
Greedy vs Greedy,1128,21262041,1,Greedy,Greedy,north,commander_capture,53,True,False,0
Greedy vs Greedy,1129,21262042,0,Greedy,Greedy,north,commander_capture,51,True,False,0
Greedy vs Greedy,1129,21262042,1,Greedy,Greedy,south,commander_capture,86,True,False,0
Greedy vs Greedy,1130,21262043,0,Greedy,Greedy,north,commander_capture,25,True,False,0
Greedy vs Greedy,1130,21262043,1,Greedy,Greedy,south,commander_capture,72,True,False,0
Greedy vs Greedy,1131,21262044,0,Greedy,Greedy,south,commander_capture,84,True,False,0
Greedy vs Greedy,1131,21262044,1,Greedy,Greedy,south,commander_capture,56,True,False,0
Greedy vs Greedy,1132,21262045,0,Greedy,Greedy,north,commander_capture,89,True,False,0
Greedy vs Greedy,1132,21262045,1,Greedy,Greedy,south,commander_capture,60,True,False,0
Greedy vs Greedy,1133,21262046,0,Greedy,Greedy,north,commander_capture,71,True,False,0
Greedy vs Greedy,1133,21262046,1,Greedy,Greedy,south,commander_capture,50,True,False,0
Greedy vs Greedy,1134,21262047,0,Greedy,Greedy,south,commander_capture,70,True,False,0
Greedy vs Greedy,1134,21262047,1,Greedy,Greedy,south,commander_capture,80,True,False,0
Greedy vs Greedy,1135,21262048,0,Greedy,Greedy,north,commander_capture,81,True,False,0
Greedy vs Greedy,1135,21262048,1,Greedy,Greedy,south,commander_capture,78,True,False,0
Greedy vs Greedy,1136,21262049,0,Greedy,Greedy,south,commander_capture,48,True,False,0
Greedy vs Greedy,1136,21262049,1,Greedy,Greedy,draw,threefold_repetition,66,True,False,0
Greedy vs Greedy,1137,21262050,0,Greedy,Greedy,south,commander_capture,66,True,False,0
Greedy vs Greedy,1137,21262050,1,Greedy,Greedy,north,commander_capture,55,True,False,0
Greedy vs Greedy,1138,21262051,0,Greedy,Greedy,south,commander_capture,56,True,False,0
Greedy vs Greedy,1138,21262051,1,Greedy,Greedy,south,commander_capture,88,True,False,0
Greedy vs Greedy,1139,21262052,0,Greedy,Greedy,north,commander_capture,67,True,False,0
Greedy vs Greedy,1139,21262052,1,Greedy,Greedy,north,commander_capture,103,True,False,0
Greedy vs Greedy,1140,21262053,0,Greedy,Greedy,south,commander_capture,98,True,False,0
Greedy vs Greedy,1140,21262053,1,Greedy,Greedy,south,commander_capture,50,True,False,0
Greedy vs Greedy,1141,21262054,0,Greedy,Greedy,north,commander_capture,61,True,False,0
Greedy vs Greedy,1141,21262054,1,Greedy,Greedy,south,commander_capture,96,True,False,0
Greedy vs Greedy,1142,21262055,0,Greedy,Greedy,south,commander_capture,66,True,False,0
Greedy vs Greedy,1142,21262055,1,Greedy,Greedy,north,commander_capture,95,True,False,0
Greedy vs Greedy,1143,21262056,0,Greedy,Greedy,north,commander_capture,59,True,False,0
Greedy vs Greedy,1143,21262056,1,Greedy,Greedy,south,commander_capture,64,True,False,0
Greedy vs Greedy,1144,21262057,0,Greedy,Greedy,south,commander_capture,18,True,False,0
Greedy vs Greedy,1144,21262057,1,Greedy,Greedy,south,commander_capture,82,True,False,0
Greedy vs Greedy,1145,21262058,0,Greedy,Greedy,north,commander_capture,35,True,False,0
Greedy vs Greedy,1145,21262058,1,Greedy,Greedy,north,commander_capture,75,True,False,0
Greedy vs Greedy,1146,21262059,0,Greedy,Greedy,south,commander_capture,60,True,False,0
Greedy vs Greedy,1146,21262059,1,Greedy,Greedy,south,commander_capture,60,True,False,0
Greedy vs Greedy,1147,21262060,0,Greedy,Greedy,south,commander_capture,66,True,False,0
Greedy vs Greedy,1147,21262060,1,Greedy,Greedy,south,commander_capture,54,True,False,0
Greedy vs Greedy,1148,21262061,0,Greedy,Greedy,south,commander_capture,48,True,False,0
Greedy vs Greedy,1148,21262061,1,Greedy,Greedy,south,commander_capture,44,True,False,0
Greedy vs Greedy,1149,21262062,0,Greedy,Greedy,south,commander_capture,94,True,False,0
Greedy vs Greedy,1149,21262062,1,Greedy,Greedy,south,commander_capture,56,True,False,0
Greedy vs Greedy,1150,21262063,0,Greedy,Greedy,north,commander_capture,23,True,False,0
Greedy vs Greedy,1150,21262063,1,Greedy,Greedy,south,commander_capture,60,True,False,0
Greedy vs Greedy,1151,21262064,0,Greedy,Greedy,north,commander_capture,23,True,False,0
Greedy vs Greedy,1151,21262064,1,Greedy,Greedy,south,commander_capture,76,True,False,0
Greedy vs Greedy,1152,21262065,0,Greedy,Greedy,south,commander_capture,64,True,False,0
Greedy vs Greedy,1152,21262065,1,Greedy,Greedy,north,commander_capture,93,True,False,0
Greedy vs Greedy,1153,21262066,0,Greedy,Greedy,south,commander_capture,66,True,False,0
Greedy vs Greedy,1153,21262066,1,Greedy,Greedy,south,commander_capture,78,True,False,0
Greedy vs Greedy,1154,21262067,0,Greedy,Greedy,south,commander_capture,66,True,False,0
Greedy vs Greedy,1154,21262067,1,Greedy,Greedy,draw,threefold_repetition,37,True,False,0
Greedy vs Greedy,1155,21262068,0,Greedy,Greedy,south,commander_capture,36,True,False,0
Greedy vs Greedy,1155,21262068,1,Greedy,Greedy,north,commander_capture,111,True,False,0
Greedy vs Greedy,1156,21262069,0,Greedy,Greedy,north,commander_capture,85,True,False,0
Greedy vs Greedy,1156,21262069,1,Greedy,Greedy,south,commander_capture,102,True,False,0
Greedy vs Greedy,1157,21262070,0,Greedy,Greedy,north,commander_capture,41,True,False,0
Greedy vs Greedy,1157,21262070,1,Greedy,Greedy,south,commander_capture,56,True,False,0
Greedy vs Greedy,1158,21262071,0,Greedy,Greedy,north,commander_capture,95,True,False,0
Greedy vs Greedy,1158,21262071,1,Greedy,Greedy,south,commander_capture,108,True,False,0
Greedy vs Greedy,1159,21262072,0,Greedy,Greedy,north,commander_capture,61,True,False,0
Greedy vs Greedy,1159,21262072,1,Greedy,Greedy,north,commander_capture,59,True,False,0
Greedy vs Greedy,1160,21262073,0,Greedy,Greedy,north,commander_capture,85,True,False,0
Greedy vs Greedy,1160,21262073,1,Greedy,Greedy,south,commander_capture,40,True,False,0
Greedy vs Greedy,1161,21262074,0,Greedy,Greedy,south,commander_capture,56,True,False,0
Greedy vs Greedy,1161,21262074,1,Greedy,Greedy,north,commander_capture,99,True,False,0
Greedy vs Greedy,1162,21262075,0,Greedy,Greedy,north,commander_capture,37,True,False,0
Greedy vs Greedy,1162,21262075,1,Greedy,Greedy,south,commander_capture,70,True,False,0
Greedy vs Greedy,1163,21262076,0,Greedy,Greedy,south,commander_capture,66,True,False,0
Greedy vs Greedy,1163,21262076,1,Greedy,Greedy,north,commander_capture,29,True,False,0
Greedy vs Greedy,1164,21262077,0,Greedy,Greedy,north,commander_capture,77,True,False,0
Greedy vs Greedy,1164,21262077,1,Greedy,Greedy,north,commander_capture,57,True,False,0
Greedy vs Greedy,1165,21262078,0,Greedy,Greedy,north,commander_capture,21,True,False,0
Greedy vs Greedy,1165,21262078,1,Greedy,Greedy,north,commander_capture,67,True,False,0
Greedy vs Greedy,1166,21262079,0,Greedy,Greedy,north,commander_capture,43,True,False,0
Greedy vs Greedy,1166,21262079,1,Greedy,Greedy,south,commander_capture,94,True,False,0
Greedy vs Greedy,1167,21262080,0,Greedy,Greedy,north,commander_capture,23,True,False,0
Greedy vs Greedy,1167,21262080,1,Greedy,Greedy,north,commander_capture,47,True,False,0
Greedy vs Greedy,1168,21262081,0,Greedy,Greedy,north,commander_capture,19,True,False,0
Greedy vs Greedy,1168,21262081,1,Greedy,Greedy,south,commander_capture,100,True,False,0
Greedy vs Greedy,1169,21262082,0,Greedy,Greedy,north,commander_capture,69,True,False,0
Greedy vs Greedy,1169,21262082,1,Greedy,Greedy,north,commander_capture,83,True,False,0
Greedy vs Greedy,1170,21262083,0,Greedy,Greedy,south,commander_capture,94,True,False,0
Greedy vs Greedy,1170,21262083,1,Greedy,Greedy,south,commander_capture,30,True,False,0
Greedy vs Greedy,1171,21262084,0,Greedy,Greedy,north,commander_capture,23,True,False,0
Greedy vs Greedy,1171,21262084,1,Greedy,Greedy,south,commander_capture,82,True,False,0
Greedy vs Greedy,1172,21262085,0,Greedy,Greedy,south,commander_capture,60,True,False,0
Greedy vs Greedy,1172,21262085,1,Greedy,Greedy,south,commander_capture,84,True,False,0
Greedy vs Greedy,1173,21262086,0,Greedy,Greedy,south,commander_capture,32,True,False,0
Greedy vs Greedy,1173,21262086,1,Greedy,Greedy,north,commander_capture,55,True,False,0
Greedy vs Greedy,1174,21262087,0,Greedy,Greedy,south,commander_capture,76,True,False,0
Greedy vs Greedy,1174,21262087,1,Greedy,Greedy,north,commander_capture,43,True,False,0
Greedy vs Greedy,1175,21262088,0,Greedy,Greedy,north,commander_capture,85,True,False,0
Greedy vs Greedy,1175,21262088,1,Greedy,Greedy,north,commander_capture,71,True,False,0
Greedy vs Greedy,1176,21262089,0,Greedy,Greedy,north,commander_capture,77,True,False,0
Greedy vs Greedy,1176,21262089,1,Greedy,Greedy,south,commander_capture,16,True,False,0
Greedy vs Greedy,1177,21262090,0,Greedy,Greedy,south,commander_capture,40,True,False,0
Greedy vs Greedy,1177,21262090,1,Greedy,Greedy,north,commander_capture,51,True,False,0
Greedy vs Greedy,1178,21262091,0,Greedy,Greedy,north,commander_capture,77,True,False,0
Greedy vs Greedy,1178,21262091,1,Greedy,Greedy,north,commander_capture,31,True,False,0
Greedy vs Greedy,1179,21262092,0,Greedy,Greedy,north,commander_capture,95,True,False,0
Greedy vs Greedy,1179,21262092,1,Greedy,Greedy,north,commander_capture,27,True,False,0
Greedy vs Greedy,1180,21262093,0,Greedy,Greedy,north,commander_capture,71,True,False,0
Greedy vs Greedy,1180,21262093,1,Greedy,Greedy,south,commander_capture,134,True,False,0
Greedy vs Greedy,1181,21262094,0,Greedy,Greedy,south,commander_capture,72,True,False,0
Greedy vs Greedy,1181,21262094,1,Greedy,Greedy,,ply_limit,512,False,True,0
Greedy vs Greedy,1182,21262095,0,Greedy,Greedy,south,commander_capture,44,True,False,0
Greedy vs Greedy,1182,21262095,1,Greedy,Greedy,north,commander_capture,21,True,False,0
Greedy vs Greedy,1183,21262096,0,Greedy,Greedy,south,commander_capture,60,True,False,0
Greedy vs Greedy,1183,21262096,1,Greedy,Greedy,south,commander_capture,70,True,False,0
Greedy vs Greedy,1184,21262097,0,Greedy,Greedy,south,commander_capture,34,True,False,0
Greedy vs Greedy,1184,21262097,1,Greedy,Greedy,south,commander_capture,62,True,False,0
Greedy vs Greedy,1185,21262098,0,Greedy,Greedy,north,commander_capture,89,True,False,0
Greedy vs Greedy,1185,21262098,1,Greedy,Greedy,north,commander_capture,65,True,False,0
Greedy vs Greedy,1186,21262099,0,Greedy,Greedy,north,commander_capture,17,True,False,0
Greedy vs Greedy,1186,21262099,1,Greedy,Greedy,north,commander_capture,81,True,False,0
Greedy vs Greedy,1187,21262100,0,Greedy,Greedy,south,commander_capture,54,True,False,0
Greedy vs Greedy,1187,21262100,1,Greedy,Greedy,south,commander_capture,78,True,False,0
Greedy vs Greedy,1188,21262101,0,Greedy,Greedy,north,commander_capture,89,True,False,0
Greedy vs Greedy,1188,21262101,1,Greedy,Greedy,south,commander_capture,36,True,False,0
Greedy vs Greedy,1189,21262102,0,Greedy,Greedy,south,commander_capture,54,True,False,0
Greedy vs Greedy,1189,21262102,1,Greedy,Greedy,south,commander_capture,44,True,False,0
Greedy vs Greedy,1190,21262103,0,Greedy,Greedy,south,commander_capture,56,True,False,0
Greedy vs Greedy,1190,21262103,1,Greedy,Greedy,north,commander_capture,33,True,False,0
Greedy vs Greedy,1191,21262104,0,Greedy,Greedy,north,commander_capture,77,True,False,0
Greedy vs Greedy,1191,21262104,1,Greedy,Greedy,south,commander_capture,60,True,False,0
Greedy vs Greedy,1192,21262105,0,Greedy,Greedy,north,commander_capture,39,True,False,0
Greedy vs Greedy,1192,21262105,1,Greedy,Greedy,south,commander_capture,50,True,False,0
Greedy vs Greedy,1193,21262106,0,Greedy,Greedy,north,commander_capture,89,True,False,0
Greedy vs Greedy,1193,21262106,1,Greedy,Greedy,south,commander_capture,38,True,False,0
Greedy vs Greedy,1194,21262107,0,Greedy,Greedy,south,commander_capture,40,True,False,0
Greedy vs Greedy,1194,21262107,1,Greedy,Greedy,north,commander_capture,81,True,False,0
Greedy vs Greedy,1195,21262108,0,Greedy,Greedy,south,commander_capture,78,True,False,0
Greedy vs Greedy,1195,21262108,1,Greedy,Greedy,north,commander_capture,57,True,False,0
Greedy vs Greedy,1196,21262109,0,Greedy,Greedy,north,commander_capture,79,True,False,0
Greedy vs Greedy,1196,21262109,1,Greedy,Greedy,south,commander_capture,64,True,False,0
Greedy vs Greedy,1197,21262110,0,Greedy,Greedy,north,commander_capture,95,True,False,0
Greedy vs Greedy,1197,21262110,1,Greedy,Greedy,north,commander_capture,41,True,False,0
Greedy vs Greedy,1198,21262111,0,Greedy,Greedy,north,commander_capture,47,True,False,0
Greedy vs Greedy,1198,21262111,1,Greedy,Greedy,south,commander_capture,88,True,False,0
Greedy vs Greedy,1199,21262112,0,Greedy,Greedy,south,commander_capture,68,True,False,0
Greedy vs Greedy,1199,21262112,1,Greedy,Greedy,south,commander_capture,30,True,False,0
Greedy vs Greedy,1200,21262113,0,Greedy,Greedy,north,commander_capture,25,True,False,0
Greedy vs Greedy,1200,21262113,1,Greedy,Greedy,north,commander_capture,91,True,False,0
Greedy vs Greedy,1201,21262114,0,Greedy,Greedy,north,commander_capture,35,True,False,0
Greedy vs Greedy,1201,21262114,1,Greedy,Greedy,north,commander_capture,53,True,False,0
Greedy vs Greedy,1202,21262115,0,Greedy,Greedy,north,commander_capture,65,True,False,0
Greedy vs Greedy,1202,21262115,1,Greedy,Greedy,north,commander_capture,55,True,False,0
Greedy vs Greedy,1203,21262116,0,Greedy,Greedy,south,commander_capture,64,True,False,0
Greedy vs Greedy,1203,21262116,1,Greedy,Greedy,north,commander_capture,89,True,False,0
Greedy vs Greedy,1204,21262117,0,Greedy,Greedy,south,commander_capture,36,True,False,0
Greedy vs Greedy,1204,21262117,1,Greedy,Greedy,south,commander_capture,76,True,False,0
Greedy vs Greedy,1205,21262118,0,Greedy,Greedy,south,commander_capture,54,True,False,0
Greedy vs Greedy,1205,21262118,1,Greedy,Greedy,north,commander_capture,79,True,False,0
Greedy vs Greedy,1206,21262119,0,Greedy,Greedy,south,commander_capture,40,True,False,0
Greedy vs Greedy,1206,21262119,1,Greedy,Greedy,north,commander_capture,45,True,False,0
Greedy vs Greedy,1207,21262120,0,Greedy,Greedy,south,commander_capture,34,True,False,0
Greedy vs Greedy,1207,21262120,1,Greedy,Greedy,north,commander_capture,83,True,False,0
Greedy vs Greedy,1208,21262121,0,Greedy,Greedy,south,commander_capture,66,True,False,0
Greedy vs Greedy,1208,21262121,1,Greedy,Greedy,south,commander_capture,22,True,False,0
Greedy vs Greedy,1209,21262122,0,Greedy,Greedy,draw,threefold_repetition,47,True,False,0
Greedy vs Greedy,1209,21262122,1,Greedy,Greedy,south,commander_capture,66,True,False,0
Greedy vs Greedy,1210,21262123,0,Greedy,Greedy,south,commander_capture,50,True,False,0
Greedy vs Greedy,1210,21262123,1,Greedy,Greedy,north,commander_capture,51,True,False,0
Greedy vs Greedy,1211,21262124,0,Greedy,Greedy,south,commander_capture,28,True,False,0
Greedy vs Greedy,1211,21262124,1,Greedy,Greedy,north,commander_capture,39,True,False,0
Greedy vs Greedy,1212,21262125,0,Greedy,Greedy,south,commander_capture,44,True,False,0
Greedy vs Greedy,1212,21262125,1,Greedy,Greedy,north,commander_capture,83,True,False,0
Greedy vs Greedy,1213,21262126,0,Greedy,Greedy,south,commander_capture,24,True,False,0
Greedy vs Greedy,1213,21262126,1,Greedy,Greedy,south,commander_capture,66,True,False,0
Greedy vs Greedy,1214,21262127,0,Greedy,Greedy,north,commander_capture,45,True,False,0
Greedy vs Greedy,1214,21262127,1,Greedy,Greedy,north,commander_capture,95,True,False,0
Greedy vs Greedy,1215,21262128,0,Greedy,Greedy,south,commander_capture,18,True,False,0
Greedy vs Greedy,1215,21262128,1,Greedy,Greedy,north,commander_capture,83,True,False,0
Greedy vs Greedy,1216,21262129,0,Greedy,Greedy,south,commander_capture,66,True,False,0
Greedy vs Greedy,1216,21262129,1,Greedy,Greedy,south,commander_capture,30,True,False,0
Greedy vs Greedy,1217,21262130,0,Greedy,Greedy,north,commander_capture,41,True,False,0
Greedy vs Greedy,1217,21262130,1,Greedy,Greedy,north,commander_capture,63,True,False,0
Greedy vs Greedy,1218,21262131,0,Greedy,Greedy,north,commander_capture,57,True,False,0
Greedy vs Greedy,1218,21262131,1,Greedy,Greedy,north,commander_capture,37,True,False,0
Greedy vs Greedy,1219,21262132,0,Greedy,Greedy,south,commander_capture,40,True,False,0
Greedy vs Greedy,1219,21262132,1,Greedy,Greedy,north,commander_capture,69,True,False,0
Greedy vs Greedy,1220,21262133,0,Greedy,Greedy,north,commander_capture,65,True,False,0
Greedy vs Greedy,1220,21262133,1,Greedy,Greedy,south,commander_capture,60,True,False,0
Greedy vs Greedy,1221,21262134,0,Greedy,Greedy,north,commander_capture,81,True,False,0
Greedy vs Greedy,1221,21262134,1,Greedy,Greedy,south,commander_capture,60,True,False,0
Greedy vs Greedy,1222,21262135,0,Greedy,Greedy,north,commander_capture,81,True,False,0
Greedy vs Greedy,1222,21262135,1,Greedy,Greedy,south,commander_capture,34,True,False,0
Greedy vs Greedy,1223,21262136,0,Greedy,Greedy,north,commander_capture,65,True,False,0
Greedy vs Greedy,1223,21262136,1,Greedy,Greedy,north,commander_capture,103,True,False,0
Greedy vs Greedy,1224,21262137,0,Greedy,Greedy,south,commander_capture,118,True,False,0
Greedy vs Greedy,1224,21262137,1,Greedy,Greedy,north,commander_capture,25,True,False,0
Greedy vs Greedy,1225,21262138,0,Greedy,Greedy,south,commander_capture,116,True,False,0
Greedy vs Greedy,1225,21262138,1,Greedy,Greedy,north,commander_capture,15,True,False,0
Greedy vs Greedy,1226,21262139,0,Greedy,Greedy,north,commander_capture,81,True,False,0
Greedy vs Greedy,1226,21262139,1,Greedy,Greedy,north,commander_capture,53,True,False,0
Greedy vs Greedy,1227,21262140,0,Greedy,Greedy,south,commander_capture,82,True,False,0
Greedy vs Greedy,1227,21262140,1,Greedy,Greedy,south,commander_capture,42,True,False,0
Greedy vs Greedy,1228,21262141,0,Greedy,Greedy,south,commander_capture,78,True,False,0
Greedy vs Greedy,1228,21262141,1,Greedy,Greedy,north,commander_capture,31,True,False,0
Greedy vs Greedy,1229,21262142,0,Greedy,Greedy,south,commander_capture,60,True,False,0
Greedy vs Greedy,1229,21262142,1,Greedy,Greedy,north,commander_capture,71,True,False,0
Greedy vs Greedy,1230,21262143,0,Greedy,Greedy,south,commander_capture,80,True,False,0
Greedy vs Greedy,1230,21262143,1,Greedy,Greedy,south,commander_capture,78,True,False,0
Greedy vs Greedy,1231,21262144,0,Greedy,Greedy,north,commander_capture,39,True,False,0
Greedy vs Greedy,1231,21262144,1,Greedy,Greedy,,ply_limit,512,False,True,0
Greedy vs Greedy,1232,21262145,0,Greedy,Greedy,north,commander_capture,71,True,False,0
Greedy vs Greedy,1232,21262145,1,Greedy,Greedy,north,commander_capture,95,True,False,0
Greedy vs Greedy,1233,21262146,0,Greedy,Greedy,north,commander_capture,85,True,False,0
Greedy vs Greedy,1233,21262146,1,Greedy,Greedy,south,commander_capture,32,True,False,0
Greedy vs Greedy,1234,21262147,0,Greedy,Greedy,north,commander_capture,73,True,False,0
Greedy vs Greedy,1234,21262147,1,Greedy,Greedy,north,commander_capture,57,True,False,0
Greedy vs Greedy,1235,21262148,0,Greedy,Greedy,north,commander_capture,53,True,False,0
Greedy vs Greedy,1235,21262148,1,Greedy,Greedy,north,commander_capture,69,True,False,0
Greedy vs Greedy,1236,21262149,0,Greedy,Greedy,south,commander_capture,62,True,False,0
Greedy vs Greedy,1236,21262149,1,Greedy,Greedy,north,commander_capture,63,True,False,0
Greedy vs Greedy,1237,21262150,0,Greedy,Greedy,south,commander_capture,40,True,False,0
Greedy vs Greedy,1237,21262150,1,Greedy,Greedy,south,commander_capture,62,True,False,0
Greedy vs Greedy,1238,21262151,0,Greedy,Greedy,north,commander_capture,25,True,False,0
Greedy vs Greedy,1238,21262151,1,Greedy,Greedy,south,commander_capture,56,True,False,0
Greedy vs Greedy,1239,21262152,0,Greedy,Greedy,south,commander_capture,26,True,False,0
Greedy vs Greedy,1239,21262152,1,Greedy,Greedy,north,commander_capture,75,True,False,0
Greedy vs Greedy,1240,21262153,0,Greedy,Greedy,south,commander_capture,76,True,False,0
Greedy vs Greedy,1240,21262153,1,Greedy,Greedy,north,commander_capture,123,True,False,0
Greedy vs Greedy,1241,21262154,0,Greedy,Greedy,north,commander_capture,101,True,False,0
Greedy vs Greedy,1241,21262154,1,Greedy,Greedy,north,commander_capture,55,True,False,0
Greedy vs Greedy,1242,21262155,0,Greedy,Greedy,south,commander_capture,24,True,False,0
Greedy vs Greedy,1242,21262155,1,Greedy,Greedy,south,commander_capture,30,True,False,0
Greedy vs Greedy,1243,21262156,0,Greedy,Greedy,north,commander_capture,35,True,False,0
Greedy vs Greedy,1243,21262156,1,Greedy,Greedy,south,commander_capture,38,True,False,0
Greedy vs Greedy,1244,21262157,0,Greedy,Greedy,north,commander_capture,11,True,False,0
Greedy vs Greedy,1244,21262157,1,Greedy,Greedy,north,commander_capture,87,True,False,0
Greedy vs Greedy,1245,21262158,0,Greedy,Greedy,south,commander_capture,86,True,False,0
Greedy vs Greedy,1245,21262158,1,Greedy,Greedy,south,commander_capture,104,True,False,0
Greedy vs Greedy,1246,21262159,0,Greedy,Greedy,north,commander_capture,25,True,False,0
Greedy vs Greedy,1246,21262159,1,Greedy,Greedy,north,commander_capture,25,True,False,0
Greedy vs Greedy,1247,21262160,0,Greedy,Greedy,north,commander_capture,43,True,False,0
Greedy vs Greedy,1247,21262160,1,Greedy,Greedy,south,commander_capture,32,True,False,0
Greedy vs Greedy,1248,21262161,0,Greedy,Greedy,south,commander_capture,46,True,False,0
Greedy vs Greedy,1248,21262161,1,Greedy,Greedy,north,commander_capture,45,True,False,0
Greedy vs Greedy,1249,21262162,0,Greedy,Greedy,south,commander_capture,42,True,False,0
Greedy vs Greedy,1249,21262162,1,Greedy,Greedy,south,commander_capture,78,True,False,0
Greedy vs Greedy,1250,21262163,0,Greedy,Greedy,north,commander_capture,87,True,False,0
Greedy vs Greedy,1250,21262163,1,Greedy,Greedy,north,commander_capture,37,True,False,0
Greedy vs Greedy,1251,21262164,0,Greedy,Greedy,north,commander_capture,73,True,False,0
Greedy vs Greedy,1251,21262164,1,Greedy,Greedy,south,commander_capture,86,True,False,0
Greedy vs Greedy,1252,21262165,0,Greedy,Greedy,north,commander_capture,75,True,False,0
Greedy vs Greedy,1252,21262165,1,Greedy,Greedy,south,commander_capture,34,True,False,0
Greedy vs Greedy,1253,21262166,0,Greedy,Greedy,south,commander_capture,16,True,False,0
Greedy vs Greedy,1253,21262166,1,Greedy,Greedy,,ply_limit,512,False,True,0
Greedy vs Greedy,1254,21262167,0,Greedy,Greedy,south,commander_capture,30,True,False,0
Greedy vs Greedy,1254,21262167,1,Greedy,Greedy,north,commander_capture,11,True,False,0
Greedy vs Greedy,1255,21262168,0,Greedy,Greedy,south,commander_capture,48,True,False,0
Greedy vs Greedy,1255,21262168,1,Greedy,Greedy,north,commander_capture,43,True,False,0
Greedy vs Greedy,1256,21262169,0,Greedy,Greedy,north,commander_capture,71,True,False,0
Greedy vs Greedy,1256,21262169,1,Greedy,Greedy,south,commander_capture,54,True,False,0
Greedy vs Greedy,1257,21262170,0,Greedy,Greedy,south,commander_capture,26,True,False,0
Greedy vs Greedy,1257,21262170,1,Greedy,Greedy,north,commander_capture,27,True,False,0
Greedy vs Greedy,1258,21262171,0,Greedy,Greedy,south,commander_capture,86,True,False,0
Greedy vs Greedy,1258,21262171,1,Greedy,Greedy,south,commander_capture,64,True,False,0
Greedy vs Greedy,1259,21262172,0,Greedy,Greedy,north,commander_capture,49,True,False,0
Greedy vs Greedy,1259,21262172,1,Greedy,Greedy,north,commander_capture,23,True,False,0
Greedy vs Greedy,1260,21262173,0,Greedy,Greedy,north,commander_capture,25,True,False,0
Greedy vs Greedy,1260,21262173,1,Greedy,Greedy,north,commander_capture,31,True,False,0
Greedy vs Greedy,1261,21262174,0,Greedy,Greedy,south,commander_capture,32,True,False,0
Greedy vs Greedy,1261,21262174,1,Greedy,Greedy,north,commander_capture,27,True,False,0
Greedy vs Greedy,1262,21262175,0,Greedy,Greedy,north,commander_capture,27,True,False,0
Greedy vs Greedy,1262,21262175,1,Greedy,Greedy,south,commander_capture,36,True,False,0
Greedy vs Greedy,1263,21262176,0,Greedy,Greedy,north,commander_capture,67,True,False,0
Greedy vs Greedy,1263,21262176,1,Greedy,Greedy,north,commander_capture,17,True,False,0
Greedy vs Greedy,1264,21262177,0,Greedy,Greedy,north,commander_capture,57,True,False,0
Greedy vs Greedy,1264,21262177,1,Greedy,Greedy,,ply_limit,512,False,True,0
Greedy vs Greedy,1265,21262178,0,Greedy,Greedy,south,commander_capture,104,True,False,0
Greedy vs Greedy,1265,21262178,1,Greedy,Greedy,south,commander_capture,52,True,False,0
Greedy vs Greedy,1266,21262179,0,Greedy,Greedy,south,commander_capture,54,True,False,0
Greedy vs Greedy,1266,21262179,1,Greedy,Greedy,north,commander_capture,129,True,False,0
Greedy vs Greedy,1267,21262180,0,Greedy,Greedy,,ply_limit,512,False,True,0
Greedy vs Greedy,1267,21262180,1,Greedy,Greedy,north,commander_capture,113,True,False,0
Greedy vs Greedy,1268,21262181,0,Greedy,Greedy,north,commander_capture,101,True,False,0
Greedy vs Greedy,1268,21262181,1,Greedy,Greedy,south,commander_capture,94,True,False,0
Greedy vs Greedy,1269,21262182,0,Greedy,Greedy,south,commander_capture,76,True,False,0
Greedy vs Greedy,1269,21262182,1,Greedy,Greedy,south,commander_capture,48,True,False,0
Greedy vs Greedy,1270,21262183,0,Greedy,Greedy,south,commander_capture,88,True,False,0
Greedy vs Greedy,1270,21262183,1,Greedy,Greedy,north,commander_capture,75,True,False,0
Greedy vs Greedy,1271,21262184,0,Greedy,Greedy,south,commander_capture,26,True,False,0
Greedy vs Greedy,1271,21262184,1,Greedy,Greedy,south,commander_capture,58,True,False,0
Greedy vs Greedy,1272,21262185,0,Greedy,Greedy,north,commander_capture,39,True,False,0
Greedy vs Greedy,1272,21262185,1,Greedy,Greedy,south,commander_capture,58,True,False,0
Greedy vs Greedy,1273,21262186,0,Greedy,Greedy,south,commander_capture,100,True,False,0
Greedy vs Greedy,1273,21262186,1,Greedy,Greedy,draw,threefold_repetition,76,True,False,0
Greedy vs Greedy,1274,21262187,0,Greedy,Greedy,north,commander_capture,53,True,False,0
Greedy vs Greedy,1274,21262187,1,Greedy,Greedy,north,commander_capture,51,True,False,0
Greedy vs Greedy,1275,21262188,0,Greedy,Greedy,south,commander_capture,102,True,False,0
Greedy vs Greedy,1275,21262188,1,Greedy,Greedy,north,commander_capture,37,True,False,0
Greedy vs Greedy,1276,21262189,0,Greedy,Greedy,south,commander_capture,80,True,False,0
Greedy vs Greedy,1276,21262189,1,Greedy,Greedy,north,commander_capture,89,True,False,0
Greedy vs Greedy,1277,21262190,0,Greedy,Greedy,south,commander_capture,60,True,False,0
Greedy vs Greedy,1277,21262190,1,Greedy,Greedy,south,commander_capture,38,True,False,0
Greedy vs Greedy,1278,21262191,0,Greedy,Greedy,south,commander_capture,40,True,False,0
Greedy vs Greedy,1278,21262191,1,Greedy,Greedy,south,commander_capture,76,True,False,0
Greedy vs Greedy,1279,21262192,0,Greedy,Greedy,north,commander_capture,71,True,False,0
Greedy vs Greedy,1279,21262192,1,Greedy,Greedy,north,commander_capture,57,True,False,0
Greedy vs Greedy,1280,21262193,0,Greedy,Greedy,south,commander_capture,36,True,False,0
Greedy vs Greedy,1280,21262193,1,Greedy,Greedy,north,commander_capture,77,True,False,0
Greedy vs Greedy,1281,21262194,0,Greedy,Greedy,south,commander_capture,46,True,False,0
Greedy vs Greedy,1281,21262194,1,Greedy,Greedy,south,commander_capture,28,True,False,0
Greedy vs Greedy,1282,21262195,0,Greedy,Greedy,north,commander_capture,115,True,False,0
Greedy vs Greedy,1282,21262195,1,Greedy,Greedy,south,commander_capture,44,True,False,0
Greedy vs Greedy,1283,21262196,0,Greedy,Greedy,north,commander_capture,57,True,False,0
Greedy vs Greedy,1283,21262196,1,Greedy,Greedy,north,commander_capture,79,True,False,0
Greedy vs Greedy,1284,21262197,0,Greedy,Greedy,south,commander_capture,38,True,False,0
Greedy vs Greedy,1284,21262197,1,Greedy,Greedy,north,commander_capture,99,True,False,0
Greedy vs Greedy,1285,21262198,0,Greedy,Greedy,south,commander_capture,26,True,False,0
Greedy vs Greedy,1285,21262198,1,Greedy,Greedy,south,commander_capture,18,True,False,0
Greedy vs Greedy,1286,21262199,0,Greedy,Greedy,south,commander_capture,46,True,False,0
Greedy vs Greedy,1286,21262199,1,Greedy,Greedy,north,commander_capture,63,True,False,0
Greedy vs Greedy,1287,21262200,0,Greedy,Greedy,south,commander_capture,72,True,False,0
Greedy vs Greedy,1287,21262200,1,Greedy,Greedy,south,commander_capture,156,True,False,0
Greedy vs Greedy,1288,21262201,0,Greedy,Greedy,south,commander_capture,54,True,False,0
Greedy vs Greedy,1288,21262201,1,Greedy,Greedy,north,commander_capture,29,True,False,0
Greedy vs Greedy,1289,21262202,0,Greedy,Greedy,south,commander_capture,68,True,False,0
Greedy vs Greedy,1289,21262202,1,Greedy,Greedy,south,commander_capture,60,True,False,0
Greedy vs Greedy,1290,21262203,0,Greedy,Greedy,north,commander_capture,37,True,False,0
Greedy vs Greedy,1290,21262203,1,Greedy,Greedy,south,commander_capture,36,True,False,0
Greedy vs Greedy,1291,21262204,0,Greedy,Greedy,north,commander_capture,55,True,False,0
Greedy vs Greedy,1291,21262204,1,Greedy,Greedy,south,commander_capture,26,True,False,0
Greedy vs Greedy,1292,21262205,0,Greedy,Greedy,south,commander_capture,38,True,False,0
Greedy vs Greedy,1292,21262205,1,Greedy,Greedy,south,commander_capture,56,True,False,0
Greedy vs Greedy,1293,21262206,0,Greedy,Greedy,north,commander_capture,29,True,False,0
Greedy vs Greedy,1293,21262206,1,Greedy,Greedy,north,commander_capture,15,True,False,0
Greedy vs Greedy,1294,21262207,0,Greedy,Greedy,south,commander_capture,84,True,False,0
Greedy vs Greedy,1294,21262207,1,Greedy,Greedy,south,commander_capture,58,True,False,0
Greedy vs Greedy,1295,21262208,0,Greedy,Greedy,north,commander_capture,39,True,False,0
Greedy vs Greedy,1295,21262208,1,Greedy,Greedy,north,commander_capture,61,True,False,0
Greedy vs Greedy,1296,21262209,0,Greedy,Greedy,south,commander_capture,86,True,False,0
Greedy vs Greedy,1296,21262209,1,Greedy,Greedy,south,commander_capture,26,True,False,0
Greedy vs Greedy,1297,21262210,0,Greedy,Greedy,south,commander_capture,24,True,False,0
Greedy vs Greedy,1297,21262210,1,Greedy,Greedy,south,commander_capture,88,True,False,0
Greedy vs Greedy,1298,21262211,0,Greedy,Greedy,south,commander_capture,28,True,False,0
Greedy vs Greedy,1298,21262211,1,Greedy,Greedy,south,commander_capture,38,True,False,0
Greedy vs Greedy,1299,21262212,0,Greedy,Greedy,north,commander_capture,61,True,False,0
Greedy vs Greedy,1299,21262212,1,Greedy,Greedy,south,commander_capture,46,True,False,0
Greedy vs Greedy,1300,21262213,0,Greedy,Greedy,south,commander_capture,40,True,False,0
Greedy vs Greedy,1300,21262213,1,Greedy,Greedy,north,commander_capture,51,True,False,0
Greedy vs Greedy,1301,21262214,0,Greedy,Greedy,north,commander_capture,47,True,False,0
Greedy vs Greedy,1301,21262214,1,Greedy,Greedy,north,commander_capture,43,True,False,0
Greedy vs Greedy,1302,21262215,0,Greedy,Greedy,south,commander_capture,36,True,False,0
Greedy vs Greedy,1302,21262215,1,Greedy,Greedy,north,commander_capture,45,True,False,0
Greedy vs Greedy,1303,21262216,0,Greedy,Greedy,south,commander_capture,68,True,False,0
Greedy vs Greedy,1303,21262216,1,Greedy,Greedy,north,commander_capture,69,True,False,0
Greedy vs Greedy,1304,21262217,0,Greedy,Greedy,south,commander_capture,50,True,False,0
Greedy vs Greedy,1304,21262217,1,Greedy,Greedy,north,commander_capture,73,True,False,0
Greedy vs Greedy,1305,21262218,0,Greedy,Greedy,north,commander_capture,87,True,False,0
Greedy vs Greedy,1305,21262218,1,Greedy,Greedy,south,commander_capture,52,True,False,0
Greedy vs Greedy,1306,21262219,0,Greedy,Greedy,south,commander_capture,66,True,False,0
Greedy vs Greedy,1306,21262219,1,Greedy,Greedy,north,commander_capture,49,True,False,0
Greedy vs Greedy,1307,21262220,0,Greedy,Greedy,south,commander_capture,92,True,False,0
Greedy vs Greedy,1307,21262220,1,Greedy,Greedy,north,commander_capture,61,True,False,0
Greedy vs Greedy,1308,21262221,0,Greedy,Greedy,north,commander_capture,63,True,False,0
Greedy vs Greedy,1308,21262221,1,Greedy,Greedy,south,commander_capture,42,True,False,0
Greedy vs Greedy,1309,21262222,0,Greedy,Greedy,north,commander_capture,83,True,False,0
Greedy vs Greedy,1309,21262222,1,Greedy,Greedy,south,commander_capture,90,True,False,0
Greedy vs Greedy,1310,21262223,0,Greedy,Greedy,south,commander_capture,108,True,False,0
Greedy vs Greedy,1310,21262223,1,Greedy,Greedy,north,commander_capture,83,True,False,0
Greedy vs Greedy,1311,21262224,0,Greedy,Greedy,north,commander_capture,77,True,False,0
Greedy vs Greedy,1311,21262224,1,Greedy,Greedy,north,commander_capture,41,True,False,0
Greedy vs Greedy,1312,21262225,0,Greedy,Greedy,draw,threefold_repetition,20,True,False,0
Greedy vs Greedy,1312,21262225,1,Greedy,Greedy,south,commander_capture,42,True,False,0
Greedy vs Greedy,1313,21262226,0,Greedy,Greedy,north,commander_capture,57,True,False,0
Greedy vs Greedy,1313,21262226,1,Greedy,Greedy,north,commander_capture,65,True,False,0
Greedy vs Greedy,1314,21262227,0,Greedy,Greedy,south,commander_capture,42,True,False,0
Greedy vs Greedy,1314,21262227,1,Greedy,Greedy,south,commander_capture,76,True,False,0
Greedy vs Greedy,1315,21262228,0,Greedy,Greedy,north,commander_capture,33,True,False,0
Greedy vs Greedy,1315,21262228,1,Greedy,Greedy,south,commander_capture,112,True,False,0
Greedy vs Greedy,1316,21262229,0,Greedy,Greedy,south,commander_capture,80,True,False,0
Greedy vs Greedy,1316,21262229,1,Greedy,Greedy,south,commander_capture,44,True,False,0
Greedy vs Greedy,1317,21262230,0,Greedy,Greedy,north,commander_capture,67,True,False,0
Greedy vs Greedy,1317,21262230,1,Greedy,Greedy,south,commander_capture,50,True,False,0
Greedy vs Greedy,1318,21262231,0,Greedy,Greedy,north,commander_capture,43,True,False,0
Greedy vs Greedy,1318,21262231,1,Greedy,Greedy,north,commander_capture,45,True,False,0
Greedy vs Greedy,1319,21262232,0,Greedy,Greedy,south,commander_capture,86,True,False,0
Greedy vs Greedy,1319,21262232,1,Greedy,Greedy,north,commander_capture,49,True,False,0
Greedy vs Greedy,1320,21262233,0,Greedy,Greedy,south,commander_capture,50,True,False,0
Greedy vs Greedy,1320,21262233,1,Greedy,Greedy,south,commander_capture,80,True,False,0
Greedy vs Greedy,1321,21262234,0,Greedy,Greedy,south,commander_capture,92,True,False,0
Greedy vs Greedy,1321,21262234,1,Greedy,Greedy,south,commander_capture,126,True,False,0
Greedy vs Greedy,1322,21262235,0,Greedy,Greedy,north,commander_capture,85,True,False,0
Greedy vs Greedy,1322,21262235,1,Greedy,Greedy,north,commander_capture,87,True,False,0
Greedy vs Greedy,1323,21262236,0,Greedy,Greedy,south,commander_capture,92,True,False,0
Greedy vs Greedy,1323,21262236,1,Greedy,Greedy,north,commander_capture,43,True,False,0
Greedy vs Greedy,1324,21262237,0,Greedy,Greedy,south,commander_capture,26,True,False,0
Greedy vs Greedy,1324,21262237,1,Greedy,Greedy,north,commander_capture,75,True,False,0
Greedy vs Greedy,1325,21262238,0,Greedy,Greedy,north,commander_capture,37,True,False,0
Greedy vs Greedy,1325,21262238,1,Greedy,Greedy,north,commander_capture,69,True,False,0
Greedy vs Greedy,1326,21262239,0,Greedy,Greedy,north,commander_capture,47,True,False,0
Greedy vs Greedy,1326,21262239,1,Greedy,Greedy,north,commander_capture,35,True,False,0
Greedy vs Greedy,1327,21262240,0,Greedy,Greedy,north,commander_capture,19,True,False,0
Greedy vs Greedy,1327,21262240,1,Greedy,Greedy,south,commander_capture,48,True,False,0
Greedy vs Greedy,1328,21262241,0,Greedy,Greedy,south,commander_capture,20,True,False,0
Greedy vs Greedy,1328,21262241,1,Greedy,Greedy,south,commander_capture,46,True,False,0
Greedy vs Greedy,1329,21262242,0,Greedy,Greedy,north,commander_capture,51,True,False,0
Greedy vs Greedy,1329,21262242,1,Greedy,Greedy,south,commander_capture,26,True,False,0
Greedy vs Greedy,1330,21262243,0,Greedy,Greedy,north,commander_capture,49,True,False,0
Greedy vs Greedy,1330,21262243,1,Greedy,Greedy,north,commander_capture,31,True,False,0
Greedy vs Greedy,1331,21262244,0,Greedy,Greedy,south,commander_capture,48,True,False,0
Greedy vs Greedy,1331,21262244,1,Greedy,Greedy,north,commander_capture,37,True,False,0
Greedy vs Greedy,1332,21262245,0,Greedy,Greedy,north,commander_capture,45,True,False,0
Greedy vs Greedy,1332,21262245,1,Greedy,Greedy,south,commander_capture,50,True,False,0
Greedy vs Greedy,1333,21262246,0,Greedy,Greedy,north,commander_capture,39,True,False,0
Greedy vs Greedy,1333,21262246,1,Greedy,Greedy,north,commander_capture,31,True,False,0
Greedy vs Greedy,1334,21262247,0,Greedy,Greedy,north,commander_capture,103,True,False,0
Greedy vs Greedy,1334,21262247,1,Greedy,Greedy,north,commander_capture,47,True,False,0
Greedy vs Greedy,1335,21262248,0,Greedy,Greedy,south,commander_capture,34,True,False,0
Greedy vs Greedy,1335,21262248,1,Greedy,Greedy,south,commander_capture,68,True,False,0
Greedy vs Greedy,1336,21262249,0,Greedy,Greedy,north,commander_capture,29,True,False,0
Greedy vs Greedy,1336,21262249,1,Greedy,Greedy,north,commander_capture,75,True,False,0
Greedy vs Greedy,1337,21262250,0,Greedy,Greedy,south,commander_capture,24,True,False,0
Greedy vs Greedy,1337,21262250,1,Greedy,Greedy,south,commander_capture,72,True,False,0
Greedy vs Greedy,1338,21262251,0,Greedy,Greedy,south,commander_capture,100,True,False,0
Greedy vs Greedy,1338,21262251,1,Greedy,Greedy,north,commander_capture,21,True,False,0
Greedy vs Greedy,1339,21262252,0,Greedy,Greedy,south,commander_capture,54,True,False,0
Greedy vs Greedy,1339,21262252,1,Greedy,Greedy,south,commander_capture,70,True,False,0
Greedy vs Greedy,1340,21262253,0,Greedy,Greedy,north,commander_capture,95,True,False,0
Greedy vs Greedy,1340,21262253,1,Greedy,Greedy,south,commander_capture,56,True,False,0
Greedy vs Greedy,1341,21262254,0,Greedy,Greedy,south,commander_capture,78,True,False,0
Greedy vs Greedy,1341,21262254,1,Greedy,Greedy,south,commander_capture,64,True,False,0
Greedy vs Greedy,1342,21262255,0,Greedy,Greedy,north,commander_capture,49,True,False,0
Greedy vs Greedy,1342,21262255,1,Greedy,Greedy,south,commander_capture,78,True,False,0
Greedy vs Greedy,1343,21262256,0,Greedy,Greedy,south,commander_capture,66,True,False,0
Greedy vs Greedy,1343,21262256,1,Greedy,Greedy,north,commander_capture,55,True,False,0
Greedy vs Greedy,1344,21262257,0,Greedy,Greedy,south,commander_capture,80,True,False,0
Greedy vs Greedy,1344,21262257,1,Greedy,Greedy,south,commander_capture,42,True,False,0
Greedy vs Greedy,1345,21262258,0,Greedy,Greedy,draw,threefold_repetition,96,True,False,0
Greedy vs Greedy,1345,21262258,1,Greedy,Greedy,north,commander_capture,29,True,False,0
Greedy vs Greedy,1346,21262259,0,Greedy,Greedy,south,commander_capture,36,True,False,0
Greedy vs Greedy,1346,21262259,1,Greedy,Greedy,north,commander_capture,85,True,False,0
Greedy vs Greedy,1347,21262260,0,Greedy,Greedy,south,commander_capture,24,True,False,0
Greedy vs Greedy,1347,21262260,1,Greedy,Greedy,south,commander_capture,64,True,False,0
Greedy vs Greedy,1348,21262261,0,Greedy,Greedy,south,commander_capture,92,True,False,0
Greedy vs Greedy,1348,21262261,1,Greedy,Greedy,north,commander_capture,65,True,False,0
Greedy vs Greedy,1349,21262262,0,Greedy,Greedy,north,commander_capture,43,True,False,0
Greedy vs Greedy,1349,21262262,1,Greedy,Greedy,north,commander_capture,29,True,False,0
Greedy vs Greedy,1350,21262263,0,Greedy,Greedy,north,commander_capture,59,True,False,0
Greedy vs Greedy,1350,21262263,1,Greedy,Greedy,south,commander_capture,28,True,False,0
Greedy vs Greedy,1351,21262264,0,Greedy,Greedy,draw,threefold_repetition,67,True,False,0
Greedy vs Greedy,1351,21262264,1,Greedy,Greedy,draw,threefold_repetition,44,True,False,0
Greedy vs Greedy,1352,21262265,0,Greedy,Greedy,north,commander_capture,51,True,False,0
Greedy vs Greedy,1352,21262265,1,Greedy,Greedy,south,commander_capture,100,True,False,0
Greedy vs Greedy,1353,21262266,0,Greedy,Greedy,south,commander_capture,38,True,False,0
Greedy vs Greedy,1353,21262266,1,Greedy,Greedy,south,commander_capture,30,True,False,0
Greedy vs Greedy,1354,21262267,0,Greedy,Greedy,north,commander_capture,33,True,False,0
Greedy vs Greedy,1354,21262267,1,Greedy,Greedy,south,commander_capture,16,True,False,0
Greedy vs Greedy,1355,21262268,0,Greedy,Greedy,north,commander_capture,31,True,False,0
Greedy vs Greedy,1355,21262268,1,Greedy,Greedy,north,commander_capture,31,True,False,0
Greedy vs Greedy,1356,21262269,0,Greedy,Greedy,south,commander_capture,86,True,False,0
Greedy vs Greedy,1356,21262269,1,Greedy,Greedy,south,commander_capture,46,True,False,0
Greedy vs Greedy,1357,21262270,0,Greedy,Greedy,north,commander_capture,57,True,False,0
Greedy vs Greedy,1357,21262270,1,Greedy,Greedy,south,commander_capture,14,True,False,0
Greedy vs Greedy,1358,21262271,0,Greedy,Greedy,north,commander_capture,59,True,False,0
Greedy vs Greedy,1358,21262271,1,Greedy,Greedy,south,commander_capture,90,True,False,0
Greedy vs Greedy,1359,21262272,0,Greedy,Greedy,north,commander_capture,97,True,False,0
Greedy vs Greedy,1359,21262272,1,Greedy,Greedy,south,commander_capture,116,True,False,0
Greedy vs Greedy,1360,21262273,0,Greedy,Greedy,south,commander_capture,30,True,False,0
Greedy vs Greedy,1360,21262273,1,Greedy,Greedy,north,commander_capture,53,True,False,0
Greedy vs Greedy,1361,21262274,0,Greedy,Greedy,north,commander_capture,39,True,False,0
Greedy vs Greedy,1361,21262274,1,Greedy,Greedy,north,commander_capture,45,True,False,0
Greedy vs Greedy,1362,21262275,0,Greedy,Greedy,north,commander_capture,77,True,False,0
Greedy vs Greedy,1362,21262275,1,Greedy,Greedy,north,commander_capture,91,True,False,0
Greedy vs Greedy,1363,21262276,0,Greedy,Greedy,north,commander_capture,87,True,False,0
Greedy vs Greedy,1363,21262276,1,Greedy,Greedy,south,commander_capture,72,True,False,0
Greedy vs Greedy,1364,21262277,0,Greedy,Greedy,south,commander_capture,30,True,False,0
Greedy vs Greedy,1364,21262277,1,Greedy,Greedy,north,commander_capture,69,True,False,0
Greedy vs Greedy,1365,21262278,0,Greedy,Greedy,,ply_limit,512,False,True,0
Greedy vs Greedy,1365,21262278,1,Greedy,Greedy,south,commander_capture,38,True,False,0
Greedy vs Greedy,1366,21262279,0,Greedy,Greedy,south,commander_capture,70,True,False,0
Greedy vs Greedy,1366,21262279,1,Greedy,Greedy,south,commander_capture,84,True,False,0
Greedy vs Greedy,1367,21262280,0,Greedy,Greedy,south,commander_capture,82,True,False,0
Greedy vs Greedy,1367,21262280,1,Greedy,Greedy,north,commander_capture,35,True,False,0
Greedy vs Greedy,1368,21262281,0,Greedy,Greedy,north,commander_capture,47,True,False,0
Greedy vs Greedy,1368,21262281,1,Greedy,Greedy,north,commander_capture,51,True,False,0
Greedy vs Greedy,1369,21262282,0,Greedy,Greedy,north,commander_capture,35,True,False,0
Greedy vs Greedy,1369,21262282,1,Greedy,Greedy,north,commander_capture,57,True,False,0
Greedy vs Greedy,1370,21262283,0,Greedy,Greedy,south,commander_capture,58,True,False,0
Greedy vs Greedy,1370,21262283,1,Greedy,Greedy,north,commander_capture,33,True,False,0
Greedy vs Greedy,1371,21262284,0,Greedy,Greedy,south,commander_capture,108,True,False,0
Greedy vs Greedy,1371,21262284,1,Greedy,Greedy,north,commander_capture,73,True,False,0
Greedy vs Greedy,1372,21262285,0,Greedy,Greedy,north,commander_capture,31,True,False,0
Greedy vs Greedy,1372,21262285,1,Greedy,Greedy,draw,threefold_repetition,77,True,False,0
Greedy vs Greedy,1373,21262286,0,Greedy,Greedy,south,commander_capture,76,True,False,0
Greedy vs Greedy,1373,21262286,1,Greedy,Greedy,south,commander_capture,60,True,False,0
Greedy vs Greedy,1374,21262287,0,Greedy,Greedy,north,commander_capture,91,True,False,0
Greedy vs Greedy,1374,21262287,1,Greedy,Greedy,south,commander_capture,54,True,False,0
Greedy vs Greedy,1375,21262288,0,Greedy,Greedy,north,commander_capture,55,True,False,0
Greedy vs Greedy,1375,21262288,1,Greedy,Greedy,north,commander_capture,51,True,False,0
Greedy vs Greedy,1376,21262289,0,Greedy,Greedy,north,commander_capture,21,True,False,0
Greedy vs Greedy,1376,21262289,1,Greedy,Greedy,south,commander_capture,40,True,False,0
Greedy vs Greedy,1377,21262290,0,Greedy,Greedy,north,commander_capture,45,True,False,0
Greedy vs Greedy,1377,21262290,1,Greedy,Greedy,south,commander_capture,52,True,False,0
Greedy vs Greedy,1378,21262291,0,Greedy,Greedy,north,commander_capture,77,True,False,0
Greedy vs Greedy,1378,21262291,1,Greedy,Greedy,south,commander_capture,68,True,False,0
Greedy vs Greedy,1379,21262292,0,Greedy,Greedy,south,commander_capture,54,True,False,0
Greedy vs Greedy,1379,21262292,1,Greedy,Greedy,south,commander_capture,78,True,False,0
Greedy vs Greedy,1380,21262293,0,Greedy,Greedy,south,commander_capture,42,True,False,0
Greedy vs Greedy,1380,21262293,1,Greedy,Greedy,south,commander_capture,32,True,False,0
Greedy vs Greedy,1381,21262294,0,Greedy,Greedy,north,commander_capture,105,True,False,0
Greedy vs Greedy,1381,21262294,1,Greedy,Greedy,north,commander_capture,79,True,False,0
Greedy vs Greedy,1382,21262295,0,Greedy,Greedy,south,commander_capture,86,True,False,0
Greedy vs Greedy,1382,21262295,1,Greedy,Greedy,north,commander_capture,33,True,False,0
Greedy vs Greedy,1383,21262296,0,Greedy,Greedy,north,commander_capture,59,True,False,0
Greedy vs Greedy,1383,21262296,1,Greedy,Greedy,draw,threefold_repetition,77,True,False,0
Greedy vs Greedy,1384,21262297,0,Greedy,Greedy,south,commander_capture,34,True,False,0
Greedy vs Greedy,1384,21262297,1,Greedy,Greedy,north,commander_capture,41,True,False,0
Greedy vs Greedy,1385,21262298,0,Greedy,Greedy,north,commander_capture,27,True,False,0
Greedy vs Greedy,1385,21262298,1,Greedy,Greedy,south,commander_capture,32,True,False,0
Greedy vs Greedy,1386,21262299,0,Greedy,Greedy,north,commander_capture,39,True,False,0
Greedy vs Greedy,1386,21262299,1,Greedy,Greedy,south,commander_capture,84,True,False,0
Greedy vs Greedy,1387,21262300,0,Greedy,Greedy,south,commander_capture,20,True,False,0
Greedy vs Greedy,1387,21262300,1,Greedy,Greedy,north,commander_capture,101,True,False,0
Greedy vs Greedy,1388,21262301,0,Greedy,Greedy,south,commander_capture,66,True,False,0
Greedy vs Greedy,1388,21262301,1,Greedy,Greedy,south,commander_capture,86,True,False,0
Greedy vs Greedy,1389,21262302,0,Greedy,Greedy,south,commander_capture,58,True,False,0
Greedy vs Greedy,1389,21262302,1,Greedy,Greedy,north,commander_capture,55,True,False,0
Greedy vs Greedy,1390,21262303,0,Greedy,Greedy,south,commander_capture,68,True,False,0
Greedy vs Greedy,1390,21262303,1,Greedy,Greedy,south,commander_capture,42,True,False,0
Greedy vs Greedy,1391,21262304,0,Greedy,Greedy,north,commander_capture,57,True,False,0
Greedy vs Greedy,1391,21262304,1,Greedy,Greedy,north,commander_capture,67,True,False,0
Greedy vs Greedy,1392,21262305,0,Greedy,Greedy,north,commander_capture,81,True,False,0
Greedy vs Greedy,1392,21262305,1,Greedy,Greedy,south,commander_capture,70,True,False,0
Greedy vs Greedy,1393,21262306,0,Greedy,Greedy,south,commander_capture,58,True,False,0
Greedy vs Greedy,1393,21262306,1,Greedy,Greedy,north,commander_capture,75,True,False,0
Greedy vs Greedy,1394,21262307,0,Greedy,Greedy,north,commander_capture,105,True,False,0
Greedy vs Greedy,1394,21262307,1,Greedy,Greedy,south,commander_capture,74,True,False,0
Greedy vs Greedy,1395,21262308,0,Greedy,Greedy,north,commander_capture,45,True,False,0
Greedy vs Greedy,1395,21262308,1,Greedy,Greedy,south,commander_capture,96,True,False,0
Greedy vs Greedy,1396,21262309,0,Greedy,Greedy,south,commander_capture,56,True,False,0
Greedy vs Greedy,1396,21262309,1,Greedy,Greedy,north,commander_capture,65,True,False,0
Greedy vs Greedy,1397,21262310,0,Greedy,Greedy,north,commander_capture,71,True,False,0
Greedy vs Greedy,1397,21262310,1,Greedy,Greedy,draw,threefold_repetition,34,True,False,0
Greedy vs Greedy,1398,21262311,0,Greedy,Greedy,north,commander_capture,29,True,False,0
Greedy vs Greedy,1398,21262311,1,Greedy,Greedy,north,commander_capture,45,True,False,0
Greedy vs Greedy,1399,21262312,0,Greedy,Greedy,south,commander_capture,58,True,False,0
Greedy vs Greedy,1399,21262312,1,Greedy,Greedy,north,commander_capture,45,True,False,0
Greedy vs Greedy,1400,21262313,0,Greedy,Greedy,south,commander_capture,72,True,False,0
Greedy vs Greedy,1400,21262313,1,Greedy,Greedy,north,commander_capture,35,True,False,0
Greedy vs Greedy,1401,21262314,0,Greedy,Greedy,draw,threefold_repetition,74,True,False,0
Greedy vs Greedy,1401,21262314,1,Greedy,Greedy,south,commander_capture,76,True,False,0
Greedy vs Greedy,1402,21262315,0,Greedy,Greedy,north,commander_capture,23,True,False,0
Greedy vs Greedy,1402,21262315,1,Greedy,Greedy,south,commander_capture,68,True,False,0
Greedy vs Greedy,1403,21262316,0,Greedy,Greedy,south,commander_capture,44,True,False,0
Greedy vs Greedy,1403,21262316,1,Greedy,Greedy,south,commander_capture,64,True,False,0
Greedy vs Greedy,1404,21262317,0,Greedy,Greedy,north,commander_capture,69,True,False,0
Greedy vs Greedy,1404,21262317,1,Greedy,Greedy,south,commander_capture,22,True,False,0
Greedy vs Greedy,1405,21262318,0,Greedy,Greedy,south,commander_capture,52,True,False,0
Greedy vs Greedy,1405,21262318,1,Greedy,Greedy,north,commander_capture,65,True,False,0
Greedy vs Greedy,1406,21262319,0,Greedy,Greedy,south,commander_capture,22,True,False,0
Greedy vs Greedy,1406,21262319,1,Greedy,Greedy,south,commander_capture,102,True,False,0
Greedy vs Greedy,1407,21262320,0,Greedy,Greedy,north,commander_capture,41,True,False,0
Greedy vs Greedy,1407,21262320,1,Greedy,Greedy,south,commander_capture,30,True,False,0
Greedy vs Greedy,1408,21262321,0,Greedy,Greedy,south,commander_capture,58,True,False,0
Greedy vs Greedy,1408,21262321,1,Greedy,Greedy,south,commander_capture,30,True,False,0
Greedy vs Greedy,1409,21262322,0,Greedy,Greedy,north,commander_capture,17,True,False,0
Greedy vs Greedy,1409,21262322,1,Greedy,Greedy,south,commander_capture,100,True,False,0
Greedy vs Greedy,1410,21262323,0,Greedy,Greedy,north,commander_capture,41,True,False,0
Greedy vs Greedy,1410,21262323,1,Greedy,Greedy,north,commander_capture,17,True,False,0
Greedy vs Greedy,1411,21262324,0,Greedy,Greedy,south,commander_capture,62,True,False,0
Greedy vs Greedy,1411,21262324,1,Greedy,Greedy,north,commander_capture,33,True,False,0
Greedy vs Greedy,1412,21262325,0,Greedy,Greedy,south,commander_capture,18,True,False,0
Greedy vs Greedy,1412,21262325,1,Greedy,Greedy,north,commander_capture,47,True,False,0
Greedy vs Greedy,1413,21262326,0,Greedy,Greedy,north,commander_capture,127,True,False,0
Greedy vs Greedy,1413,21262326,1,Greedy,Greedy,south,commander_capture,50,True,False,0
Greedy vs Greedy,1414,21262327,0,Greedy,Greedy,south,commander_capture,28,True,False,0
Greedy vs Greedy,1414,21262327,1,Greedy,Greedy,south,commander_capture,88,True,False,0
Greedy vs Greedy,1415,21262328,0,Greedy,Greedy,south,commander_capture,40,True,False,0
Greedy vs Greedy,1415,21262328,1,Greedy,Greedy,north,commander_capture,29,True,False,0
Greedy vs Greedy,1416,21262329,0,Greedy,Greedy,south,commander_capture,74,True,False,0
Greedy vs Greedy,1416,21262329,1,Greedy,Greedy,north,commander_capture,71,True,False,0
Greedy vs Greedy,1417,21262330,0,Greedy,Greedy,south,commander_capture,18,True,False,0
Greedy vs Greedy,1417,21262330,1,Greedy,Greedy,south,commander_capture,46,True,False,0
Greedy vs Greedy,1418,21262331,0,Greedy,Greedy,north,commander_capture,21,True,False,0
Greedy vs Greedy,1418,21262331,1,Greedy,Greedy,north,commander_capture,39,True,False,0
Greedy vs Greedy,1419,21262332,0,Greedy,Greedy,south,commander_capture,18,True,False,0
Greedy vs Greedy,1419,21262332,1,Greedy,Greedy,south,commander_capture,102,True,False,0
Greedy vs Greedy,1420,21262333,0,Greedy,Greedy,south,commander_capture,114,True,False,0
Greedy vs Greedy,1420,21262333,1,Greedy,Greedy,south,commander_capture,18,True,False,0
Greedy vs Greedy,1421,21262334,0,Greedy,Greedy,north,commander_capture,63,True,False,0
Greedy vs Greedy,1421,21262334,1,Greedy,Greedy,north,commander_capture,45,True,False,0
Greedy vs Greedy,1422,21262335,0,Greedy,Greedy,south,commander_capture,34,True,False,0
Greedy vs Greedy,1422,21262335,1,Greedy,Greedy,north,commander_capture,69,True,False,0
Greedy vs Greedy,1423,21262336,0,Greedy,Greedy,north,commander_capture,27,True,False,0
Greedy vs Greedy,1423,21262336,1,Greedy,Greedy,north,commander_capture,83,True,False,0
Greedy vs Greedy,1424,21262337,0,Greedy,Greedy,south,commander_capture,82,True,False,0
Greedy vs Greedy,1424,21262337,1,Greedy,Greedy,south,commander_capture,58,True,False,0
Greedy vs Greedy,1425,21262338,0,Greedy,Greedy,south,commander_capture,66,True,False,0
Greedy vs Greedy,1425,21262338,1,Greedy,Greedy,south,commander_capture,42,True,False,0
Greedy vs Greedy,1426,21262339,0,Greedy,Greedy,north,commander_capture,63,True,False,0
Greedy vs Greedy,1426,21262339,1,Greedy,Greedy,north,commander_capture,37,True,False,0
Greedy vs Greedy,1427,21262340,0,Greedy,Greedy,south,commander_capture,30,True,False,0
Greedy vs Greedy,1427,21262340,1,Greedy,Greedy,south,commander_capture,106,True,False,0
Greedy vs Greedy,1428,21262341,0,Greedy,Greedy,south,commander_capture,38,True,False,0
Greedy vs Greedy,1428,21262341,1,Greedy,Greedy,north,commander_capture,93,True,False,0
Greedy vs Greedy,1429,21262342,0,Greedy,Greedy,north,commander_capture,85,True,False,0
Greedy vs Greedy,1429,21262342,1,Greedy,Greedy,south,commander_capture,48,True,False,0
Greedy vs Greedy,1430,21262343,0,Greedy,Greedy,south,commander_capture,14,True,False,0
Greedy vs Greedy,1430,21262343,1,Greedy,Greedy,north,commander_capture,15,True,False,0
Greedy vs Greedy,1431,21262344,0,Greedy,Greedy,north,commander_capture,83,True,False,0
Greedy vs Greedy,1431,21262344,1,Greedy,Greedy,south,commander_capture,16,True,False,0
Greedy vs Greedy,1432,21262345,0,Greedy,Greedy,north,commander_capture,101,True,False,0
Greedy vs Greedy,1432,21262345,1,Greedy,Greedy,north,commander_capture,45,True,False,0
Greedy vs Greedy,1433,21262346,0,Greedy,Greedy,south,commander_capture,106,True,False,0
Greedy vs Greedy,1433,21262346,1,Greedy,Greedy,south,commander_capture,70,True,False,0
Greedy vs Greedy,1434,21262347,0,Greedy,Greedy,north,commander_capture,15,True,False,0
Greedy vs Greedy,1434,21262347,1,Greedy,Greedy,south,commander_capture,86,True,False,0
Greedy vs Greedy,1435,21262348,0,Greedy,Greedy,south,commander_capture,74,True,False,0
Greedy vs Greedy,1435,21262348,1,Greedy,Greedy,north,commander_capture,71,True,False,0
Greedy vs Greedy,1436,21262349,0,Greedy,Greedy,south,commander_capture,56,True,False,0
Greedy vs Greedy,1436,21262349,1,Greedy,Greedy,south,commander_capture,68,True,False,0
Greedy vs Greedy,1437,21262350,0,Greedy,Greedy,south,commander_capture,24,True,False,0
Greedy vs Greedy,1437,21262350,1,Greedy,Greedy,north,commander_capture,45,True,False,0
Greedy vs Greedy,1438,21262351,0,Greedy,Greedy,north,commander_capture,83,True,False,0
Greedy vs Greedy,1438,21262351,1,Greedy,Greedy,north,commander_capture,17,True,False,0
Greedy vs Greedy,1439,21262352,0,Greedy,Greedy,north,commander_capture,61,True,False,0
Greedy vs Greedy,1439,21262352,1,Greedy,Greedy,south,commander_capture,24,True,False,0
Greedy vs Greedy,1440,21262353,0,Greedy,Greedy,north,commander_capture,97,True,False,0
Greedy vs Greedy,1440,21262353,1,Greedy,Greedy,south,commander_capture,134,True,False,0
Greedy vs Greedy,1441,21262354,0,Greedy,Greedy,south,commander_capture,88,True,False,0
Greedy vs Greedy,1441,21262354,1,Greedy,Greedy,south,commander_capture,94,True,False,0
Greedy vs Greedy,1442,21262355,0,Greedy,Greedy,north,commander_capture,37,True,False,0
Greedy vs Greedy,1442,21262355,1,Greedy,Greedy,south,commander_capture,64,True,False,0
Greedy vs Greedy,1443,21262356,0,Greedy,Greedy,south,commander_capture,58,True,False,0
Greedy vs Greedy,1443,21262356,1,Greedy,Greedy,north,commander_capture,17,True,False,0
Greedy vs Greedy,1444,21262357,0,Greedy,Greedy,north,commander_capture,21,True,False,0
Greedy vs Greedy,1444,21262357,1,Greedy,Greedy,north,commander_capture,93,True,False,0
Greedy vs Greedy,1445,21262358,0,Greedy,Greedy,south,commander_capture,90,True,False,0
Greedy vs Greedy,1445,21262358,1,Greedy,Greedy,north,commander_capture,29,True,False,0
Greedy vs Greedy,1446,21262359,0,Greedy,Greedy,south,commander_capture,28,True,False,0
Greedy vs Greedy,1446,21262359,1,Greedy,Greedy,draw,threefold_repetition,60,True,False,0
Greedy vs Greedy,1447,21262360,0,Greedy,Greedy,south,commander_capture,44,True,False,0
Greedy vs Greedy,1447,21262360,1,Greedy,Greedy,north,commander_capture,111,True,False,0
Greedy vs Greedy,1448,21262361,0,Greedy,Greedy,south,commander_capture,42,True,False,0
Greedy vs Greedy,1448,21262361,1,Greedy,Greedy,north,commander_capture,29,True,False,0
Greedy vs Greedy,1449,21262362,0,Greedy,Greedy,south,commander_capture,30,True,False,0
Greedy vs Greedy,1449,21262362,1,Greedy,Greedy,north,commander_capture,43,True,False,0
Greedy vs Greedy,1450,21262363,0,Greedy,Greedy,north,commander_capture,19,True,False,0
Greedy vs Greedy,1450,21262363,1,Greedy,Greedy,north,commander_capture,39,True,False,0
Greedy vs Greedy,1451,21262364,0,Greedy,Greedy,south,commander_capture,48,True,False,0
Greedy vs Greedy,1451,21262364,1,Greedy,Greedy,north,commander_capture,67,True,False,0
Greedy vs Greedy,1452,21262365,0,Greedy,Greedy,north,commander_capture,39,True,False,0
Greedy vs Greedy,1452,21262365,1,Greedy,Greedy,south,commander_capture,74,True,False,0
Greedy vs Greedy,1453,21262366,0,Greedy,Greedy,south,commander_capture,58,True,False,0
Greedy vs Greedy,1453,21262366,1,Greedy,Greedy,south,commander_capture,20,True,False,0
Greedy vs Greedy,1454,21262367,0,Greedy,Greedy,south,commander_capture,74,True,False,0
Greedy vs Greedy,1454,21262367,1,Greedy,Greedy,south,commander_capture,36,True,False,0
Greedy vs Greedy,1455,21262368,0,Greedy,Greedy,south,commander_capture,36,True,False,0
Greedy vs Greedy,1455,21262368,1,Greedy,Greedy,south,commander_capture,92,True,False,0
Greedy vs Greedy,1456,21262369,0,Greedy,Greedy,south,commander_capture,44,True,False,0
Greedy vs Greedy,1456,21262369,1,Greedy,Greedy,north,commander_capture,41,True,False,0
Greedy vs Greedy,1457,21262370,0,Greedy,Greedy,north,commander_capture,11,True,False,0
Greedy vs Greedy,1457,21262370,1,Greedy,Greedy,south,commander_capture,58,True,False,0
Greedy vs Greedy,1458,21262371,0,Greedy,Greedy,north,commander_capture,85,True,False,0
Greedy vs Greedy,1458,21262371,1,Greedy,Greedy,north,commander_capture,79,True,False,0
Greedy vs Greedy,1459,21262372,0,Greedy,Greedy,south,commander_capture,72,True,False,0
Greedy vs Greedy,1459,21262372,1,Greedy,Greedy,south,commander_capture,16,True,False,0
Greedy vs Greedy,1460,21262373,0,Greedy,Greedy,north,commander_capture,37,True,False,0
Greedy vs Greedy,1460,21262373,1,Greedy,Greedy,north,commander_capture,105,True,False,0
Greedy vs Greedy,1461,21262374,0,Greedy,Greedy,south,commander_capture,58,True,False,0
Greedy vs Greedy,1461,21262374,1,Greedy,Greedy,north,commander_capture,25,True,False,0
Greedy vs Greedy,1462,21262375,0,Greedy,Greedy,draw,threefold_repetition,68,True,False,0
Greedy vs Greedy,1462,21262375,1,Greedy,Greedy,north,commander_capture,73,True,False,0
Greedy vs Greedy,1463,21262376,0,Greedy,Greedy,south,commander_capture,76,True,False,0
Greedy vs Greedy,1463,21262376,1,Greedy,Greedy,south,commander_capture,44,True,False,0
Greedy vs Greedy,1464,21262377,0,Greedy,Greedy,north,commander_capture,47,True,False,0
Greedy vs Greedy,1464,21262377,1,Greedy,Greedy,north,commander_capture,67,True,False,0
Greedy vs Greedy,1465,21262378,0,Greedy,Greedy,north,commander_capture,25,True,False,0
Greedy vs Greedy,1465,21262378,1,Greedy,Greedy,south,commander_capture,82,True,False,0
Greedy vs Greedy,1466,21262379,0,Greedy,Greedy,north,commander_capture,77,True,False,0
Greedy vs Greedy,1466,21262379,1,Greedy,Greedy,north,commander_capture,63,True,False,0
Greedy vs Greedy,1467,21262380,0,Greedy,Greedy,south,commander_capture,72,True,False,0
Greedy vs Greedy,1467,21262380,1,Greedy,Greedy,south,commander_capture,48,True,False,0
Greedy vs Greedy,1468,21262381,0,Greedy,Greedy,north,commander_capture,71,True,False,0
Greedy vs Greedy,1468,21262381,1,Greedy,Greedy,south,commander_capture,10,True,False,0
Greedy vs Greedy,1469,21262382,0,Greedy,Greedy,south,commander_capture,48,True,False,0
Greedy vs Greedy,1469,21262382,1,Greedy,Greedy,south,commander_capture,30,True,False,0
Greedy vs Greedy,1470,21262383,0,Greedy,Greedy,north,commander_capture,55,True,False,0
Greedy vs Greedy,1470,21262383,1,Greedy,Greedy,south,commander_capture,88,True,False,0
Greedy vs Greedy,1471,21262384,0,Greedy,Greedy,south,commander_capture,46,True,False,0
Greedy vs Greedy,1471,21262384,1,Greedy,Greedy,north,commander_capture,31,True,False,0
Greedy vs Greedy,1472,21262385,0,Greedy,Greedy,north,commander_capture,25,True,False,0
Greedy vs Greedy,1472,21262385,1,Greedy,Greedy,south,commander_capture,56,True,False,0
Greedy vs Greedy,1473,21262386,0,Greedy,Greedy,north,commander_capture,87,True,False,0
Greedy vs Greedy,1473,21262386,1,Greedy,Greedy,south,commander_capture,70,True,False,0
Greedy vs Greedy,1474,21262387,0,Greedy,Greedy,south,commander_capture,84,True,False,0
Greedy vs Greedy,1474,21262387,1,Greedy,Greedy,north,commander_capture,113,True,False,0
Greedy vs Greedy,1475,21262388,0,Greedy,Greedy,south,commander_capture,44,True,False,0
Greedy vs Greedy,1475,21262388,1,Greedy,Greedy,north,commander_capture,29,True,False,0
Greedy vs Greedy,1476,21262389,0,Greedy,Greedy,north,commander_capture,19,True,False,0
Greedy vs Greedy,1476,21262389,1,Greedy,Greedy,north,commander_capture,39,True,False,0
Greedy vs Greedy,1477,21262390,0,Greedy,Greedy,north,commander_capture,65,True,False,0
Greedy vs Greedy,1477,21262390,1,Greedy,Greedy,north,commander_capture,75,True,False,0
Greedy vs Greedy,1478,21262391,0,Greedy,Greedy,north,commander_capture,49,True,False,0
Greedy vs Greedy,1478,21262391,1,Greedy,Greedy,north,commander_capture,81,True,False,0
Greedy vs Greedy,1479,21262392,0,Greedy,Greedy,north,commander_capture,61,True,False,0
Greedy vs Greedy,1479,21262392,1,Greedy,Greedy,draw,threefold_repetition,56,True,False,0
Greedy vs Greedy,1480,21262393,0,Greedy,Greedy,north,commander_capture,71,True,False,0
Greedy vs Greedy,1480,21262393,1,Greedy,Greedy,south,commander_capture,24,True,False,0
Greedy vs Greedy,1481,21262394,0,Greedy,Greedy,north,commander_capture,117,True,False,0
Greedy vs Greedy,1481,21262394,1,Greedy,Greedy,south,commander_capture,80,True,False,0
Greedy vs Greedy,1482,21262395,0,Greedy,Greedy,south,commander_capture,46,True,False,0
Greedy vs Greedy,1482,21262395,1,Greedy,Greedy,south,commander_capture,72,True,False,0
Greedy vs Greedy,1483,21262396,0,Greedy,Greedy,north,commander_capture,55,True,False,0
Greedy vs Greedy,1483,21262396,1,Greedy,Greedy,north,commander_capture,67,True,False,0
Greedy vs Greedy,1484,21262397,0,Greedy,Greedy,north,commander_capture,25,True,False,0
Greedy vs Greedy,1484,21262397,1,Greedy,Greedy,north,commander_capture,47,True,False,0
Greedy vs Greedy,1485,21262398,0,Greedy,Greedy,south,commander_capture,26,True,False,0
Greedy vs Greedy,1485,21262398,1,Greedy,Greedy,north,commander_capture,49,True,False,0
Greedy vs Greedy,1486,21262399,0,Greedy,Greedy,north,commander_capture,31,True,False,0
Greedy vs Greedy,1486,21262399,1,Greedy,Greedy,south,commander_capture,50,True,False,0
Greedy vs Greedy,1487,21262400,0,Greedy,Greedy,south,commander_capture,32,True,False,0
Greedy vs Greedy,1487,21262400,1,Greedy,Greedy,south,commander_capture,98,True,False,0
Greedy vs Greedy,1488,21262401,0,Greedy,Greedy,north,commander_capture,85,True,False,0
Greedy vs Greedy,1488,21262401,1,Greedy,Greedy,draw,threefold_repetition,39,True,False,0
Greedy vs Greedy,1489,21262402,0,Greedy,Greedy,north,commander_capture,31,True,False,0
Greedy vs Greedy,1489,21262402,1,Greedy,Greedy,south,commander_capture,78,True,False,0
Greedy vs Greedy,1490,21262403,0,Greedy,Greedy,south,commander_capture,62,True,False,0
Greedy vs Greedy,1490,21262403,1,Greedy,Greedy,south,commander_capture,32,True,False,0
Greedy vs Greedy,1491,21262404,0,Greedy,Greedy,north,commander_capture,79,True,False,0
Greedy vs Greedy,1491,21262404,1,Greedy,Greedy,south,commander_capture,50,True,False,0
Greedy vs Greedy,1492,21262405,0,Greedy,Greedy,north,commander_capture,107,True,False,0
Greedy vs Greedy,1492,21262405,1,Greedy,Greedy,north,commander_capture,35,True,False,0
Greedy vs Greedy,1493,21262406,0,Greedy,Greedy,south,commander_capture,58,True,False,0
Greedy vs Greedy,1493,21262406,1,Greedy,Greedy,south,commander_capture,28,True,False,0
Greedy vs Greedy,1494,21262407,0,Greedy,Greedy,south,commander_capture,54,True,False,0
Greedy vs Greedy,1494,21262407,1,Greedy,Greedy,north,commander_capture,45,True,False,0
Greedy vs Greedy,1495,21262408,0,Greedy,Greedy,south,commander_capture,98,True,False,0
Greedy vs Greedy,1495,21262408,1,Greedy,Greedy,south,commander_capture,80,True,False,0
Greedy vs Greedy,1496,21262409,0,Greedy,Greedy,south,commander_capture,80,True,False,0
Greedy vs Greedy,1496,21262409,1,Greedy,Greedy,north,commander_capture,79,True,False,0
Greedy vs Greedy,1497,21262410,0,Greedy,Greedy,north,commander_capture,91,True,False,0
Greedy vs Greedy,1497,21262410,1,Greedy,Greedy,south,commander_capture,90,True,False,0
Greedy vs Greedy,1498,21262411,0,Greedy,Greedy,north,commander_capture,39,True,False,0
Greedy vs Greedy,1498,21262411,1,Greedy,Greedy,south,commander_capture,116,True,False,0
Greedy vs Greedy,1499,21262412,0,Greedy,Greedy,south,commander_capture,26,True,False,0
Greedy vs Greedy,1499,21262412,1,Greedy,Greedy,north,commander_capture,35,True,False,0
Greedy vs Random,0,22260913,0,Greedy,Random,north,commander_capture,45,True,False,0
Greedy vs Random,0,22260913,1,Random,Greedy,south,commander_capture,84,True,False,0
Greedy vs Random,1,22260914,0,Greedy,Random,north,commander_capture,25,True,False,0
Greedy vs Random,1,22260914,1,Random,Greedy,south,commander_capture,38,True,False,0
Greedy vs Random,2,22260915,0,Greedy,Random,north,commander_capture,67,True,False,0
Greedy vs Random,2,22260915,1,Random,Greedy,south,commander_capture,38,True,False,0
Greedy vs Random,3,22260916,0,Greedy,Random,north,commander_capture,33,True,False,0
Greedy vs Random,3,22260916,1,Random,Greedy,south,commander_capture,54,True,False,0
Greedy vs Random,4,22260917,0,Greedy,Random,north,commander_capture,47,True,False,0
Greedy vs Random,4,22260917,1,Random,Greedy,south,commander_capture,58,True,False,0
Greedy vs Random,5,22260918,0,Greedy,Random,north,commander_capture,83,True,False,0
Greedy vs Random,5,22260918,1,Random,Greedy,south,commander_capture,20,True,False,0
Greedy vs Random,6,22260919,0,Greedy,Random,north,commander_capture,69,True,False,0
Greedy vs Random,6,22260919,1,Random,Greedy,south,commander_capture,34,True,False,0
Greedy vs Random,7,22260920,0,Greedy,Random,north,commander_capture,35,True,False,0
Greedy vs Random,7,22260920,1,Random,Greedy,south,commander_capture,18,True,False,0
Greedy vs Random,8,22260921,0,Greedy,Random,north,commander_capture,35,True,False,0
Greedy vs Random,8,22260921,1,Random,Greedy,south,commander_capture,36,True,False,0
Greedy vs Random,9,22260922,0,Greedy,Random,north,commander_capture,21,True,False,0
Greedy vs Random,9,22260922,1,Random,Greedy,south,commander_capture,28,True,False,0
Greedy vs Random,10,22260923,0,Greedy,Random,north,commander_capture,35,True,False,0
Greedy vs Random,10,22260923,1,Random,Greedy,south,commander_capture,38,True,False,0
Greedy vs Random,11,22260924,0,Greedy,Random,north,commander_capture,45,True,False,0
Greedy vs Random,11,22260924,1,Random,Greedy,south,commander_capture,58,True,False,0
Greedy vs Random,12,22260925,0,Greedy,Random,north,commander_capture,29,True,False,0
Greedy vs Random,12,22260925,1,Random,Greedy,south,commander_capture,46,True,False,0
Greedy vs Random,13,22260926,0,Greedy,Random,north,commander_capture,55,True,False,0
Greedy vs Random,13,22260926,1,Random,Greedy,south,commander_capture,18,True,False,0
Greedy vs Random,14,22260927,0,Greedy,Random,north,commander_capture,49,True,False,0
Greedy vs Random,14,22260927,1,Random,Greedy,south,commander_capture,82,True,False,0
Greedy vs Random,15,22260928,0,Greedy,Random,north,commander_capture,41,True,False,0
Greedy vs Random,15,22260928,1,Random,Greedy,south,commander_capture,46,True,False,0
Greedy vs Random,16,22260929,0,Greedy,Random,north,commander_capture,45,True,False,0
Greedy vs Random,16,22260929,1,Random,Greedy,south,commander_capture,46,True,False,0
Greedy vs Random,17,22260930,0,Greedy,Random,north,commander_capture,51,True,False,0
Greedy vs Random,17,22260930,1,Random,Greedy,south,commander_capture,46,True,False,0
Greedy vs Random,18,22260931,0,Greedy,Random,north,commander_capture,33,True,False,0
Greedy vs Random,18,22260931,1,Random,Greedy,south,commander_capture,40,True,False,0
Greedy vs Random,19,22260932,0,Greedy,Random,north,commander_capture,63,True,False,0
Greedy vs Random,19,22260932,1,Random,Greedy,south,commander_capture,68,True,False,0
Greedy vs Random,20,22260933,0,Greedy,Random,north,commander_capture,45,True,False,0
Greedy vs Random,20,22260933,1,Random,Greedy,south,commander_capture,36,True,False,0
Greedy vs Random,21,22260934,0,Greedy,Random,north,commander_capture,29,True,False,0
Greedy vs Random,21,22260934,1,Random,Greedy,south,commander_capture,48,True,False,0
Greedy vs Random,22,22260935,0,Greedy,Random,north,commander_capture,31,True,False,0
Greedy vs Random,22,22260935,1,Random,Greedy,south,commander_capture,36,True,False,0
Greedy vs Random,23,22260936,0,Greedy,Random,north,commander_capture,51,True,False,0
Greedy vs Random,23,22260936,1,Random,Greedy,south,commander_capture,42,True,False,0
Greedy vs Random,24,22260937,0,Greedy,Random,north,commander_capture,21,True,False,0
Greedy vs Random,24,22260937,1,Random,Greedy,south,commander_capture,24,True,False,0
Greedy vs Random,25,22260938,0,Greedy,Random,north,commander_capture,43,True,False,0
Greedy vs Random,25,22260938,1,Random,Greedy,south,commander_capture,30,True,False,0
Greedy vs Random,26,22260939,0,Greedy,Random,north,commander_capture,41,True,False,0
Greedy vs Random,26,22260939,1,Random,Greedy,north,commander_capture,39,True,False,0
Greedy vs Random,27,22260940,0,Greedy,Random,north,commander_capture,41,True,False,0
Greedy vs Random,27,22260940,1,Random,Greedy,south,commander_capture,24,True,False,0
Greedy vs Random,28,22260941,0,Greedy,Random,north,commander_capture,33,True,False,0
Greedy vs Random,28,22260941,1,Random,Greedy,south,commander_capture,26,True,False,0
Greedy vs Random,29,22260942,0,Greedy,Random,north,commander_capture,45,True,False,0
Greedy vs Random,29,22260942,1,Random,Greedy,south,commander_capture,42,True,False,0
Greedy vs Random,30,22260943,0,Greedy,Random,north,commander_capture,61,True,False,0
Greedy vs Random,30,22260943,1,Random,Greedy,south,commander_capture,30,True,False,0
Greedy vs Random,31,22260944,0,Greedy,Random,north,commander_capture,95,True,False,0
Greedy vs Random,31,22260944,1,Random,Greedy,south,commander_capture,14,True,False,0
Greedy vs Random,32,22260945,0,Greedy,Random,north,commander_capture,57,True,False,0
Greedy vs Random,32,22260945,1,Random,Greedy,south,commander_capture,62,True,False,0
Greedy vs Random,33,22260946,0,Greedy,Random,north,commander_capture,81,True,False,0
Greedy vs Random,33,22260946,1,Random,Greedy,south,commander_capture,58,True,False,0
Greedy vs Random,34,22260947,0,Greedy,Random,north,commander_capture,37,True,False,0
Greedy vs Random,34,22260947,1,Random,Greedy,south,commander_capture,78,True,False,0
Greedy vs Random,35,22260948,0,Greedy,Random,north,commander_capture,29,True,False,0
Greedy vs Random,35,22260948,1,Random,Greedy,south,commander_capture,40,True,False,0
Greedy vs Random,36,22260949,0,Greedy,Random,north,commander_capture,65,True,False,0
Greedy vs Random,36,22260949,1,Random,Greedy,south,commander_capture,24,True,False,0
Greedy vs Random,37,22260950,0,Greedy,Random,north,commander_capture,53,True,False,0
Greedy vs Random,37,22260950,1,Random,Greedy,south,commander_capture,40,True,False,0
Greedy vs Random,38,22260951,0,Greedy,Random,north,commander_capture,13,True,False,0
Greedy vs Random,38,22260951,1,Random,Greedy,south,commander_capture,56,True,False,0
Greedy vs Random,39,22260952,0,Greedy,Random,north,commander_capture,41,True,False,0
Greedy vs Random,39,22260952,1,Random,Greedy,south,commander_capture,58,True,False,0
Greedy vs Random,40,22260953,0,Greedy,Random,north,commander_capture,95,True,False,0
Greedy vs Random,40,22260953,1,Random,Greedy,south,commander_capture,28,True,False,0
Greedy vs Random,41,22260954,0,Greedy,Random,north,commander_capture,37,True,False,0
Greedy vs Random,41,22260954,1,Random,Greedy,south,commander_capture,46,True,False,0
Greedy vs Random,42,22260955,0,Greedy,Random,north,commander_capture,43,True,False,0
Greedy vs Random,42,22260955,1,Random,Greedy,south,commander_capture,28,True,False,0
Greedy vs Random,43,22260956,0,Greedy,Random,north,commander_capture,31,True,False,0
Greedy vs Random,43,22260956,1,Random,Greedy,south,commander_capture,52,True,False,0
Greedy vs Random,44,22260957,0,Greedy,Random,north,commander_capture,67,True,False,0
Greedy vs Random,44,22260957,1,Random,Greedy,south,commander_capture,34,True,False,0
Greedy vs Random,45,22260958,0,Greedy,Random,north,commander_capture,55,True,False,0
Greedy vs Random,45,22260958,1,Random,Greedy,south,commander_capture,38,True,False,0
Greedy vs Random,46,22260959,0,Greedy,Random,north,commander_capture,27,True,False,0
Greedy vs Random,46,22260959,1,Random,Greedy,south,commander_capture,58,True,False,0
Greedy vs Random,47,22260960,0,Greedy,Random,north,commander_capture,43,True,False,0
Greedy vs Random,47,22260960,1,Random,Greedy,south,commander_capture,28,True,False,0
Greedy vs Random,48,22260961,0,Greedy,Random,north,commander_capture,21,True,False,0
Greedy vs Random,48,22260961,1,Random,Greedy,south,commander_capture,52,True,False,0
Greedy vs Random,49,22260962,0,Greedy,Random,north,commander_capture,63,True,False,0
Greedy vs Random,49,22260962,1,Random,Greedy,south,commander_capture,66,True,False,0
Greedy vs Random,50,22260963,0,Greedy,Random,north,commander_capture,33,True,False,0
Greedy vs Random,50,22260963,1,Random,Greedy,south,commander_capture,58,True,False,0
Greedy vs Random,51,22260964,0,Greedy,Random,north,commander_capture,61,True,False,0
Greedy vs Random,51,22260964,1,Random,Greedy,south,commander_capture,16,True,False,0
Greedy vs Random,52,22260965,0,Greedy,Random,north,commander_capture,69,True,False,0
Greedy vs Random,52,22260965,1,Random,Greedy,south,commander_capture,44,True,False,0
Greedy vs Random,53,22260966,0,Greedy,Random,north,commander_capture,11,True,False,0
Greedy vs Random,53,22260966,1,Random,Greedy,south,commander_capture,54,True,False,0
Greedy vs Random,54,22260967,0,Greedy,Random,north,commander_capture,29,True,False,0
Greedy vs Random,54,22260967,1,Random,Greedy,south,commander_capture,80,True,False,0
Greedy vs Random,55,22260968,0,Greedy,Random,north,commander_capture,51,True,False,0
Greedy vs Random,55,22260968,1,Random,Greedy,south,commander_capture,66,True,False,0
Greedy vs Random,56,22260969,0,Greedy,Random,north,commander_capture,35,True,False,0
Greedy vs Random,56,22260969,1,Random,Greedy,south,commander_capture,34,True,False,0
Greedy vs Random,57,22260970,0,Greedy,Random,north,commander_capture,39,True,False,0
Greedy vs Random,57,22260970,1,Random,Greedy,south,commander_capture,20,True,False,0
Greedy vs Random,58,22260971,0,Greedy,Random,north,commander_capture,33,True,False,0
Greedy vs Random,58,22260971,1,Random,Greedy,south,commander_capture,74,True,False,0
Greedy vs Random,59,22260972,0,Greedy,Random,north,commander_capture,27,True,False,0
Greedy vs Random,59,22260972,1,Random,Greedy,south,commander_capture,36,True,False,0
Greedy vs Random,60,22260973,0,Greedy,Random,north,commander_capture,57,True,False,0
Greedy vs Random,60,22260973,1,Random,Greedy,south,commander_capture,80,True,False,0
Greedy vs Random,61,22260974,0,Greedy,Random,north,commander_capture,35,True,False,0
Greedy vs Random,61,22260974,1,Random,Greedy,south,commander_capture,48,True,False,0
Greedy vs Random,62,22260975,0,Greedy,Random,north,commander_capture,39,True,False,0
Greedy vs Random,62,22260975,1,Random,Greedy,south,commander_capture,32,True,False,0
Greedy vs Random,63,22260976,0,Greedy,Random,north,commander_capture,25,True,False,0
Greedy vs Random,63,22260976,1,Random,Greedy,south,commander_capture,40,True,False,0
Greedy vs Random,64,22260977,0,Greedy,Random,north,commander_capture,49,True,False,0
Greedy vs Random,64,22260977,1,Random,Greedy,south,commander_capture,40,True,False,0
Greedy vs Random,65,22260978,0,Greedy,Random,north,commander_capture,31,True,False,0
Greedy vs Random,65,22260978,1,Random,Greedy,south,commander_capture,28,True,False,0
Greedy vs Random,66,22260979,0,Greedy,Random,north,commander_capture,67,True,False,0
Greedy vs Random,66,22260979,1,Random,Greedy,south,commander_capture,46,True,False,0
Greedy vs Random,67,22260980,0,Greedy,Random,north,commander_capture,33,True,False,0
Greedy vs Random,67,22260980,1,Random,Greedy,south,commander_capture,30,True,False,0
Greedy vs Random,68,22260981,0,Greedy,Random,north,commander_capture,57,True,False,0
Greedy vs Random,68,22260981,1,Random,Greedy,south,commander_capture,72,True,False,0
Greedy vs Random,69,22260982,0,Greedy,Random,north,commander_capture,57,True,False,0
Greedy vs Random,69,22260982,1,Random,Greedy,south,commander_capture,44,True,False,0
Greedy vs Random,70,22260983,0,Greedy,Random,north,commander_capture,49,True,False,0
Greedy vs Random,70,22260983,1,Random,Greedy,south,commander_capture,54,True,False,0
Greedy vs Random,71,22260984,0,Greedy,Random,north,commander_capture,59,True,False,0
Greedy vs Random,71,22260984,1,Random,Greedy,south,commander_capture,52,True,False,0
Greedy vs Random,72,22260985,0,Greedy,Random,north,commander_capture,63,True,False,0
Greedy vs Random,72,22260985,1,Random,Greedy,south,commander_capture,40,True,False,0
Greedy vs Random,73,22260986,0,Greedy,Random,north,commander_capture,25,True,False,0
Greedy vs Random,73,22260986,1,Random,Greedy,north,commander_capture,31,True,False,0
Greedy vs Random,74,22260987,0,Greedy,Random,north,commander_capture,35,True,False,0
Greedy vs Random,74,22260987,1,Random,Greedy,south,commander_capture,74,True,False,0
Greedy vs Random,75,22260988,0,Greedy,Random,north,commander_capture,71,True,False,0
Greedy vs Random,75,22260988,1,Random,Greedy,south,commander_capture,88,True,False,0
Greedy vs Random,76,22260989,0,Greedy,Random,north,commander_capture,47,True,False,0
Greedy vs Random,76,22260989,1,Random,Greedy,south,commander_capture,70,True,False,0
Greedy vs Random,77,22260990,0,Greedy,Random,north,commander_capture,37,True,False,0
Greedy vs Random,77,22260990,1,Random,Greedy,south,commander_capture,40,True,False,0
Greedy vs Random,78,22260991,0,Greedy,Random,north,commander_capture,53,True,False,0
Greedy vs Random,78,22260991,1,Random,Greedy,south,commander_capture,54,True,False,0
Greedy vs Random,79,22260992,0,Greedy,Random,north,commander_capture,51,True,False,0
Greedy vs Random,79,22260992,1,Random,Greedy,south,commander_capture,52,True,False,0
Greedy vs Random,80,22260993,0,Greedy,Random,north,commander_capture,57,True,False,0
Greedy vs Random,80,22260993,1,Random,Greedy,south,commander_capture,88,True,False,0
Greedy vs Random,81,22260994,0,Greedy,Random,north,commander_capture,49,True,False,0
Greedy vs Random,81,22260994,1,Random,Greedy,south,commander_capture,84,True,False,0
Greedy vs Random,82,22260995,0,Greedy,Random,north,commander_capture,21,True,False,0
Greedy vs Random,82,22260995,1,Random,Greedy,south,commander_capture,22,True,False,0
Greedy vs Random,83,22260996,0,Greedy,Random,north,commander_capture,17,True,False,0
Greedy vs Random,83,22260996,1,Random,Greedy,south,commander_capture,34,True,False,0
Greedy vs Random,84,22260997,0,Greedy,Random,north,commander_capture,67,True,False,0
Greedy vs Random,84,22260997,1,Random,Greedy,south,commander_capture,40,True,False,0
Greedy vs Random,85,22260998,0,Greedy,Random,north,commander_capture,19,True,False,0
Greedy vs Random,85,22260998,1,Random,Greedy,south,commander_capture,66,True,False,0
Greedy vs Random,86,22260999,0,Greedy,Random,north,commander_capture,61,True,False,0
Greedy vs Random,86,22260999,1,Random,Greedy,south,commander_capture,26,True,False,0
Greedy vs Random,87,22261000,0,Greedy,Random,north,commander_capture,27,True,False,0
Greedy vs Random,87,22261000,1,Random,Greedy,south,commander_capture,30,True,False,0
Greedy vs Random,88,22261001,0,Greedy,Random,north,commander_capture,37,True,False,0
Greedy vs Random,88,22261001,1,Random,Greedy,south,commander_capture,12,True,False,0
Greedy vs Random,89,22261002,0,Greedy,Random,north,commander_capture,49,True,False,0
Greedy vs Random,89,22261002,1,Random,Greedy,south,commander_capture,44,True,False,0
Greedy vs Random,90,22261003,0,Greedy,Random,north,commander_capture,53,True,False,0
Greedy vs Random,90,22261003,1,Random,Greedy,south,commander_capture,14,True,False,0
Greedy vs Random,91,22261004,0,Greedy,Random,north,commander_capture,31,True,False,0
Greedy vs Random,91,22261004,1,Random,Greedy,south,commander_capture,22,True,False,0
Greedy vs Random,92,22261005,0,Greedy,Random,north,commander_capture,57,True,False,0
Greedy vs Random,92,22261005,1,Random,Greedy,south,commander_capture,80,True,False,0
Greedy vs Random,93,22261006,0,Greedy,Random,north,commander_capture,35,True,False,0
Greedy vs Random,93,22261006,1,Random,Greedy,south,commander_capture,58,True,False,0
Greedy vs Random,94,22261007,0,Greedy,Random,north,commander_capture,57,True,False,0
Greedy vs Random,94,22261007,1,Random,Greedy,south,commander_capture,40,True,False,0
Greedy vs Random,95,22261008,0,Greedy,Random,north,commander_capture,33,True,False,0
Greedy vs Random,95,22261008,1,Random,Greedy,south,commander_capture,52,True,False,0
Greedy vs Random,96,22261009,0,Greedy,Random,north,commander_capture,19,True,False,0
Greedy vs Random,96,22261009,1,Random,Greedy,south,commander_capture,64,True,False,0
Greedy vs Random,97,22261010,0,Greedy,Random,north,commander_capture,43,True,False,0
Greedy vs Random,97,22261010,1,Random,Greedy,south,commander_capture,34,True,False,0
Greedy vs Random,98,22261011,0,Greedy,Random,north,commander_capture,63,True,False,0
Greedy vs Random,98,22261011,1,Random,Greedy,south,commander_capture,26,True,False,0
Greedy vs Random,99,22261012,0,Greedy,Random,north,commander_capture,29,True,False,0
Greedy vs Random,99,22261012,1,Random,Greedy,south,commander_capture,28,True,False,0
Greedy vs Random,100,22261013,0,Greedy,Random,north,commander_capture,65,True,False,0
Greedy vs Random,100,22261013,1,Random,Greedy,south,commander_capture,10,True,False,0
Greedy vs Random,101,22261014,0,Greedy,Random,north,commander_capture,41,True,False,0
Greedy vs Random,101,22261014,1,Random,Greedy,south,commander_capture,30,True,False,0
Greedy vs Random,102,22261015,0,Greedy,Random,north,commander_capture,71,True,False,0
Greedy vs Random,102,22261015,1,Random,Greedy,south,commander_capture,18,True,False,0
Greedy vs Random,103,22261016,0,Greedy,Random,north,commander_capture,31,True,False,0
Greedy vs Random,103,22261016,1,Random,Greedy,south,commander_capture,72,True,False,0
Greedy vs Random,104,22261017,0,Greedy,Random,north,commander_capture,41,True,False,0
Greedy vs Random,104,22261017,1,Random,Greedy,south,commander_capture,48,True,False,0
Greedy vs Random,105,22261018,0,Greedy,Random,north,commander_capture,35,True,False,0
Greedy vs Random,105,22261018,1,Random,Greedy,south,commander_capture,44,True,False,0
Greedy vs Random,106,22261019,0,Greedy,Random,north,commander_capture,21,True,False,0
Greedy vs Random,106,22261019,1,Random,Greedy,south,commander_capture,50,True,False,0
Greedy vs Random,107,22261020,0,Greedy,Random,north,commander_capture,75,True,False,0
Greedy vs Random,107,22261020,1,Random,Greedy,south,commander_capture,46,True,False,0
Greedy vs Random,108,22261021,0,Greedy,Random,north,commander_capture,41,True,False,0
Greedy vs Random,108,22261021,1,Random,Greedy,south,commander_capture,38,True,False,0
Greedy vs Random,109,22261022,0,Greedy,Random,north,commander_capture,43,True,False,0
Greedy vs Random,109,22261022,1,Random,Greedy,south,commander_capture,56,True,False,0
Greedy vs Random,110,22261023,0,Greedy,Random,north,commander_capture,39,True,False,0
Greedy vs Random,110,22261023,1,Random,Greedy,south,commander_capture,30,True,False,0
Greedy vs Random,111,22261024,0,Greedy,Random,north,commander_capture,67,True,False,0
Greedy vs Random,111,22261024,1,Random,Greedy,south,commander_capture,64,True,False,0
Greedy vs Random,112,22261025,0,Greedy,Random,north,commander_capture,71,True,False,0
Greedy vs Random,112,22261025,1,Random,Greedy,south,commander_capture,28,True,False,0
Greedy vs Random,113,22261026,0,Greedy,Random,north,commander_capture,29,True,False,0
Greedy vs Random,113,22261026,1,Random,Greedy,south,commander_capture,16,True,False,0
Greedy vs Random,114,22261027,0,Greedy,Random,north,commander_capture,13,True,False,0
Greedy vs Random,114,22261027,1,Random,Greedy,south,commander_capture,64,True,False,0
Greedy vs Random,115,22261028,0,Greedy,Random,north,commander_capture,21,True,False,0
Greedy vs Random,115,22261028,1,Random,Greedy,south,commander_capture,46,True,False,0
Greedy vs Random,116,22261029,0,Greedy,Random,north,commander_capture,51,True,False,0
Greedy vs Random,116,22261029,1,Random,Greedy,south,commander_capture,52,True,False,0
Greedy vs Random,117,22261030,0,Greedy,Random,north,commander_capture,23,True,False,0
Greedy vs Random,117,22261030,1,Random,Greedy,south,commander_capture,58,True,False,0
Greedy vs Random,118,22261031,0,Greedy,Random,north,commander_capture,33,True,False,0
Greedy vs Random,118,22261031,1,Random,Greedy,south,commander_capture,30,True,False,0
Greedy vs Random,119,22261032,0,Greedy,Random,north,commander_capture,71,True,False,0
Greedy vs Random,119,22261032,1,Random,Greedy,south,commander_capture,52,True,False,0
Greedy vs Random,120,22261033,0,Greedy,Random,north,commander_capture,39,True,False,0
Greedy vs Random,120,22261033,1,Random,Greedy,south,commander_capture,38,True,False,0
Greedy vs Random,121,22261034,0,Greedy,Random,north,commander_capture,43,True,False,0
Greedy vs Random,121,22261034,1,Random,Greedy,south,commander_capture,60,True,False,0
Greedy vs Random,122,22261035,0,Greedy,Random,north,commander_capture,39,True,False,0
Greedy vs Random,122,22261035,1,Random,Greedy,south,commander_capture,34,True,False,0
Greedy vs Random,123,22261036,0,Greedy,Random,north,commander_capture,79,True,False,0
Greedy vs Random,123,22261036,1,Random,Greedy,south,commander_capture,26,True,False,0
Greedy vs Random,124,22261037,0,Greedy,Random,north,commander_capture,73,True,False,0
Greedy vs Random,124,22261037,1,Random,Greedy,south,commander_capture,28,True,False,0
Greedy vs Random,125,22261038,0,Greedy,Random,north,commander_capture,73,True,False,0
Greedy vs Random,125,22261038,1,Random,Greedy,south,commander_capture,74,True,False,0
Greedy vs Random,126,22261039,0,Greedy,Random,north,commander_capture,47,True,False,0
Greedy vs Random,126,22261039,1,Random,Greedy,south,commander_capture,56,True,False,0
Greedy vs Random,127,22261040,0,Greedy,Random,north,commander_capture,39,True,False,0
Greedy vs Random,127,22261040,1,Random,Greedy,south,commander_capture,52,True,False,0
Greedy vs Random,128,22261041,0,Greedy,Random,north,commander_capture,29,True,False,0
Greedy vs Random,128,22261041,1,Random,Greedy,south,commander_capture,32,True,False,0
Greedy vs Random,129,22261042,0,Greedy,Random,north,commander_capture,53,True,False,0
Greedy vs Random,129,22261042,1,Random,Greedy,south,commander_capture,32,True,False,0
Greedy vs Random,130,22261043,0,Greedy,Random,north,commander_capture,63,True,False,0
Greedy vs Random,130,22261043,1,Random,Greedy,south,commander_capture,56,True,False,0
Greedy vs Random,131,22261044,0,Greedy,Random,north,commander_capture,87,True,False,0
Greedy vs Random,131,22261044,1,Random,Greedy,south,commander_capture,26,True,False,0
Greedy vs Random,132,22261045,0,Greedy,Random,north,commander_capture,61,True,False,0
Greedy vs Random,132,22261045,1,Random,Greedy,south,commander_capture,34,True,False,0
Greedy vs Random,133,22261046,0,Greedy,Random,north,commander_capture,33,True,False,0
Greedy vs Random,133,22261046,1,Random,Greedy,south,commander_capture,56,True,False,0
Greedy vs Random,134,22261047,0,Greedy,Random,north,commander_capture,47,True,False,0
Greedy vs Random,134,22261047,1,Random,Greedy,south,commander_capture,14,True,False,0
Greedy vs Random,135,22261048,0,Greedy,Random,north,commander_capture,51,True,False,0
Greedy vs Random,135,22261048,1,Random,Greedy,north,commander_capture,59,True,False,0
Greedy vs Random,136,22261049,0,Greedy,Random,north,commander_capture,65,True,False,0
Greedy vs Random,136,22261049,1,Random,Greedy,south,commander_capture,50,True,False,0
Greedy vs Random,137,22261050,0,Greedy,Random,north,commander_capture,53,True,False,0
Greedy vs Random,137,22261050,1,Random,Greedy,south,commander_capture,90,True,False,0
Greedy vs Random,138,22261051,0,Greedy,Random,north,commander_capture,41,True,False,0
Greedy vs Random,138,22261051,1,Random,Greedy,south,commander_capture,14,True,False,0
Greedy vs Random,139,22261052,0,Greedy,Random,north,commander_capture,35,True,False,0
Greedy vs Random,139,22261052,1,Random,Greedy,south,commander_capture,14,True,False,0
Greedy vs Random,140,22261053,0,Greedy,Random,north,commander_capture,23,True,False,0
Greedy vs Random,140,22261053,1,Random,Greedy,south,commander_capture,52,True,False,0
Greedy vs Random,141,22261054,0,Greedy,Random,north,commander_capture,25,True,False,0
Greedy vs Random,141,22261054,1,Random,Greedy,south,commander_capture,42,True,False,0
Greedy vs Random,142,22261055,0,Greedy,Random,north,commander_capture,71,True,False,0
Greedy vs Random,142,22261055,1,Random,Greedy,south,commander_capture,46,True,False,0
Greedy vs Random,143,22261056,0,Greedy,Random,north,commander_capture,41,True,False,0
Greedy vs Random,143,22261056,1,Random,Greedy,south,commander_capture,68,True,False,0
Greedy vs Random,144,22261057,0,Greedy,Random,north,commander_capture,41,True,False,0
Greedy vs Random,144,22261057,1,Random,Greedy,south,commander_capture,30,True,False,0
Greedy vs Random,145,22261058,0,Greedy,Random,north,commander_capture,77,True,False,0
Greedy vs Random,145,22261058,1,Random,Greedy,south,commander_capture,54,True,False,0
Greedy vs Random,146,22261059,0,Greedy,Random,north,commander_capture,51,True,False,0
Greedy vs Random,146,22261059,1,Random,Greedy,south,commander_capture,82,True,False,0
Greedy vs Random,147,22261060,0,Greedy,Random,south,commander_capture,30,True,False,0
Greedy vs Random,147,22261060,1,Random,Greedy,south,commander_capture,34,True,False,0
Greedy vs Random,148,22261061,0,Greedy,Random,north,commander_capture,57,True,False,0
Greedy vs Random,148,22261061,1,Random,Greedy,south,commander_capture,28,True,False,0
Greedy vs Random,149,22261062,0,Greedy,Random,north,commander_capture,33,True,False,0
Greedy vs Random,149,22261062,1,Random,Greedy,south,commander_capture,48,True,False,0
Greedy vs Random,150,22261063,0,Greedy,Random,north,commander_capture,41,True,False,0
Greedy vs Random,150,22261063,1,Random,Greedy,south,commander_capture,44,True,False,0
Greedy vs Random,151,22261064,0,Greedy,Random,north,commander_capture,33,True,False,0
Greedy vs Random,151,22261064,1,Random,Greedy,south,commander_capture,24,True,False,0
Greedy vs Random,152,22261065,0,Greedy,Random,north,commander_capture,113,True,False,0
Greedy vs Random,152,22261065,1,Random,Greedy,south,commander_capture,20,True,False,0
Greedy vs Random,153,22261066,0,Greedy,Random,north,commander_capture,65,True,False,0
Greedy vs Random,153,22261066,1,Random,Greedy,south,commander_capture,40,True,False,0
Greedy vs Random,154,22261067,0,Greedy,Random,north,commander_capture,27,True,False,0
Greedy vs Random,154,22261067,1,Random,Greedy,south,commander_capture,58,True,False,0
Greedy vs Random,155,22261068,0,Greedy,Random,north,commander_capture,49,True,False,0
Greedy vs Random,155,22261068,1,Random,Greedy,south,commander_capture,46,True,False,0
Greedy vs Random,156,22261069,0,Greedy,Random,north,commander_capture,39,True,False,0
Greedy vs Random,156,22261069,1,Random,Greedy,south,commander_capture,48,True,False,0
Greedy vs Random,157,22261070,0,Greedy,Random,north,commander_capture,41,True,False,0
Greedy vs Random,157,22261070,1,Random,Greedy,south,commander_capture,42,True,False,0
Greedy vs Random,158,22261071,0,Greedy,Random,north,commander_capture,61,True,False,0
Greedy vs Random,158,22261071,1,Random,Greedy,south,commander_capture,60,True,False,0
Greedy vs Random,159,22261072,0,Greedy,Random,north,commander_capture,21,True,False,0
Greedy vs Random,159,22261072,1,Random,Greedy,south,commander_capture,54,True,False,0
Greedy vs Random,160,22261073,0,Greedy,Random,north,commander_capture,67,True,False,0
Greedy vs Random,160,22261073,1,Random,Greedy,south,commander_capture,30,True,False,0
Greedy vs Random,161,22261074,0,Greedy,Random,south,commander_capture,26,True,False,0
Greedy vs Random,161,22261074,1,Random,Greedy,south,commander_capture,30,True,False,0
Greedy vs Random,162,22261075,0,Greedy,Random,north,commander_capture,43,True,False,0
Greedy vs Random,162,22261075,1,Random,Greedy,south,commander_capture,10,True,False,0
Greedy vs Random,163,22261076,0,Greedy,Random,north,commander_capture,67,True,False,0
Greedy vs Random,163,22261076,1,Random,Greedy,south,commander_capture,28,True,False,0
Greedy vs Random,164,22261077,0,Greedy,Random,north,commander_capture,25,True,False,0
Greedy vs Random,164,22261077,1,Random,Greedy,south,commander_capture,80,True,False,0
Greedy vs Random,165,22261078,0,Greedy,Random,north,commander_capture,47,True,False,0
Greedy vs Random,165,22261078,1,Random,Greedy,south,commander_capture,34,True,False,0
Greedy vs Random,166,22261079,0,Greedy,Random,north,commander_capture,23,True,False,0
Greedy vs Random,166,22261079,1,Random,Greedy,south,commander_capture,36,True,False,0
Greedy vs Random,167,22261080,0,Greedy,Random,north,commander_capture,61,True,False,0
Greedy vs Random,167,22261080,1,Random,Greedy,south,commander_capture,28,True,False,0
Greedy vs Random,168,22261081,0,Greedy,Random,north,commander_capture,67,True,False,0
Greedy vs Random,168,22261081,1,Random,Greedy,south,commander_capture,40,True,False,0
Greedy vs Random,169,22261082,0,Greedy,Random,north,commander_capture,31,True,False,0
Greedy vs Random,169,22261082,1,Random,Greedy,south,commander_capture,62,True,False,0
Greedy vs Random,170,22261083,0,Greedy,Random,north,commander_capture,49,True,False,0
Greedy vs Random,170,22261083,1,Random,Greedy,south,commander_capture,18,True,False,0
Greedy vs Random,171,22261084,0,Greedy,Random,north,commander_capture,55,True,False,0
Greedy vs Random,171,22261084,1,Random,Greedy,south,commander_capture,16,True,False,0
Greedy vs Random,172,22261085,0,Greedy,Random,north,commander_capture,41,True,False,0
Greedy vs Random,172,22261085,1,Random,Greedy,south,commander_capture,60,True,False,0
Greedy vs Random,173,22261086,0,Greedy,Random,north,commander_capture,83,True,False,0
Greedy vs Random,173,22261086,1,Random,Greedy,north,commander_capture,53,True,False,0
Greedy vs Random,174,22261087,0,Greedy,Random,north,commander_capture,107,True,False,0
Greedy vs Random,174,22261087,1,Random,Greedy,south,commander_capture,36,True,False,0
Greedy vs Random,175,22261088,0,Greedy,Random,north,commander_capture,33,True,False,0
Greedy vs Random,175,22261088,1,Random,Greedy,south,commander_capture,54,True,False,0
Greedy vs Random,176,22261089,0,Greedy,Random,north,commander_capture,49,True,False,0
Greedy vs Random,176,22261089,1,Random,Greedy,south,commander_capture,78,True,False,0
Greedy vs Random,177,22261090,0,Greedy,Random,north,commander_capture,45,True,False,0
Greedy vs Random,177,22261090,1,Random,Greedy,south,commander_capture,58,True,False,0
Greedy vs Random,178,22261091,0,Greedy,Random,north,commander_capture,59,True,False,0
Greedy vs Random,178,22261091,1,Random,Greedy,south,commander_capture,54,True,False,0
Greedy vs Random,179,22261092,0,Greedy,Random,north,commander_capture,83,True,False,0
Greedy vs Random,179,22261092,1,Random,Greedy,south,commander_capture,62,True,False,0
Greedy vs Random,180,22261093,0,Greedy,Random,north,commander_capture,59,True,False,0
Greedy vs Random,180,22261093,1,Random,Greedy,south,commander_capture,18,True,False,0
Greedy vs Random,181,22261094,0,Greedy,Random,north,commander_capture,35,True,False,0
Greedy vs Random,181,22261094,1,Random,Greedy,north,commander_capture,51,True,False,0
Greedy vs Random,182,22261095,0,Greedy,Random,north,commander_capture,31,True,False,0
Greedy vs Random,182,22261095,1,Random,Greedy,south,commander_capture,48,True,False,0
Greedy vs Random,183,22261096,0,Greedy,Random,north,commander_capture,59,True,False,0
Greedy vs Random,183,22261096,1,Random,Greedy,south,commander_capture,20,True,False,0
Greedy vs Random,184,22261097,0,Greedy,Random,north,commander_capture,45,True,False,0
Greedy vs Random,184,22261097,1,Random,Greedy,south,commander_capture,68,True,False,0
Greedy vs Random,185,22261098,0,Greedy,Random,north,commander_capture,45,True,False,0
Greedy vs Random,185,22261098,1,Random,Greedy,south,commander_capture,36,True,False,0
Greedy vs Random,186,22261099,0,Greedy,Random,north,commander_capture,31,True,False,0
Greedy vs Random,186,22261099,1,Random,Greedy,south,commander_capture,74,True,False,0
Greedy vs Random,187,22261100,0,Greedy,Random,north,commander_capture,79,True,False,0
Greedy vs Random,187,22261100,1,Random,Greedy,south,commander_capture,22,True,False,0
Greedy vs Random,188,22261101,0,Greedy,Random,north,commander_capture,41,True,False,0
Greedy vs Random,188,22261101,1,Random,Greedy,south,commander_capture,64,True,False,0
Greedy vs Random,189,22261102,0,Greedy,Random,north,commander_capture,21,True,False,0
Greedy vs Random,189,22261102,1,Random,Greedy,south,commander_capture,44,True,False,0
Greedy vs Random,190,22261103,0,Greedy,Random,north,commander_capture,25,True,False,0
Greedy vs Random,190,22261103,1,Random,Greedy,south,commander_capture,44,True,False,0
Greedy vs Random,191,22261104,0,Greedy,Random,north,commander_capture,55,True,False,0
Greedy vs Random,191,22261104,1,Random,Greedy,south,commander_capture,42,True,False,0
Greedy vs Random,192,22261105,0,Greedy,Random,north,commander_capture,53,True,False,0
Greedy vs Random,192,22261105,1,Random,Greedy,south,commander_capture,28,True,False,0
Greedy vs Random,193,22261106,0,Greedy,Random,north,commander_capture,61,True,False,0
Greedy vs Random,193,22261106,1,Random,Greedy,south,commander_capture,32,True,False,0
Greedy vs Random,194,22261107,0,Greedy,Random,north,commander_capture,19,True,False,0
Greedy vs Random,194,22261107,1,Random,Greedy,south,commander_capture,46,True,False,0
Greedy vs Random,195,22261108,0,Greedy,Random,north,commander_capture,73,True,False,0
Greedy vs Random,195,22261108,1,Random,Greedy,south,commander_capture,40,True,False,0
Greedy vs Random,196,22261109,0,Greedy,Random,north,commander_capture,49,True,False,0
Greedy vs Random,196,22261109,1,Random,Greedy,south,commander_capture,74,True,False,0
Greedy vs Random,197,22261110,0,Greedy,Random,north,commander_capture,27,True,False,0
Greedy vs Random,197,22261110,1,Random,Greedy,south,commander_capture,20,True,False,0
Greedy vs Random,198,22261111,0,Greedy,Random,north,commander_capture,59,True,False,0
Greedy vs Random,198,22261111,1,Random,Greedy,south,commander_capture,26,True,False,0
Greedy vs Random,199,22261112,0,Greedy,Random,north,commander_capture,19,True,False,0
Greedy vs Random,199,22261112,1,Random,Greedy,south,commander_capture,22,True,False,0
Greedy vs Random,200,22261113,0,Greedy,Random,north,commander_capture,65,True,False,0
Greedy vs Random,200,22261113,1,Random,Greedy,south,commander_capture,34,True,False,0
Greedy vs Random,201,22261114,0,Greedy,Random,north,commander_capture,69,True,False,0
Greedy vs Random,201,22261114,1,Random,Greedy,south,commander_capture,42,True,False,0
Greedy vs Random,202,22261115,0,Greedy,Random,north,commander_capture,55,True,False,0
Greedy vs Random,202,22261115,1,Random,Greedy,south,commander_capture,50,True,False,0
Greedy vs Random,203,22261116,0,Greedy,Random,north,commander_capture,39,True,False,0
Greedy vs Random,203,22261116,1,Random,Greedy,south,commander_capture,22,True,False,0
Greedy vs Random,204,22261117,0,Greedy,Random,north,commander_capture,45,True,False,0
Greedy vs Random,204,22261117,1,Random,Greedy,south,commander_capture,50,True,False,0
Greedy vs Random,205,22261118,0,Greedy,Random,north,commander_capture,43,True,False,0
Greedy vs Random,205,22261118,1,Random,Greedy,south,commander_capture,30,True,False,0
Greedy vs Random,206,22261119,0,Greedy,Random,north,commander_capture,35,True,False,0
Greedy vs Random,206,22261119,1,Random,Greedy,south,commander_capture,30,True,False,0
Greedy vs Random,207,22261120,0,Greedy,Random,north,commander_capture,45,True,False,0
Greedy vs Random,207,22261120,1,Random,Greedy,south,commander_capture,16,True,False,0
Greedy vs Random,208,22261121,0,Greedy,Random,north,commander_capture,57,True,False,0
Greedy vs Random,208,22261121,1,Random,Greedy,south,commander_capture,26,True,False,0
Greedy vs Random,209,22261122,0,Greedy,Random,north,commander_capture,25,True,False,0
Greedy vs Random,209,22261122,1,Random,Greedy,south,commander_capture,68,True,False,0
Greedy vs Random,210,22261123,0,Greedy,Random,north,commander_capture,57,True,False,0
Greedy vs Random,210,22261123,1,Random,Greedy,south,commander_capture,54,True,False,0
Greedy vs Random,211,22261124,0,Greedy,Random,north,commander_capture,47,True,False,0
Greedy vs Random,211,22261124,1,Random,Greedy,south,commander_capture,32,True,False,0
Greedy vs Random,212,22261125,0,Greedy,Random,north,commander_capture,39,True,False,0
Greedy vs Random,212,22261125,1,Random,Greedy,south,commander_capture,30,True,False,0
Greedy vs Random,213,22261126,0,Greedy,Random,north,commander_capture,49,True,False,0
Greedy vs Random,213,22261126,1,Random,Greedy,south,commander_capture,52,True,False,0
Greedy vs Random,214,22261127,0,Greedy,Random,north,commander_capture,41,True,False,0
Greedy vs Random,214,22261127,1,Random,Greedy,south,commander_capture,52,True,False,0
Greedy vs Random,215,22261128,0,Greedy,Random,north,commander_capture,63,True,False,0
Greedy vs Random,215,22261128,1,Random,Greedy,south,commander_capture,46,True,False,0
Greedy vs Random,216,22261129,0,Greedy,Random,north,commander_capture,19,True,False,0
Greedy vs Random,216,22261129,1,Random,Greedy,south,commander_capture,58,True,False,0
Greedy vs Random,217,22261130,0,Greedy,Random,north,commander_capture,81,True,False,0
Greedy vs Random,217,22261130,1,Random,Greedy,south,commander_capture,76,True,False,0
Greedy vs Random,218,22261131,0,Greedy,Random,north,commander_capture,37,True,False,0
Greedy vs Random,218,22261131,1,Random,Greedy,south,commander_capture,24,True,False,0
Greedy vs Random,219,22261132,0,Greedy,Random,north,commander_capture,27,True,False,0
Greedy vs Random,219,22261132,1,Random,Greedy,south,commander_capture,24,True,False,0
Greedy vs Random,220,22261133,0,Greedy,Random,north,commander_capture,27,True,False,0
Greedy vs Random,220,22261133,1,Random,Greedy,south,commander_capture,74,True,False,0
Greedy vs Random,221,22261134,0,Greedy,Random,north,commander_capture,25,True,False,0
Greedy vs Random,221,22261134,1,Random,Greedy,south,commander_capture,42,True,False,0
Greedy vs Random,222,22261135,0,Greedy,Random,north,commander_capture,43,True,False,0
Greedy vs Random,222,22261135,1,Random,Greedy,south,commander_capture,44,True,False,0
Greedy vs Random,223,22261136,0,Greedy,Random,north,commander_capture,33,True,False,0
Greedy vs Random,223,22261136,1,Random,Greedy,south,commander_capture,54,True,False,0
Greedy vs Random,224,22261137,0,Greedy,Random,north,commander_capture,67,True,False,0
Greedy vs Random,224,22261137,1,Random,Greedy,south,commander_capture,46,True,False,0
Greedy vs Random,225,22261138,0,Greedy,Random,north,commander_capture,33,True,False,0
Greedy vs Random,225,22261138,1,Random,Greedy,south,commander_capture,76,True,False,0
Greedy vs Random,226,22261139,0,Greedy,Random,north,commander_capture,31,True,False,0
Greedy vs Random,226,22261139,1,Random,Greedy,south,commander_capture,30,True,False,0
Greedy vs Random,227,22261140,0,Greedy,Random,north,commander_capture,31,True,False,0
Greedy vs Random,227,22261140,1,Random,Greedy,south,commander_capture,36,True,False,0
Greedy vs Random,228,22261141,0,Greedy,Random,north,commander_capture,19,True,False,0
Greedy vs Random,228,22261141,1,Random,Greedy,south,commander_capture,32,True,False,0
Greedy vs Random,229,22261142,0,Greedy,Random,north,commander_capture,13,True,False,0
Greedy vs Random,229,22261142,1,Random,Greedy,south,commander_capture,10,True,False,0
Greedy vs Random,230,22261143,0,Greedy,Random,north,commander_capture,25,True,False,0
Greedy vs Random,230,22261143,1,Random,Greedy,south,commander_capture,54,True,False,0
Greedy vs Random,231,22261144,0,Greedy,Random,north,commander_capture,47,True,False,0
Greedy vs Random,231,22261144,1,Random,Greedy,south,commander_capture,64,True,False,0
Greedy vs Random,232,22261145,0,Greedy,Random,north,commander_capture,75,True,False,0
Greedy vs Random,232,22261145,1,Random,Greedy,south,commander_capture,54,True,False,0
Greedy vs Random,233,22261146,0,Greedy,Random,north,commander_capture,65,True,False,0
Greedy vs Random,233,22261146,1,Random,Greedy,south,commander_capture,62,True,False,0
Greedy vs Random,234,22261147,0,Greedy,Random,north,commander_capture,63,True,False,0
Greedy vs Random,234,22261147,1,Random,Greedy,south,commander_capture,98,True,False,0
Greedy vs Random,235,22261148,0,Greedy,Random,north,commander_capture,57,True,False,0
Greedy vs Random,235,22261148,1,Random,Greedy,south,commander_capture,70,True,False,0
Greedy vs Random,236,22261149,0,Greedy,Random,north,commander_capture,63,True,False,0
Greedy vs Random,236,22261149,1,Random,Greedy,south,commander_capture,22,True,False,0
Greedy vs Random,237,22261150,0,Greedy,Random,north,commander_capture,17,True,False,0
Greedy vs Random,237,22261150,1,Random,Greedy,south,commander_capture,22,True,False,0
Greedy vs Random,238,22261151,0,Greedy,Random,north,commander_capture,19,True,False,0
Greedy vs Random,238,22261151,1,Random,Greedy,south,commander_capture,44,True,False,0
Greedy vs Random,239,22261152,0,Greedy,Random,north,commander_capture,29,True,False,0
Greedy vs Random,239,22261152,1,Random,Greedy,south,commander_capture,52,True,False,0
Greedy vs Random,240,22261153,0,Greedy,Random,north,commander_capture,29,True,False,0
Greedy vs Random,240,22261153,1,Random,Greedy,south,commander_capture,32,True,False,0
Greedy vs Random,241,22261154,0,Greedy,Random,north,commander_capture,49,True,False,0
Greedy vs Random,241,22261154,1,Random,Greedy,south,commander_capture,60,True,False,0
Greedy vs Random,242,22261155,0,Greedy,Random,north,commander_capture,23,True,False,0
Greedy vs Random,242,22261155,1,Random,Greedy,south,commander_capture,58,True,False,0
Greedy vs Random,243,22261156,0,Greedy,Random,north,commander_capture,49,True,False,0
Greedy vs Random,243,22261156,1,Random,Greedy,south,commander_capture,60,True,False,0
Greedy vs Random,244,22261157,0,Greedy,Random,north,commander_capture,31,True,False,0
Greedy vs Random,244,22261157,1,Random,Greedy,south,commander_capture,74,True,False,0
Greedy vs Random,245,22261158,0,Greedy,Random,north,commander_capture,37,True,False,0
Greedy vs Random,245,22261158,1,Random,Greedy,south,commander_capture,72,True,False,0
Greedy vs Random,246,22261159,0,Greedy,Random,north,commander_capture,19,True,False,0
Greedy vs Random,246,22261159,1,Random,Greedy,south,commander_capture,32,True,False,0
Greedy vs Random,247,22261160,0,Greedy,Random,north,commander_capture,33,True,False,0
Greedy vs Random,247,22261160,1,Random,Greedy,south,commander_capture,68,True,False,0
Greedy vs Random,248,22261161,0,Greedy,Random,north,commander_capture,25,True,False,0
Greedy vs Random,248,22261161,1,Random,Greedy,south,commander_capture,52,True,False,0
Greedy vs Random,249,22261162,0,Greedy,Random,north,commander_capture,47,True,False,0
Greedy vs Random,249,22261162,1,Random,Greedy,south,commander_capture,24,True,False,0
Greedy vs Random,250,22261163,0,Greedy,Random,north,commander_capture,35,True,False,0
Greedy vs Random,250,22261163,1,Random,Greedy,south,commander_capture,36,True,False,0
Greedy vs Random,251,22261164,0,Greedy,Random,north,commander_capture,57,True,False,0
Greedy vs Random,251,22261164,1,Random,Greedy,south,commander_capture,62,True,False,0
Greedy vs Random,252,22261165,0,Greedy,Random,north,commander_capture,73,True,False,0
Greedy vs Random,252,22261165,1,Random,Greedy,south,commander_capture,46,True,False,0
Greedy vs Random,253,22261166,0,Greedy,Random,north,commander_capture,31,True,False,0
Greedy vs Random,253,22261166,1,Random,Greedy,south,commander_capture,48,True,False,0
Greedy vs Random,254,22261167,0,Greedy,Random,north,commander_capture,53,True,False,0
Greedy vs Random,254,22261167,1,Random,Greedy,south,commander_capture,58,True,False,0
Greedy vs Random,255,22261168,0,Greedy,Random,north,commander_capture,35,True,False,0
Greedy vs Random,255,22261168,1,Random,Greedy,south,commander_capture,46,True,False,0
Greedy vs Random,256,22261169,0,Greedy,Random,north,commander_capture,19,True,False,0
Greedy vs Random,256,22261169,1,Random,Greedy,south,commander_capture,28,True,False,0
Greedy vs Random,257,22261170,0,Greedy,Random,north,commander_capture,21,True,False,0
Greedy vs Random,257,22261170,1,Random,Greedy,south,commander_capture,70,True,False,0
Greedy vs Random,258,22261171,0,Greedy,Random,north,commander_capture,45,True,False,0
Greedy vs Random,258,22261171,1,Random,Greedy,south,commander_capture,30,True,False,0
Greedy vs Random,259,22261172,0,Greedy,Random,north,commander_capture,17,True,False,0
Greedy vs Random,259,22261172,1,Random,Greedy,south,commander_capture,26,True,False,0
Greedy vs Random,260,22261173,0,Greedy,Random,north,commander_capture,31,True,False,0
Greedy vs Random,260,22261173,1,Random,Greedy,south,commander_capture,32,True,False,0
Greedy vs Random,261,22261174,0,Greedy,Random,north,commander_capture,47,True,False,0
Greedy vs Random,261,22261174,1,Random,Greedy,south,commander_capture,52,True,False,0
Greedy vs Random,262,22261175,0,Greedy,Random,north,commander_capture,75,True,False,0
Greedy vs Random,262,22261175,1,Random,Greedy,south,commander_capture,76,True,False,0
Greedy vs Random,263,22261176,0,Greedy,Random,north,commander_capture,97,True,False,0
Greedy vs Random,263,22261176,1,Random,Greedy,south,commander_capture,18,True,False,0
Greedy vs Random,264,22261177,0,Greedy,Random,north,commander_capture,49,True,False,0
Greedy vs Random,264,22261177,1,Random,Greedy,south,commander_capture,30,True,False,0
Greedy vs Random,265,22261178,0,Greedy,Random,north,commander_capture,15,True,False,0
Greedy vs Random,265,22261178,1,Random,Greedy,south,commander_capture,50,True,False,0
Greedy vs Random,266,22261179,0,Greedy,Random,north,commander_capture,27,True,False,0
Greedy vs Random,266,22261179,1,Random,Greedy,south,commander_capture,48,True,False,0
Greedy vs Random,267,22261180,0,Greedy,Random,north,commander_capture,43,True,False,0
Greedy vs Random,267,22261180,1,Random,Greedy,north,commander_capture,63,True,False,0
Greedy vs Random,268,22261181,0,Greedy,Random,north,commander_capture,105,True,False,0
Greedy vs Random,268,22261181,1,Random,Greedy,south,commander_capture,78,True,False,0
Greedy vs Random,269,22261182,0,Greedy,Random,north,commander_capture,33,True,False,0
Greedy vs Random,269,22261182,1,Random,Greedy,south,commander_capture,52,True,False,0
Greedy vs Random,270,22261183,0,Greedy,Random,north,commander_capture,49,True,False,0
Greedy vs Random,270,22261183,1,Random,Greedy,south,commander_capture,44,True,False,0
Greedy vs Random,271,22261184,0,Greedy,Random,north,commander_capture,41,True,False,0
Greedy vs Random,271,22261184,1,Random,Greedy,south,commander_capture,20,True,False,0
Greedy vs Random,272,22261185,0,Greedy,Random,north,commander_capture,31,True,False,0
Greedy vs Random,272,22261185,1,Random,Greedy,south,commander_capture,58,True,False,0
Greedy vs Random,273,22261186,0,Greedy,Random,north,commander_capture,39,True,False,0
Greedy vs Random,273,22261186,1,Random,Greedy,south,commander_capture,54,True,False,0
Greedy vs Random,274,22261187,0,Greedy,Random,north,commander_capture,35,True,False,0
Greedy vs Random,274,22261187,1,Random,Greedy,south,commander_capture,32,True,False,0
Greedy vs Random,275,22261188,0,Greedy,Random,north,commander_capture,49,True,False,0
Greedy vs Random,275,22261188,1,Random,Greedy,south,commander_capture,54,True,False,0
Greedy vs Random,276,22261189,0,Greedy,Random,north,commander_capture,57,True,False,0
Greedy vs Random,276,22261189,1,Random,Greedy,south,commander_capture,38,True,False,0
Greedy vs Random,277,22261190,0,Greedy,Random,north,commander_capture,69,True,False,0
Greedy vs Random,277,22261190,1,Random,Greedy,south,commander_capture,24,True,False,0
Greedy vs Random,278,22261191,0,Greedy,Random,north,commander_capture,87,True,False,0
Greedy vs Random,278,22261191,1,Random,Greedy,south,commander_capture,62,True,False,0
Greedy vs Random,279,22261192,0,Greedy,Random,north,commander_capture,53,True,False,0
Greedy vs Random,279,22261192,1,Random,Greedy,south,commander_capture,52,True,False,0
Greedy vs Random,280,22261193,0,Greedy,Random,north,commander_capture,39,True,False,0
Greedy vs Random,280,22261193,1,Random,Greedy,south,commander_capture,78,True,False,0
Greedy vs Random,281,22261194,0,Greedy,Random,north,commander_capture,45,True,False,0
Greedy vs Random,281,22261194,1,Random,Greedy,south,commander_capture,44,True,False,0
Greedy vs Random,282,22261195,0,Greedy,Random,north,commander_capture,43,True,False,0
Greedy vs Random,282,22261195,1,Random,Greedy,south,commander_capture,68,True,False,0
Greedy vs Random,283,22261196,0,Greedy,Random,north,commander_capture,43,True,False,0
Greedy vs Random,283,22261196,1,Random,Greedy,south,commander_capture,26,True,False,0
Greedy vs Random,284,22261197,0,Greedy,Random,north,commander_capture,21,True,False,0
Greedy vs Random,284,22261197,1,Random,Greedy,north,commander_capture,31,True,False,0
Greedy vs Random,285,22261198,0,Greedy,Random,north,commander_capture,27,True,False,0
Greedy vs Random,285,22261198,1,Random,Greedy,south,commander_capture,50,True,False,0
Greedy vs Random,286,22261199,0,Greedy,Random,north,commander_capture,27,True,False,0
Greedy vs Random,286,22261199,1,Random,Greedy,south,commander_capture,50,True,False,0
Greedy vs Random,287,22261200,0,Greedy,Random,north,commander_capture,37,True,False,0
Greedy vs Random,287,22261200,1,Random,Greedy,south,commander_capture,44,True,False,0
Greedy vs Random,288,22261201,0,Greedy,Random,north,commander_capture,43,True,False,0
Greedy vs Random,288,22261201,1,Random,Greedy,south,commander_capture,38,True,False,0
Greedy vs Random,289,22261202,0,Greedy,Random,north,commander_capture,49,True,False,0
Greedy vs Random,289,22261202,1,Random,Greedy,south,commander_capture,22,True,False,0
Greedy vs Random,290,22261203,0,Greedy,Random,south,commander_capture,46,True,False,0
Greedy vs Random,290,22261203,1,Random,Greedy,south,commander_capture,28,True,False,0
Greedy vs Random,291,22261204,0,Greedy,Random,north,commander_capture,61,True,False,0
Greedy vs Random,291,22261204,1,Random,Greedy,south,commander_capture,66,True,False,0
Greedy vs Random,292,22261205,0,Greedy,Random,north,commander_capture,53,True,False,0
Greedy vs Random,292,22261205,1,Random,Greedy,south,commander_capture,60,True,False,0
Greedy vs Random,293,22261206,0,Greedy,Random,north,commander_capture,23,True,False,0
Greedy vs Random,293,22261206,1,Random,Greedy,south,commander_capture,44,True,False,0
Greedy vs Random,294,22261207,0,Greedy,Random,north,commander_capture,25,True,False,0
Greedy vs Random,294,22261207,1,Random,Greedy,south,commander_capture,36,True,False,0
Greedy vs Random,295,22261208,0,Greedy,Random,north,commander_capture,35,True,False,0
Greedy vs Random,295,22261208,1,Random,Greedy,south,commander_capture,32,True,False,0
Greedy vs Random,296,22261209,0,Greedy,Random,north,commander_capture,33,True,False,0
Greedy vs Random,296,22261209,1,Random,Greedy,south,commander_capture,48,True,False,0
Greedy vs Random,297,22261210,0,Greedy,Random,north,commander_capture,43,True,False,0
Greedy vs Random,297,22261210,1,Random,Greedy,south,commander_capture,38,True,False,0
Greedy vs Random,298,22261211,0,Greedy,Random,north,commander_capture,23,True,False,0
Greedy vs Random,298,22261211,1,Random,Greedy,south,commander_capture,22,True,False,0
Greedy vs Random,299,22261212,0,Greedy,Random,north,commander_capture,43,True,False,0
Greedy vs Random,299,22261212,1,Random,Greedy,south,commander_capture,34,True,False,0
Greedy vs Random,300,22261213,0,Greedy,Random,north,commander_capture,37,True,False,0
Greedy vs Random,300,22261213,1,Random,Greedy,south,commander_capture,48,True,False,0
Greedy vs Random,301,22261214,0,Greedy,Random,north,commander_capture,45,True,False,0
Greedy vs Random,301,22261214,1,Random,Greedy,south,commander_capture,68,True,False,0
Greedy vs Random,302,22261215,0,Greedy,Random,north,commander_capture,53,True,False,0
Greedy vs Random,302,22261215,1,Random,Greedy,south,commander_capture,42,True,False,0
Greedy vs Random,303,22261216,0,Greedy,Random,north,commander_capture,69,True,False,0
Greedy vs Random,303,22261216,1,Random,Greedy,south,commander_capture,58,True,False,0
Greedy vs Random,304,22261217,0,Greedy,Random,north,commander_capture,61,True,False,0
Greedy vs Random,304,22261217,1,Random,Greedy,south,commander_capture,40,True,False,0
Greedy vs Random,305,22261218,0,Greedy,Random,north,commander_capture,77,True,False,0
Greedy vs Random,305,22261218,1,Random,Greedy,south,commander_capture,34,True,False,0
Greedy vs Random,306,22261219,0,Greedy,Random,north,commander_capture,37,True,False,0
Greedy vs Random,306,22261219,1,Random,Greedy,south,commander_capture,32,True,False,0
Greedy vs Random,307,22261220,0,Greedy,Random,north,commander_capture,81,True,False,0
Greedy vs Random,307,22261220,1,Random,Greedy,south,commander_capture,20,True,False,0
Greedy vs Random,308,22261221,0,Greedy,Random,north,commander_capture,57,True,False,0
Greedy vs Random,308,22261221,1,Random,Greedy,south,commander_capture,38,True,False,0
Greedy vs Random,309,22261222,0,Greedy,Random,north,commander_capture,27,True,False,0
Greedy vs Random,309,22261222,1,Random,Greedy,south,commander_capture,40,True,False,0
Greedy vs Random,310,22261223,0,Greedy,Random,north,commander_capture,15,True,False,0
Greedy vs Random,310,22261223,1,Random,Greedy,south,commander_capture,32,True,False,0
Greedy vs Random,311,22261224,0,Greedy,Random,north,commander_capture,35,True,False,0
Greedy vs Random,311,22261224,1,Random,Greedy,south,commander_capture,16,True,False,0
Greedy vs Random,312,22261225,0,Greedy,Random,north,commander_capture,43,True,False,0
Greedy vs Random,312,22261225,1,Random,Greedy,south,commander_capture,34,True,False,0
Greedy vs Random,313,22261226,0,Greedy,Random,north,commander_capture,63,True,False,0
Greedy vs Random,313,22261226,1,Random,Greedy,south,commander_capture,46,True,False,0
Greedy vs Random,314,22261227,0,Greedy,Random,north,commander_capture,59,True,False,0
Greedy vs Random,314,22261227,1,Random,Greedy,south,commander_capture,16,True,False,0
Greedy vs Random,315,22261228,0,Greedy,Random,north,commander_capture,25,True,False,0
Greedy vs Random,315,22261228,1,Random,Greedy,south,commander_capture,40,True,False,0
Greedy vs Random,316,22261229,0,Greedy,Random,north,commander_capture,37,True,False,0
Greedy vs Random,316,22261229,1,Random,Greedy,south,commander_capture,30,True,False,0
Greedy vs Random,317,22261230,0,Greedy,Random,north,commander_capture,59,True,False,0
Greedy vs Random,317,22261230,1,Random,Greedy,north,commander_capture,45,True,False,0
Greedy vs Random,318,22261231,0,Greedy,Random,north,commander_capture,35,True,False,0
Greedy vs Random,318,22261231,1,Random,Greedy,south,commander_capture,48,True,False,0
Greedy vs Random,319,22261232,0,Greedy,Random,north,commander_capture,15,True,False,0
Greedy vs Random,319,22261232,1,Random,Greedy,south,commander_capture,38,True,False,0
Greedy vs Random,320,22261233,0,Greedy,Random,north,commander_capture,43,True,False,0
Greedy vs Random,320,22261233,1,Random,Greedy,south,commander_capture,50,True,False,0
Greedy vs Random,321,22261234,0,Greedy,Random,north,commander_capture,49,True,False,0
Greedy vs Random,321,22261234,1,Random,Greedy,south,commander_capture,26,True,False,0
Greedy vs Random,322,22261235,0,Greedy,Random,north,commander_capture,51,True,False,0
Greedy vs Random,322,22261235,1,Random,Greedy,south,commander_capture,22,True,False,0
Greedy vs Random,323,22261236,0,Greedy,Random,north,commander_capture,51,True,False,0
Greedy vs Random,323,22261236,1,Random,Greedy,south,commander_capture,46,True,False,0
Greedy vs Random,324,22261237,0,Greedy,Random,north,commander_capture,67,True,False,0
Greedy vs Random,324,22261237,1,Random,Greedy,south,commander_capture,46,True,False,0
Greedy vs Random,325,22261238,0,Greedy,Random,north,commander_capture,61,True,False,0
Greedy vs Random,325,22261238,1,Random,Greedy,south,commander_capture,70,True,False,0
Greedy vs Random,326,22261239,0,Greedy,Random,north,commander_capture,65,True,False,0
Greedy vs Random,326,22261239,1,Random,Greedy,south,commander_capture,50,True,False,0
Greedy vs Random,327,22261240,0,Greedy,Random,north,commander_capture,59,True,False,0
Greedy vs Random,327,22261240,1,Random,Greedy,south,commander_capture,34,True,False,0
Greedy vs Random,328,22261241,0,Greedy,Random,north,commander_capture,75,True,False,0
Greedy vs Random,328,22261241,1,Random,Greedy,south,commander_capture,40,True,False,0
Greedy vs Random,329,22261242,0,Greedy,Random,north,commander_capture,25,True,False,0
Greedy vs Random,329,22261242,1,Random,Greedy,south,commander_capture,60,True,False,0
Greedy vs Random,330,22261243,0,Greedy,Random,north,commander_capture,45,True,False,0
Greedy vs Random,330,22261243,1,Random,Greedy,south,commander_capture,32,True,False,0
Greedy vs Random,331,22261244,0,Greedy,Random,north,commander_capture,89,True,False,0
Greedy vs Random,331,22261244,1,Random,Greedy,south,commander_capture,40,True,False,0
Greedy vs Random,332,22261245,0,Greedy,Random,north,commander_capture,69,True,False,0
Greedy vs Random,332,22261245,1,Random,Greedy,south,commander_capture,12,True,False,0
Greedy vs Random,333,22261246,0,Greedy,Random,north,commander_capture,45,True,False,0
Greedy vs Random,333,22261246,1,Random,Greedy,south,commander_capture,52,True,False,0
Greedy vs Random,334,22261247,0,Greedy,Random,north,commander_capture,37,True,False,0
Greedy vs Random,334,22261247,1,Random,Greedy,south,commander_capture,38,True,False,0
Greedy vs Random,335,22261248,0,Greedy,Random,north,commander_capture,51,True,False,0
Greedy vs Random,335,22261248,1,Random,Greedy,south,commander_capture,26,True,False,0
Greedy vs Random,336,22261249,0,Greedy,Random,north,commander_capture,39,True,False,0
Greedy vs Random,336,22261249,1,Random,Greedy,south,commander_capture,48,True,False,0
Greedy vs Random,337,22261250,0,Greedy,Random,north,commander_capture,25,True,False,0
Greedy vs Random,337,22261250,1,Random,Greedy,south,commander_capture,26,True,False,0
Greedy vs Random,338,22261251,0,Greedy,Random,north,commander_capture,63,True,False,0
Greedy vs Random,338,22261251,1,Random,Greedy,south,commander_capture,30,True,False,0
Greedy vs Random,339,22261252,0,Greedy,Random,north,commander_capture,35,True,False,0
Greedy vs Random,339,22261252,1,Random,Greedy,south,commander_capture,66,True,False,0
Greedy vs Random,340,22261253,0,Greedy,Random,north,commander_capture,19,True,False,0
Greedy vs Random,340,22261253,1,Random,Greedy,south,commander_capture,46,True,False,0
Greedy vs Random,341,22261254,0,Greedy,Random,north,commander_capture,27,True,False,0
Greedy vs Random,341,22261254,1,Random,Greedy,south,commander_capture,60,True,False,0
Greedy vs Random,342,22261255,0,Greedy,Random,north,commander_capture,65,True,False,0
Greedy vs Random,342,22261255,1,Random,Greedy,south,commander_capture,50,True,False,0
Greedy vs Random,343,22261256,0,Greedy,Random,north,commander_capture,67,True,False,0
Greedy vs Random,343,22261256,1,Random,Greedy,south,commander_capture,22,True,False,0
Greedy vs Random,344,22261257,0,Greedy,Random,north,commander_capture,37,True,False,0
Greedy vs Random,344,22261257,1,Random,Greedy,south,commander_capture,76,True,False,0
Greedy vs Random,345,22261258,0,Greedy,Random,north,commander_capture,51,True,False,0
Greedy vs Random,345,22261258,1,Random,Greedy,south,commander_capture,18,True,False,0
Greedy vs Random,346,22261259,0,Greedy,Random,north,commander_capture,61,True,False,0
Greedy vs Random,346,22261259,1,Random,Greedy,south,commander_capture,42,True,False,0
Greedy vs Random,347,22261260,0,Greedy,Random,north,commander_capture,49,True,False,0
Greedy vs Random,347,22261260,1,Random,Greedy,south,commander_capture,42,True,False,0
Greedy vs Random,348,22261261,0,Greedy,Random,north,commander_capture,27,True,False,0
Greedy vs Random,348,22261261,1,Random,Greedy,south,commander_capture,20,True,False,0
Greedy vs Random,349,22261262,0,Greedy,Random,north,commander_capture,47,True,False,0
Greedy vs Random,349,22261262,1,Random,Greedy,south,commander_capture,28,True,False,0
Greedy vs Random,350,22261263,0,Greedy,Random,north,commander_capture,39,True,False,0
Greedy vs Random,350,22261263,1,Random,Greedy,south,commander_capture,56,True,False,0
Greedy vs Random,351,22261264,0,Greedy,Random,north,commander_capture,37,True,False,0
Greedy vs Random,351,22261264,1,Random,Greedy,south,commander_capture,30,True,False,0
Greedy vs Random,352,22261265,0,Greedy,Random,north,commander_capture,63,True,False,0
Greedy vs Random,352,22261265,1,Random,Greedy,south,commander_capture,38,True,False,0
Greedy vs Random,353,22261266,0,Greedy,Random,north,commander_capture,77,True,False,0
Greedy vs Random,353,22261266,1,Random,Greedy,south,commander_capture,64,True,False,0
Greedy vs Random,354,22261267,0,Greedy,Random,north,commander_capture,65,True,False,0
Greedy vs Random,354,22261267,1,Random,Greedy,south,commander_capture,18,True,False,0
Greedy vs Random,355,22261268,0,Greedy,Random,north,commander_capture,17,True,False,0
Greedy vs Random,355,22261268,1,Random,Greedy,south,commander_capture,26,True,False,0
Greedy vs Random,356,22261269,0,Greedy,Random,north,commander_capture,63,True,False,0
Greedy vs Random,356,22261269,1,Random,Greedy,south,commander_capture,50,True,False,0
Greedy vs Random,357,22261270,0,Greedy,Random,north,commander_capture,47,True,False,0
Greedy vs Random,357,22261270,1,Random,Greedy,north,commander_capture,19,True,False,0
Greedy vs Random,358,22261271,0,Greedy,Random,north,commander_capture,55,True,False,0
Greedy vs Random,358,22261271,1,Random,Greedy,south,commander_capture,68,True,False,0
Greedy vs Random,359,22261272,0,Greedy,Random,north,commander_capture,37,True,False,0
Greedy vs Random,359,22261272,1,Random,Greedy,south,commander_capture,40,True,False,0
Greedy vs Random,360,22261273,0,Greedy,Random,north,commander_capture,13,True,False,0
Greedy vs Random,360,22261273,1,Random,Greedy,south,commander_capture,80,True,False,0
Greedy vs Random,361,22261274,0,Greedy,Random,north,commander_capture,43,True,False,0
Greedy vs Random,361,22261274,1,Random,Greedy,south,commander_capture,58,True,False,0
Greedy vs Random,362,22261275,0,Greedy,Random,north,commander_capture,43,True,False,0
Greedy vs Random,362,22261275,1,Random,Greedy,south,commander_capture,44,True,False,0
Greedy vs Random,363,22261276,0,Greedy,Random,north,commander_capture,53,True,False,0
Greedy vs Random,363,22261276,1,Random,Greedy,south,commander_capture,42,True,False,0
Greedy vs Random,364,22261277,0,Greedy,Random,north,commander_capture,19,True,False,0
Greedy vs Random,364,22261277,1,Random,Greedy,south,commander_capture,32,True,False,0
Greedy vs Random,365,22261278,0,Greedy,Random,north,commander_capture,43,True,False,0
Greedy vs Random,365,22261278,1,Random,Greedy,north,commander_capture,23,True,False,0
Greedy vs Random,366,22261279,0,Greedy,Random,north,commander_capture,61,True,False,0
Greedy vs Random,366,22261279,1,Random,Greedy,south,commander_capture,72,True,False,0
Greedy vs Random,367,22261280,0,Greedy,Random,north,commander_capture,29,True,False,0
Greedy vs Random,367,22261280,1,Random,Greedy,south,commander_capture,60,True,False,0
Greedy vs Random,368,22261281,0,Greedy,Random,north,commander_capture,33,True,False,0
Greedy vs Random,368,22261281,1,Random,Greedy,south,commander_capture,34,True,False,0
Greedy vs Random,369,22261282,0,Greedy,Random,north,commander_capture,61,True,False,0
Greedy vs Random,369,22261282,1,Random,Greedy,south,commander_capture,54,True,False,0
Greedy vs Random,370,22261283,0,Greedy,Random,north,commander_capture,27,True,False,0
Greedy vs Random,370,22261283,1,Random,Greedy,south,commander_capture,46,True,False,0
Greedy vs Random,371,22261284,0,Greedy,Random,north,commander_capture,63,True,False,0
Greedy vs Random,371,22261284,1,Random,Greedy,south,commander_capture,36,True,False,0
Greedy vs Random,372,22261285,0,Greedy,Random,north,commander_capture,43,True,False,0
Greedy vs Random,372,22261285,1,Random,Greedy,south,commander_capture,72,True,False,0
Greedy vs Random,373,22261286,0,Greedy,Random,north,commander_capture,69,True,False,0
Greedy vs Random,373,22261286,1,Random,Greedy,south,commander_capture,46,True,False,0
Greedy vs Random,374,22261287,0,Greedy,Random,north,commander_capture,35,True,False,0
Greedy vs Random,374,22261287,1,Random,Greedy,south,commander_capture,36,True,False,0
Greedy vs Random,375,22261288,0,Greedy,Random,north,commander_capture,29,True,False,0
Greedy vs Random,375,22261288,1,Random,Greedy,south,commander_capture,52,True,False,0
Greedy vs Random,376,22261289,0,Greedy,Random,north,commander_capture,25,True,False,0
Greedy vs Random,376,22261289,1,Random,Greedy,south,commander_capture,46,True,False,0
Greedy vs Random,377,22261290,0,Greedy,Random,north,commander_capture,67,True,False,0
Greedy vs Random,377,22261290,1,Random,Greedy,south,commander_capture,56,True,False,0
Greedy vs Random,378,22261291,0,Greedy,Random,north,commander_capture,49,True,False,0
Greedy vs Random,378,22261291,1,Random,Greedy,south,commander_capture,62,True,False,0
Greedy vs Random,379,22261292,0,Greedy,Random,north,commander_capture,39,True,False,0
Greedy vs Random,379,22261292,1,Random,Greedy,south,commander_capture,24,True,False,0
Greedy vs Random,380,22261293,0,Greedy,Random,north,commander_capture,35,True,False,0
Greedy vs Random,380,22261293,1,Random,Greedy,south,commander_capture,18,True,False,0
Greedy vs Random,381,22261294,0,Greedy,Random,north,commander_capture,29,True,False,0
Greedy vs Random,381,22261294,1,Random,Greedy,south,commander_capture,24,True,False,0
Greedy vs Random,382,22261295,0,Greedy,Random,north,commander_capture,19,True,False,0
Greedy vs Random,382,22261295,1,Random,Greedy,south,commander_capture,18,True,False,0
Greedy vs Random,383,22261296,0,Greedy,Random,north,commander_capture,53,True,False,0
Greedy vs Random,383,22261296,1,Random,Greedy,south,commander_capture,66,True,False,0
Greedy vs Random,384,22261297,0,Greedy,Random,north,commander_capture,57,True,False,0
Greedy vs Random,384,22261297,1,Random,Greedy,south,commander_capture,38,True,False,0
Greedy vs Random,385,22261298,0,Greedy,Random,north,commander_capture,31,True,False,0
Greedy vs Random,385,22261298,1,Random,Greedy,north,commander_capture,45,True,False,0
Greedy vs Random,386,22261299,0,Greedy,Random,north,commander_capture,37,True,False,0
Greedy vs Random,386,22261299,1,Random,Greedy,south,commander_capture,58,True,False,0
Greedy vs Random,387,22261300,0,Greedy,Random,north,commander_capture,37,True,False,0
Greedy vs Random,387,22261300,1,Random,Greedy,south,commander_capture,42,True,False,0
Greedy vs Random,388,22261301,0,Greedy,Random,north,commander_capture,23,True,False,0
Greedy vs Random,388,22261301,1,Random,Greedy,south,commander_capture,58,True,False,0
Greedy vs Random,389,22261302,0,Greedy,Random,north,commander_capture,49,True,False,0
Greedy vs Random,389,22261302,1,Random,Greedy,south,commander_capture,58,True,False,0
Greedy vs Random,390,22261303,0,Greedy,Random,north,commander_capture,45,True,False,0
Greedy vs Random,390,22261303,1,Random,Greedy,south,commander_capture,42,True,False,0
Greedy vs Random,391,22261304,0,Greedy,Random,north,commander_capture,59,True,False,0
Greedy vs Random,391,22261304,1,Random,Greedy,south,commander_capture,30,True,False,0
Greedy vs Random,392,22261305,0,Greedy,Random,north,commander_capture,29,True,False,0
Greedy vs Random,392,22261305,1,Random,Greedy,south,commander_capture,72,True,False,0
Greedy vs Random,393,22261306,0,Greedy,Random,north,commander_capture,29,True,False,0
Greedy vs Random,393,22261306,1,Random,Greedy,south,commander_capture,50,True,False,0
Greedy vs Random,394,22261307,0,Greedy,Random,north,commander_capture,33,True,False,0
Greedy vs Random,394,22261307,1,Random,Greedy,south,commander_capture,70,True,False,0
Greedy vs Random,395,22261308,0,Greedy,Random,north,commander_capture,87,True,False,0
Greedy vs Random,395,22261308,1,Random,Greedy,south,commander_capture,74,True,False,0
Greedy vs Random,396,22261309,0,Greedy,Random,north,commander_capture,43,True,False,0
Greedy vs Random,396,22261309,1,Random,Greedy,south,commander_capture,20,True,False,0
Greedy vs Random,397,22261310,0,Greedy,Random,north,commander_capture,43,True,False,0
Greedy vs Random,397,22261310,1,Random,Greedy,south,commander_capture,70,True,False,0
Greedy vs Random,398,22261311,0,Greedy,Random,north,commander_capture,67,True,False,0
Greedy vs Random,398,22261311,1,Random,Greedy,south,commander_capture,44,True,False,0
Greedy vs Random,399,22261312,0,Greedy,Random,north,commander_capture,31,True,False,0
Greedy vs Random,399,22261312,1,Random,Greedy,south,commander_capture,50,True,False,0
Greedy vs Random,400,22261313,0,Greedy,Random,north,commander_capture,27,True,False,0
Greedy vs Random,400,22261313,1,Random,Greedy,south,commander_capture,66,True,False,0
Greedy vs Random,401,22261314,0,Greedy,Random,north,commander_capture,71,True,False,0
Greedy vs Random,401,22261314,1,Random,Greedy,south,commander_capture,44,True,False,0
Greedy vs Random,402,22261315,0,Greedy,Random,north,commander_capture,87,True,False,0
Greedy vs Random,402,22261315,1,Random,Greedy,south,commander_capture,62,True,False,0
Greedy vs Random,403,22261316,0,Greedy,Random,north,commander_capture,41,True,False,0
Greedy vs Random,403,22261316,1,Random,Greedy,south,commander_capture,48,True,False,0
Greedy vs Random,404,22261317,0,Greedy,Random,north,commander_capture,55,True,False,0
Greedy vs Random,404,22261317,1,Random,Greedy,south,commander_capture,46,True,False,0
Greedy vs Random,405,22261318,0,Greedy,Random,north,commander_capture,49,True,False,0
Greedy vs Random,405,22261318,1,Random,Greedy,south,commander_capture,16,True,False,0
Greedy vs Random,406,22261319,0,Greedy,Random,north,commander_capture,71,True,False,0
Greedy vs Random,406,22261319,1,Random,Greedy,south,commander_capture,64,True,False,0
Greedy vs Random,407,22261320,0,Greedy,Random,north,commander_capture,67,True,False,0
Greedy vs Random,407,22261320,1,Random,Greedy,north,commander_capture,31,True,False,0
Greedy vs Random,408,22261321,0,Greedy,Random,south,commander_capture,28,True,False,0
Greedy vs Random,408,22261321,1,Random,Greedy,south,commander_capture,34,True,False,0
Greedy vs Random,409,22261322,0,Greedy,Random,north,commander_capture,35,True,False,0
Greedy vs Random,409,22261322,1,Random,Greedy,south,commander_capture,66,True,False,0
Greedy vs Random,410,22261323,0,Greedy,Random,north,commander_capture,37,True,False,0
Greedy vs Random,410,22261323,1,Random,Greedy,south,commander_capture,36,True,False,0
Greedy vs Random,411,22261324,0,Greedy,Random,north,commander_capture,23,True,False,0
Greedy vs Random,411,22261324,1,Random,Greedy,south,commander_capture,28,True,False,0
Greedy vs Random,412,22261325,0,Greedy,Random,north,commander_capture,41,True,False,0
Greedy vs Random,412,22261325,1,Random,Greedy,south,commander_capture,28,True,False,0
Greedy vs Random,413,22261326,0,Greedy,Random,north,commander_capture,57,True,False,0
Greedy vs Random,413,22261326,1,Random,Greedy,south,commander_capture,20,True,False,0
Greedy vs Random,414,22261327,0,Greedy,Random,north,commander_capture,39,True,False,0
Greedy vs Random,414,22261327,1,Random,Greedy,south,commander_capture,56,True,False,0
Greedy vs Random,415,22261328,0,Greedy,Random,north,commander_capture,45,True,False,0
Greedy vs Random,415,22261328,1,Random,Greedy,south,commander_capture,28,True,False,0
Greedy vs Random,416,22261329,0,Greedy,Random,north,commander_capture,63,True,False,0
Greedy vs Random,416,22261329,1,Random,Greedy,south,commander_capture,26,True,False,0
Greedy vs Random,417,22261330,0,Greedy,Random,north,commander_capture,31,True,False,0
Greedy vs Random,417,22261330,1,Random,Greedy,south,commander_capture,80,True,False,0
Greedy vs Random,418,22261331,0,Greedy,Random,north,commander_capture,59,True,False,0
Greedy vs Random,418,22261331,1,Random,Greedy,south,commander_capture,60,True,False,0
Greedy vs Random,419,22261332,0,Greedy,Random,north,commander_capture,57,True,False,0
Greedy vs Random,419,22261332,1,Random,Greedy,south,commander_capture,46,True,False,0
Greedy vs Random,420,22261333,0,Greedy,Random,north,commander_capture,77,True,False,0
Greedy vs Random,420,22261333,1,Random,Greedy,south,commander_capture,36,True,False,0
Greedy vs Random,421,22261334,0,Greedy,Random,north,commander_capture,57,True,False,0
Greedy vs Random,421,22261334,1,Random,Greedy,south,commander_capture,66,True,False,0
Greedy vs Random,422,22261335,0,Greedy,Random,north,commander_capture,29,True,False,0
Greedy vs Random,422,22261335,1,Random,Greedy,south,commander_capture,32,True,False,0
Greedy vs Random,423,22261336,0,Greedy,Random,south,commander_capture,48,True,False,0
Greedy vs Random,423,22261336,1,Random,Greedy,south,commander_capture,60,True,False,0
Greedy vs Random,424,22261337,0,Greedy,Random,north,commander_capture,43,True,False,0
Greedy vs Random,424,22261337,1,Random,Greedy,south,commander_capture,30,True,False,0
Greedy vs Random,425,22261338,0,Greedy,Random,north,commander_capture,43,True,False,0
Greedy vs Random,425,22261338,1,Random,Greedy,south,commander_capture,36,True,False,0
Greedy vs Random,426,22261339,0,Greedy,Random,north,commander_capture,67,True,False,0
Greedy vs Random,426,22261339,1,Random,Greedy,north,commander_capture,21,True,False,0
Greedy vs Random,427,22261340,0,Greedy,Random,north,commander_capture,27,True,False,0
Greedy vs Random,427,22261340,1,Random,Greedy,south,commander_capture,50,True,False,0
Greedy vs Random,428,22261341,0,Greedy,Random,north,commander_capture,47,True,False,0
Greedy vs Random,428,22261341,1,Random,Greedy,south,commander_capture,16,True,False,0
Greedy vs Random,429,22261342,0,Greedy,Random,north,commander_capture,31,True,False,0
Greedy vs Random,429,22261342,1,Random,Greedy,south,commander_capture,46,True,False,0
Greedy vs Random,430,22261343,0,Greedy,Random,north,commander_capture,59,True,False,0
Greedy vs Random,430,22261343,1,Random,Greedy,south,commander_capture,58,True,False,0
Greedy vs Random,431,22261344,0,Greedy,Random,north,commander_capture,25,True,False,0
Greedy vs Random,431,22261344,1,Random,Greedy,south,commander_capture,66,True,False,0
Greedy vs Random,432,22261345,0,Greedy,Random,north,commander_capture,29,True,False,0
Greedy vs Random,432,22261345,1,Random,Greedy,south,commander_capture,64,True,False,0
Greedy vs Random,433,22261346,0,Greedy,Random,north,commander_capture,45,True,False,0
Greedy vs Random,433,22261346,1,Random,Greedy,south,commander_capture,44,True,False,0
Greedy vs Random,434,22261347,0,Greedy,Random,north,commander_capture,21,True,False,0
Greedy vs Random,434,22261347,1,Random,Greedy,south,commander_capture,32,True,False,0
Greedy vs Random,435,22261348,0,Greedy,Random,north,commander_capture,59,True,False,0
Greedy vs Random,435,22261348,1,Random,Greedy,south,commander_capture,36,True,False,0
Greedy vs Random,436,22261349,0,Greedy,Random,north,commander_capture,39,True,False,0
Greedy vs Random,436,22261349,1,Random,Greedy,south,commander_capture,44,True,False,0
Greedy vs Random,437,22261350,0,Greedy,Random,north,commander_capture,41,True,False,0
Greedy vs Random,437,22261350,1,Random,Greedy,south,commander_capture,32,True,False,0
Greedy vs Random,438,22261351,0,Greedy,Random,north,commander_capture,17,True,False,0
Greedy vs Random,438,22261351,1,Random,Greedy,south,commander_capture,64,True,False,0
Greedy vs Random,439,22261352,0,Greedy,Random,north,commander_capture,51,True,False,0
Greedy vs Random,439,22261352,1,Random,Greedy,south,commander_capture,10,True,False,0
Greedy vs Random,440,22261353,0,Greedy,Random,north,commander_capture,37,True,False,0
Greedy vs Random,440,22261353,1,Random,Greedy,south,commander_capture,36,True,False,0
Greedy vs Random,441,22261354,0,Greedy,Random,north,commander_capture,51,True,False,0
Greedy vs Random,441,22261354,1,Random,Greedy,south,commander_capture,54,True,False,0
Greedy vs Random,442,22261355,0,Greedy,Random,north,commander_capture,21,True,False,0
Greedy vs Random,442,22261355,1,Random,Greedy,south,commander_capture,54,True,False,0
Greedy vs Random,443,22261356,0,Greedy,Random,north,commander_capture,39,True,False,0
Greedy vs Random,443,22261356,1,Random,Greedy,south,commander_capture,42,True,False,0
Greedy vs Random,444,22261357,0,Greedy,Random,north,commander_capture,61,True,False,0
Greedy vs Random,444,22261357,1,Random,Greedy,south,commander_capture,30,True,False,0
Greedy vs Random,445,22261358,0,Greedy,Random,north,commander_capture,23,True,False,0
Greedy vs Random,445,22261358,1,Random,Greedy,south,commander_capture,48,True,False,0
Greedy vs Random,446,22261359,0,Greedy,Random,north,commander_capture,101,True,False,0
Greedy vs Random,446,22261359,1,Random,Greedy,south,commander_capture,66,True,False,0
Greedy vs Random,447,22261360,0,Greedy,Random,north,commander_capture,79,True,False,0
Greedy vs Random,447,22261360,1,Random,Greedy,south,commander_capture,70,True,False,0
Greedy vs Random,448,22261361,0,Greedy,Random,north,commander_capture,61,True,False,0
Greedy vs Random,448,22261361,1,Random,Greedy,north,commander_capture,45,True,False,0
Greedy vs Random,449,22261362,0,Greedy,Random,north,commander_capture,35,True,False,0
Greedy vs Random,449,22261362,1,Random,Greedy,south,commander_capture,76,True,False,0
Greedy vs Random,450,22261363,0,Greedy,Random,north,commander_capture,25,True,False,0
Greedy vs Random,450,22261363,1,Random,Greedy,south,commander_capture,38,True,False,0
Greedy vs Random,451,22261364,0,Greedy,Random,north,commander_capture,51,True,False,0
Greedy vs Random,451,22261364,1,Random,Greedy,south,commander_capture,28,True,False,0
Greedy vs Random,452,22261365,0,Greedy,Random,north,commander_capture,33,True,False,0
Greedy vs Random,452,22261365,1,Random,Greedy,south,commander_capture,48,True,False,0
Greedy vs Random,453,22261366,0,Greedy,Random,north,commander_capture,33,True,False,0
Greedy vs Random,453,22261366,1,Random,Greedy,south,commander_capture,38,True,False,0
Greedy vs Random,454,22261367,0,Greedy,Random,north,commander_capture,13,True,False,0
Greedy vs Random,454,22261367,1,Random,Greedy,north,commander_capture,29,True,False,0
Greedy vs Random,455,22261368,0,Greedy,Random,north,commander_capture,39,True,False,0
Greedy vs Random,455,22261368,1,Random,Greedy,south,commander_capture,36,True,False,0
Greedy vs Random,456,22261369,0,Greedy,Random,north,commander_capture,45,True,False,0
Greedy vs Random,456,22261369,1,Random,Greedy,south,commander_capture,24,True,False,0
Greedy vs Random,457,22261370,0,Greedy,Random,north,commander_capture,41,True,False,0
Greedy vs Random,457,22261370,1,Random,Greedy,south,commander_capture,28,True,False,0
Greedy vs Random,458,22261371,0,Greedy,Random,north,commander_capture,43,True,False,0
Greedy vs Random,458,22261371,1,Random,Greedy,south,commander_capture,34,True,False,0
Greedy vs Random,459,22261372,0,Greedy,Random,north,commander_capture,37,True,False,0
Greedy vs Random,459,22261372,1,Random,Greedy,south,commander_capture,30,True,False,0
Greedy vs Random,460,22261373,0,Greedy,Random,north,commander_capture,29,True,False,0
Greedy vs Random,460,22261373,1,Random,Greedy,south,commander_capture,40,True,False,0
Greedy vs Random,461,22261374,0,Greedy,Random,north,commander_capture,65,True,False,0
Greedy vs Random,461,22261374,1,Random,Greedy,south,commander_capture,16,True,False,0
Greedy vs Random,462,22261375,0,Greedy,Random,north,commander_capture,67,True,False,0
Greedy vs Random,462,22261375,1,Random,Greedy,south,commander_capture,14,True,False,0
Greedy vs Random,463,22261376,0,Greedy,Random,north,commander_capture,69,True,False,0
Greedy vs Random,463,22261376,1,Random,Greedy,south,commander_capture,46,True,False,0
Greedy vs Random,464,22261377,0,Greedy,Random,north,commander_capture,55,True,False,0
Greedy vs Random,464,22261377,1,Random,Greedy,south,commander_capture,28,True,False,0
Greedy vs Random,465,22261378,0,Greedy,Random,north,commander_capture,21,True,False,0
Greedy vs Random,465,22261378,1,Random,Greedy,south,commander_capture,62,True,False,0
Greedy vs Random,466,22261379,0,Greedy,Random,north,commander_capture,71,True,False,0
Greedy vs Random,466,22261379,1,Random,Greedy,south,commander_capture,72,True,False,0
Greedy vs Random,467,22261380,0,Greedy,Random,north,commander_capture,31,True,False,0
Greedy vs Random,467,22261380,1,Random,Greedy,south,commander_capture,54,True,False,0
Greedy vs Random,468,22261381,0,Greedy,Random,north,commander_capture,35,True,False,0
Greedy vs Random,468,22261381,1,Random,Greedy,south,commander_capture,46,True,False,0
Greedy vs Random,469,22261382,0,Greedy,Random,north,commander_capture,41,True,False,0
Greedy vs Random,469,22261382,1,Random,Greedy,south,commander_capture,54,True,False,0
Greedy vs Random,470,22261383,0,Greedy,Random,north,commander_capture,43,True,False,0
Greedy vs Random,470,22261383,1,Random,Greedy,south,commander_capture,56,True,False,0
Greedy vs Random,471,22261384,0,Greedy,Random,north,commander_capture,25,True,False,0
Greedy vs Random,471,22261384,1,Random,Greedy,south,commander_capture,42,True,False,0
Greedy vs Random,472,22261385,0,Greedy,Random,north,commander_capture,35,True,False,0
Greedy vs Random,472,22261385,1,Random,Greedy,south,commander_capture,46,True,False,0
Greedy vs Random,473,22261386,0,Greedy,Random,north,commander_capture,41,True,False,0
Greedy vs Random,473,22261386,1,Random,Greedy,south,commander_capture,20,True,False,0
Greedy vs Random,474,22261387,0,Greedy,Random,north,commander_capture,35,True,False,0
Greedy vs Random,474,22261387,1,Random,Greedy,south,commander_capture,50,True,False,0
Greedy vs Random,475,22261388,0,Greedy,Random,north,commander_capture,23,True,False,0
Greedy vs Random,475,22261388,1,Random,Greedy,south,commander_capture,26,True,False,0
Greedy vs Random,476,22261389,0,Greedy,Random,north,commander_capture,57,True,False,0
Greedy vs Random,476,22261389,1,Random,Greedy,south,commander_capture,44,True,False,0
Greedy vs Random,477,22261390,0,Greedy,Random,north,commander_capture,47,True,False,0
Greedy vs Random,477,22261390,1,Random,Greedy,south,commander_capture,54,True,False,0
Greedy vs Random,478,22261391,0,Greedy,Random,north,commander_capture,71,True,False,0
Greedy vs Random,478,22261391,1,Random,Greedy,south,commander_capture,68,True,False,0
Greedy vs Random,479,22261392,0,Greedy,Random,north,commander_capture,37,True,False,0
Greedy vs Random,479,22261392,1,Random,Greedy,south,commander_capture,40,True,False,0
Greedy vs Random,480,22261393,0,Greedy,Random,north,commander_capture,63,True,False,0
Greedy vs Random,480,22261393,1,Random,Greedy,south,commander_capture,64,True,False,0
Greedy vs Random,481,22261394,0,Greedy,Random,north,commander_capture,29,True,False,0
Greedy vs Random,481,22261394,1,Random,Greedy,south,commander_capture,30,True,False,0
Greedy vs Random,482,22261395,0,Greedy,Random,north,commander_capture,73,True,False,0
Greedy vs Random,482,22261395,1,Random,Greedy,south,commander_capture,84,True,False,0
Greedy vs Random,483,22261396,0,Greedy,Random,north,commander_capture,49,True,False,0
Greedy vs Random,483,22261396,1,Random,Greedy,south,commander_capture,16,True,False,0
Greedy vs Random,484,22261397,0,Greedy,Random,north,commander_capture,81,True,False,0
Greedy vs Random,484,22261397,1,Random,Greedy,south,commander_capture,50,True,False,0
Greedy vs Random,485,22261398,0,Greedy,Random,north,commander_capture,59,True,False,0
Greedy vs Random,485,22261398,1,Random,Greedy,south,commander_capture,76,True,False,0
Greedy vs Random,486,22261399,0,Greedy,Random,north,commander_capture,39,True,False,0
Greedy vs Random,486,22261399,1,Random,Greedy,south,commander_capture,48,True,False,0
Greedy vs Random,487,22261400,0,Greedy,Random,north,commander_capture,47,True,False,0
Greedy vs Random,487,22261400,1,Random,Greedy,south,commander_capture,20,True,False,0
Greedy vs Random,488,22261401,0,Greedy,Random,north,commander_capture,55,True,False,0
Greedy vs Random,488,22261401,1,Random,Greedy,south,commander_capture,52,True,False,0
Greedy vs Random,489,22261402,0,Greedy,Random,north,commander_capture,63,True,False,0
Greedy vs Random,489,22261402,1,Random,Greedy,south,commander_capture,22,True,False,0
Greedy vs Random,490,22261403,0,Greedy,Random,north,commander_capture,23,True,False,0
Greedy vs Random,490,22261403,1,Random,Greedy,south,commander_capture,56,True,False,0
Greedy vs Random,491,22261404,0,Greedy,Random,north,commander_capture,39,True,False,0
Greedy vs Random,491,22261404,1,Random,Greedy,south,commander_capture,28,True,False,0
Greedy vs Random,492,22261405,0,Greedy,Random,north,commander_capture,71,True,False,0
Greedy vs Random,492,22261405,1,Random,Greedy,south,commander_capture,58,True,False,0
Greedy vs Random,493,22261406,0,Greedy,Random,north,commander_capture,39,True,False,0
Greedy vs Random,493,22261406,1,Random,Greedy,south,commander_capture,22,True,False,0
Greedy vs Random,494,22261407,0,Greedy,Random,north,commander_capture,41,True,False,0
Greedy vs Random,494,22261407,1,Random,Greedy,south,commander_capture,26,True,False,0
Greedy vs Random,495,22261408,0,Greedy,Random,north,commander_capture,41,True,False,0
Greedy vs Random,495,22261408,1,Random,Greedy,south,commander_capture,34,True,False,0
Greedy vs Random,496,22261409,0,Greedy,Random,north,commander_capture,51,True,False,0
Greedy vs Random,496,22261409,1,Random,Greedy,south,commander_capture,60,True,False,0
Greedy vs Random,497,22261410,0,Greedy,Random,north,commander_capture,31,True,False,0
Greedy vs Random,497,22261410,1,Random,Greedy,south,commander_capture,60,True,False,0
Greedy vs Random,498,22261411,0,Greedy,Random,north,commander_capture,35,True,False,0
Greedy vs Random,498,22261411,1,Random,Greedy,south,commander_capture,22,True,False,0
Greedy vs Random,499,22261412,0,Greedy,Random,north,commander_capture,77,True,False,0
Greedy vs Random,499,22261412,1,Random,Greedy,south,commander_capture,82,True,False,0
Greedy vs Random,500,22261413,0,Greedy,Random,north,commander_capture,21,True,False,0
Greedy vs Random,500,22261413,1,Random,Greedy,south,commander_capture,56,True,False,0
Greedy vs Random,501,22261414,0,Greedy,Random,north,commander_capture,47,True,False,0
Greedy vs Random,501,22261414,1,Random,Greedy,south,commander_capture,60,True,False,0
Greedy vs Random,502,22261415,0,Greedy,Random,north,commander_capture,43,True,False,0
Greedy vs Random,502,22261415,1,Random,Greedy,south,commander_capture,24,True,False,0
Greedy vs Random,503,22261416,0,Greedy,Random,north,commander_capture,71,True,False,0
Greedy vs Random,503,22261416,1,Random,Greedy,south,commander_capture,72,True,False,0
Greedy vs Random,504,22261417,0,Greedy,Random,north,commander_capture,59,True,False,0
Greedy vs Random,504,22261417,1,Random,Greedy,south,commander_capture,58,True,False,0
Greedy vs Random,505,22261418,0,Greedy,Random,north,commander_capture,59,True,False,0
Greedy vs Random,505,22261418,1,Random,Greedy,south,commander_capture,28,True,False,0
Greedy vs Random,506,22261419,0,Greedy,Random,north,commander_capture,59,True,False,0
Greedy vs Random,506,22261419,1,Random,Greedy,south,commander_capture,60,True,False,0
Greedy vs Random,507,22261420,0,Greedy,Random,north,commander_capture,45,True,False,0
Greedy vs Random,507,22261420,1,Random,Greedy,south,commander_capture,38,True,False,0
Greedy vs Random,508,22261421,0,Greedy,Random,north,commander_capture,67,True,False,0
Greedy vs Random,508,22261421,1,Random,Greedy,south,commander_capture,36,True,False,0
Greedy vs Random,509,22261422,0,Greedy,Random,north,commander_capture,63,True,False,0
Greedy vs Random,509,22261422,1,Random,Greedy,south,commander_capture,32,True,False,0
Greedy vs Random,510,22261423,0,Greedy,Random,north,commander_capture,41,True,False,0
Greedy vs Random,510,22261423,1,Random,Greedy,south,commander_capture,80,True,False,0
Greedy vs Random,511,22261424,0,Greedy,Random,north,commander_capture,59,True,False,0
Greedy vs Random,511,22261424,1,Random,Greedy,south,commander_capture,56,True,False,0
Greedy vs Random,512,22261425,0,Greedy,Random,north,commander_capture,51,True,False,0
Greedy vs Random,512,22261425,1,Random,Greedy,south,commander_capture,56,True,False,0
Greedy vs Random,513,22261426,0,Greedy,Random,north,commander_capture,23,True,False,0
Greedy vs Random,513,22261426,1,Random,Greedy,south,commander_capture,36,True,False,0
Greedy vs Random,514,22261427,0,Greedy,Random,north,commander_capture,13,True,False,0
Greedy vs Random,514,22261427,1,Random,Greedy,south,commander_capture,50,True,False,0
Greedy vs Random,515,22261428,0,Greedy,Random,north,commander_capture,37,True,False,0
Greedy vs Random,515,22261428,1,Random,Greedy,south,commander_capture,32,True,False,0
Greedy vs Random,516,22261429,0,Greedy,Random,north,commander_capture,15,True,False,0
Greedy vs Random,516,22261429,1,Random,Greedy,south,commander_capture,74,True,False,0
Greedy vs Random,517,22261430,0,Greedy,Random,north,commander_capture,39,True,False,0
Greedy vs Random,517,22261430,1,Random,Greedy,south,commander_capture,36,True,False,0
Greedy vs Random,518,22261431,0,Greedy,Random,north,commander_capture,67,True,False,0
Greedy vs Random,518,22261431,1,Random,Greedy,south,commander_capture,44,True,False,0
Greedy vs Random,519,22261432,0,Greedy,Random,north,commander_capture,79,True,False,0
Greedy vs Random,519,22261432,1,Random,Greedy,north,commander_capture,49,True,False,0
Greedy vs Random,520,22261433,0,Greedy,Random,south,commander_capture,52,True,False,0
Greedy vs Random,520,22261433,1,Random,Greedy,south,commander_capture,46,True,False,0
Greedy vs Random,521,22261434,0,Greedy,Random,north,commander_capture,49,True,False,0
Greedy vs Random,521,22261434,1,Random,Greedy,south,commander_capture,54,True,False,0
Greedy vs Random,522,22261435,0,Greedy,Random,north,commander_capture,45,True,False,0
Greedy vs Random,522,22261435,1,Random,Greedy,south,commander_capture,30,True,False,0
Greedy vs Random,523,22261436,0,Greedy,Random,north,commander_capture,27,True,False,0
Greedy vs Random,523,22261436,1,Random,Greedy,south,commander_capture,74,True,False,0
Greedy vs Random,524,22261437,0,Greedy,Random,north,commander_capture,17,True,False,0
Greedy vs Random,524,22261437,1,Random,Greedy,south,commander_capture,50,True,False,0
Greedy vs Random,525,22261438,0,Greedy,Random,north,commander_capture,25,True,False,0
Greedy vs Random,525,22261438,1,Random,Greedy,south,commander_capture,56,True,False,0
Greedy vs Random,526,22261439,0,Greedy,Random,north,commander_capture,45,True,False,0
Greedy vs Random,526,22261439,1,Random,Greedy,south,commander_capture,44,True,False,0
Greedy vs Random,527,22261440,0,Greedy,Random,north,commander_capture,51,True,False,0
Greedy vs Random,527,22261440,1,Random,Greedy,south,commander_capture,16,True,False,0
Greedy vs Random,528,22261441,0,Greedy,Random,north,commander_capture,37,True,False,0
Greedy vs Random,528,22261441,1,Random,Greedy,south,commander_capture,20,True,False,0
Greedy vs Random,529,22261442,0,Greedy,Random,north,commander_capture,51,True,False,0
Greedy vs Random,529,22261442,1,Random,Greedy,south,commander_capture,32,True,False,0
Greedy vs Random,530,22261443,0,Greedy,Random,north,commander_capture,35,True,False,0
Greedy vs Random,530,22261443,1,Random,Greedy,south,commander_capture,20,True,False,0
Greedy vs Random,531,22261444,0,Greedy,Random,north,commander_capture,29,True,False,0
Greedy vs Random,531,22261444,1,Random,Greedy,south,commander_capture,70,True,False,0
Greedy vs Random,532,22261445,0,Greedy,Random,north,commander_capture,37,True,False,0
Greedy vs Random,532,22261445,1,Random,Greedy,south,commander_capture,32,True,False,0
Greedy vs Random,533,22261446,0,Greedy,Random,north,commander_capture,33,True,False,0
Greedy vs Random,533,22261446,1,Random,Greedy,south,commander_capture,36,True,False,0
Greedy vs Random,534,22261447,0,Greedy,Random,south,commander_capture,56,True,False,0
Greedy vs Random,534,22261447,1,Random,Greedy,south,commander_capture,72,True,False,0
Greedy vs Random,535,22261448,0,Greedy,Random,north,commander_capture,31,True,False,0
Greedy vs Random,535,22261448,1,Random,Greedy,south,commander_capture,52,True,False,0
Greedy vs Random,536,22261449,0,Greedy,Random,north,commander_capture,39,True,False,0
Greedy vs Random,536,22261449,1,Random,Greedy,south,commander_capture,38,True,False,0
Greedy vs Random,537,22261450,0,Greedy,Random,north,commander_capture,95,True,False,0
Greedy vs Random,537,22261450,1,Random,Greedy,south,commander_capture,70,True,False,0
Greedy vs Random,538,22261451,0,Greedy,Random,north,commander_capture,53,True,False,0
Greedy vs Random,538,22261451,1,Random,Greedy,south,commander_capture,18,True,False,0
Greedy vs Random,539,22261452,0,Greedy,Random,north,commander_capture,49,True,False,0
Greedy vs Random,539,22261452,1,Random,Greedy,south,commander_capture,54,True,False,0
Greedy vs Random,540,22261453,0,Greedy,Random,north,commander_capture,41,True,False,0
Greedy vs Random,540,22261453,1,Random,Greedy,south,commander_capture,50,True,False,0
Greedy vs Random,541,22261454,0,Greedy,Random,north,commander_capture,41,True,False,0
Greedy vs Random,541,22261454,1,Random,Greedy,south,commander_capture,30,True,False,0
Greedy vs Random,542,22261455,0,Greedy,Random,north,commander_capture,51,True,False,0
Greedy vs Random,542,22261455,1,Random,Greedy,south,commander_capture,28,True,False,0
Greedy vs Random,543,22261456,0,Greedy,Random,north,commander_capture,49,True,False,0
Greedy vs Random,543,22261456,1,Random,Greedy,south,commander_capture,64,True,False,0
Greedy vs Random,544,22261457,0,Greedy,Random,north,commander_capture,81,True,False,0
Greedy vs Random,544,22261457,1,Random,Greedy,south,commander_capture,30,True,False,0
Greedy vs Random,545,22261458,0,Greedy,Random,north,commander_capture,77,True,False,0
Greedy vs Random,545,22261458,1,Random,Greedy,south,commander_capture,38,True,False,0
Greedy vs Random,546,22261459,0,Greedy,Random,north,commander_capture,19,True,False,0
Greedy vs Random,546,22261459,1,Random,Greedy,south,commander_capture,34,True,False,0
Greedy vs Random,547,22261460,0,Greedy,Random,north,commander_capture,55,True,False,0
Greedy vs Random,547,22261460,1,Random,Greedy,south,commander_capture,62,True,False,0
Greedy vs Random,548,22261461,0,Greedy,Random,north,commander_capture,57,True,False,0
Greedy vs Random,548,22261461,1,Random,Greedy,south,commander_capture,40,True,False,0
Greedy vs Random,549,22261462,0,Greedy,Random,north,commander_capture,43,True,False,0
Greedy vs Random,549,22261462,1,Random,Greedy,south,commander_capture,36,True,False,0
Greedy vs Random,550,22261463,0,Greedy,Random,north,commander_capture,19,True,False,0
Greedy vs Random,550,22261463,1,Random,Greedy,south,commander_capture,48,True,False,0
Greedy vs Random,551,22261464,0,Greedy,Random,north,commander_capture,63,True,False,0
Greedy vs Random,551,22261464,1,Random,Greedy,south,commander_capture,76,True,False,0
Greedy vs Random,552,22261465,0,Greedy,Random,north,commander_capture,21,True,False,0
Greedy vs Random,552,22261465,1,Random,Greedy,south,commander_capture,68,True,False,0
Greedy vs Random,553,22261466,0,Greedy,Random,north,commander_capture,45,True,False,0
Greedy vs Random,553,22261466,1,Random,Greedy,south,commander_capture,52,True,False,0
Greedy vs Random,554,22261467,0,Greedy,Random,north,commander_capture,53,True,False,0
Greedy vs Random,554,22261467,1,Random,Greedy,south,commander_capture,62,True,False,0
Greedy vs Random,555,22261468,0,Greedy,Random,north,commander_capture,65,True,False,0
Greedy vs Random,555,22261468,1,Random,Greedy,south,commander_capture,86,True,False,0
Greedy vs Random,556,22261469,0,Greedy,Random,north,commander_capture,33,True,False,0
Greedy vs Random,556,22261469,1,Random,Greedy,south,commander_capture,38,True,False,0
Greedy vs Random,557,22261470,0,Greedy,Random,north,commander_capture,39,True,False,0
Greedy vs Random,557,22261470,1,Random,Greedy,south,commander_capture,68,True,False,0
Greedy vs Random,558,22261471,0,Greedy,Random,north,commander_capture,71,True,False,0
Greedy vs Random,558,22261471,1,Random,Greedy,south,commander_capture,28,True,False,0
Greedy vs Random,559,22261472,0,Greedy,Random,north,commander_capture,29,True,False,0
Greedy vs Random,559,22261472,1,Random,Greedy,south,commander_capture,68,True,False,0
Greedy vs Random,560,22261473,0,Greedy,Random,north,commander_capture,43,True,False,0
Greedy vs Random,560,22261473,1,Random,Greedy,south,commander_capture,36,True,False,0
Greedy vs Random,561,22261474,0,Greedy,Random,north,commander_capture,69,True,False,0
Greedy vs Random,561,22261474,1,Random,Greedy,south,commander_capture,58,True,False,0
Greedy vs Random,562,22261475,0,Greedy,Random,north,commander_capture,17,True,False,0
Greedy vs Random,562,22261475,1,Random,Greedy,south,commander_capture,44,True,False,0
Greedy vs Random,563,22261476,0,Greedy,Random,north,commander_capture,69,True,False,0
Greedy vs Random,563,22261476,1,Random,Greedy,south,commander_capture,40,True,False,0
Greedy vs Random,564,22261477,0,Greedy,Random,north,commander_capture,29,True,False,0
Greedy vs Random,564,22261477,1,Random,Greedy,south,commander_capture,24,True,False,0
Greedy vs Random,565,22261478,0,Greedy,Random,north,commander_capture,45,True,False,0
Greedy vs Random,565,22261478,1,Random,Greedy,south,commander_capture,42,True,False,0
Greedy vs Random,566,22261479,0,Greedy,Random,north,commander_capture,57,True,False,0
Greedy vs Random,566,22261479,1,Random,Greedy,south,commander_capture,68,True,False,0
Greedy vs Random,567,22261480,0,Greedy,Random,north,commander_capture,51,True,False,0
Greedy vs Random,567,22261480,1,Random,Greedy,south,commander_capture,40,True,False,0
Greedy vs Random,568,22261481,0,Greedy,Random,north,commander_capture,27,True,False,0
Greedy vs Random,568,22261481,1,Random,Greedy,south,commander_capture,36,True,False,0
Greedy vs Random,569,22261482,0,Greedy,Random,north,commander_capture,85,True,False,0
Greedy vs Random,569,22261482,1,Random,Greedy,south,commander_capture,54,True,False,0
Greedy vs Random,570,22261483,0,Greedy,Random,north,commander_capture,49,True,False,0
Greedy vs Random,570,22261483,1,Random,Greedy,south,commander_capture,32,True,False,0
Greedy vs Random,571,22261484,0,Greedy,Random,north,commander_capture,47,True,False,0
Greedy vs Random,571,22261484,1,Random,Greedy,south,commander_capture,24,True,False,0
Greedy vs Random,572,22261485,0,Greedy,Random,north,commander_capture,29,True,False,0
Greedy vs Random,572,22261485,1,Random,Greedy,south,commander_capture,80,True,False,0
Greedy vs Random,573,22261486,0,Greedy,Random,north,commander_capture,19,True,False,0
Greedy vs Random,573,22261486,1,Random,Greedy,south,commander_capture,40,True,False,0
Greedy vs Random,574,22261487,0,Greedy,Random,north,commander_capture,41,True,False,0
Greedy vs Random,574,22261487,1,Random,Greedy,south,commander_capture,74,True,False,0
Greedy vs Random,575,22261488,0,Greedy,Random,north,commander_capture,43,True,False,0
Greedy vs Random,575,22261488,1,Random,Greedy,south,commander_capture,50,True,False,0
Greedy vs Random,576,22261489,0,Greedy,Random,north,commander_capture,67,True,False,0
Greedy vs Random,576,22261489,1,Random,Greedy,south,commander_capture,22,True,False,0
Greedy vs Random,577,22261490,0,Greedy,Random,north,commander_capture,77,True,False,0
Greedy vs Random,577,22261490,1,Random,Greedy,south,commander_capture,66,True,False,0
Greedy vs Random,578,22261491,0,Greedy,Random,north,commander_capture,19,True,False,0
Greedy vs Random,578,22261491,1,Random,Greedy,south,commander_capture,42,True,False,0
Greedy vs Random,579,22261492,0,Greedy,Random,north,commander_capture,71,True,False,0
Greedy vs Random,579,22261492,1,Random,Greedy,south,commander_capture,18,True,False,0
Greedy vs Random,580,22261493,0,Greedy,Random,south,commander_capture,36,True,False,0
Greedy vs Random,580,22261493,1,Random,Greedy,south,commander_capture,60,True,False,0
Greedy vs Random,581,22261494,0,Greedy,Random,north,commander_capture,33,True,False,0
Greedy vs Random,581,22261494,1,Random,Greedy,south,commander_capture,26,True,False,0
Greedy vs Random,582,22261495,0,Greedy,Random,north,commander_capture,25,True,False,0
Greedy vs Random,582,22261495,1,Random,Greedy,south,commander_capture,46,True,False,0
Greedy vs Random,583,22261496,0,Greedy,Random,north,commander_capture,75,True,False,0
Greedy vs Random,583,22261496,1,Random,Greedy,south,commander_capture,44,True,False,0
Greedy vs Random,584,22261497,0,Greedy,Random,north,commander_capture,57,True,False,0
Greedy vs Random,584,22261497,1,Random,Greedy,south,commander_capture,42,True,False,0
Greedy vs Random,585,22261498,0,Greedy,Random,north,commander_capture,37,True,False,0
Greedy vs Random,585,22261498,1,Random,Greedy,south,commander_capture,48,True,False,0
Greedy vs Random,586,22261499,0,Greedy,Random,north,commander_capture,49,True,False,0
Greedy vs Random,586,22261499,1,Random,Greedy,south,commander_capture,24,True,False,0
Greedy vs Random,587,22261500,0,Greedy,Random,north,commander_capture,25,True,False,0
Greedy vs Random,587,22261500,1,Random,Greedy,south,commander_capture,22,True,False,0
Greedy vs Random,588,22261501,0,Greedy,Random,north,commander_capture,33,True,False,0
Greedy vs Random,588,22261501,1,Random,Greedy,south,commander_capture,30,True,False,0
Greedy vs Random,589,22261502,0,Greedy,Random,north,commander_capture,77,True,False,0
Greedy vs Random,589,22261502,1,Random,Greedy,south,commander_capture,38,True,False,0
Greedy vs Random,590,22261503,0,Greedy,Random,north,commander_capture,37,True,False,0
Greedy vs Random,590,22261503,1,Random,Greedy,south,commander_capture,28,True,False,0
Greedy vs Random,591,22261504,0,Greedy,Random,north,commander_capture,33,True,False,0
Greedy vs Random,591,22261504,1,Random,Greedy,south,commander_capture,44,True,False,0
Greedy vs Random,592,22261505,0,Greedy,Random,north,commander_capture,43,True,False,0
Greedy vs Random,592,22261505,1,Random,Greedy,south,commander_capture,76,True,False,0
Greedy vs Random,593,22261506,0,Greedy,Random,north,commander_capture,37,True,False,0
Greedy vs Random,593,22261506,1,Random,Greedy,south,commander_capture,66,True,False,0
Greedy vs Random,594,22261507,0,Greedy,Random,south,commander_capture,14,True,False,0
Greedy vs Random,594,22261507,1,Random,Greedy,south,commander_capture,22,True,False,0
Greedy vs Random,595,22261508,0,Greedy,Random,north,commander_capture,47,True,False,0
Greedy vs Random,595,22261508,1,Random,Greedy,south,commander_capture,36,True,False,0
Greedy vs Random,596,22261509,0,Greedy,Random,north,commander_capture,49,True,False,0
Greedy vs Random,596,22261509,1,Random,Greedy,south,commander_capture,70,True,False,0
Greedy vs Random,597,22261510,0,Greedy,Random,north,commander_capture,67,True,False,0
Greedy vs Random,597,22261510,1,Random,Greedy,south,commander_capture,48,True,False,0
Greedy vs Random,598,22261511,0,Greedy,Random,north,commander_capture,49,True,False,0
Greedy vs Random,598,22261511,1,Random,Greedy,south,commander_capture,44,True,False,0
Greedy vs Random,599,22261512,0,Greedy,Random,north,commander_capture,73,True,False,0
Greedy vs Random,599,22261512,1,Random,Greedy,south,commander_capture,42,True,False,0
Greedy vs Random,600,22261513,0,Greedy,Random,north,commander_capture,27,True,False,0
Greedy vs Random,600,22261513,1,Random,Greedy,south,commander_capture,80,True,False,0
Greedy vs Random,601,22261514,0,Greedy,Random,north,commander_capture,35,True,False,0
Greedy vs Random,601,22261514,1,Random,Greedy,south,commander_capture,64,True,False,0
Greedy vs Random,602,22261515,0,Greedy,Random,north,commander_capture,21,True,False,0
Greedy vs Random,602,22261515,1,Random,Greedy,south,commander_capture,52,True,False,0
Greedy vs Random,603,22261516,0,Greedy,Random,north,commander_capture,11,True,False,0
Greedy vs Random,603,22261516,1,Random,Greedy,south,commander_capture,10,True,False,0
Greedy vs Random,604,22261517,0,Greedy,Random,north,commander_capture,29,True,False,0
Greedy vs Random,604,22261517,1,Random,Greedy,south,commander_capture,32,True,False,0
Greedy vs Random,605,22261518,0,Greedy,Random,north,commander_capture,27,True,False,0
Greedy vs Random,605,22261518,1,Random,Greedy,south,commander_capture,28,True,False,0
Greedy vs Random,606,22261519,0,Greedy,Random,north,commander_capture,51,True,False,0
Greedy vs Random,606,22261519,1,Random,Greedy,south,commander_capture,28,True,False,0
Greedy vs Random,607,22261520,0,Greedy,Random,north,commander_capture,31,True,False,0
Greedy vs Random,607,22261520,1,Random,Greedy,south,commander_capture,72,True,False,0
Greedy vs Random,608,22261521,0,Greedy,Random,north,commander_capture,19,True,False,0
Greedy vs Random,608,22261521,1,Random,Greedy,south,commander_capture,40,True,False,0
Greedy vs Random,609,22261522,0,Greedy,Random,north,commander_capture,75,True,False,0
Greedy vs Random,609,22261522,1,Random,Greedy,south,commander_capture,72,True,False,0
Greedy vs Random,610,22261523,0,Greedy,Random,north,commander_capture,51,True,False,0
Greedy vs Random,610,22261523,1,Random,Greedy,south,commander_capture,34,True,False,0
Greedy vs Random,611,22261524,0,Greedy,Random,north,commander_capture,37,True,False,0
Greedy vs Random,611,22261524,1,Random,Greedy,south,commander_capture,44,True,False,0
Greedy vs Random,612,22261525,0,Greedy,Random,north,commander_capture,77,True,False,0
Greedy vs Random,612,22261525,1,Random,Greedy,south,commander_capture,44,True,False,0
Greedy vs Random,613,22261526,0,Greedy,Random,north,commander_capture,81,True,False,0
Greedy vs Random,613,22261526,1,Random,Greedy,south,commander_capture,66,True,False,0
Greedy vs Random,614,22261527,0,Greedy,Random,north,commander_capture,45,True,False,0
Greedy vs Random,614,22261527,1,Random,Greedy,south,commander_capture,30,True,False,0
Greedy vs Random,615,22261528,0,Greedy,Random,north,commander_capture,45,True,False,0
Greedy vs Random,615,22261528,1,Random,Greedy,south,commander_capture,76,True,False,0
Greedy vs Random,616,22261529,0,Greedy,Random,north,commander_capture,59,True,False,0
Greedy vs Random,616,22261529,1,Random,Greedy,south,commander_capture,50,True,False,0
Greedy vs Random,617,22261530,0,Greedy,Random,north,commander_capture,35,True,False,0
Greedy vs Random,617,22261530,1,Random,Greedy,south,commander_capture,40,True,False,0
Greedy vs Random,618,22261531,0,Greedy,Random,north,commander_capture,43,True,False,0
Greedy vs Random,618,22261531,1,Random,Greedy,south,commander_capture,66,True,False,0
Greedy vs Random,619,22261532,0,Greedy,Random,north,commander_capture,61,True,False,0
Greedy vs Random,619,22261532,1,Random,Greedy,south,commander_capture,62,True,False,0
Greedy vs Random,620,22261533,0,Greedy,Random,north,commander_capture,73,True,False,0
Greedy vs Random,620,22261533,1,Random,Greedy,south,commander_capture,38,True,False,0
Greedy vs Random,621,22261534,0,Greedy,Random,north,commander_capture,39,True,False,0
Greedy vs Random,621,22261534,1,Random,Greedy,south,commander_capture,56,True,False,0
Greedy vs Random,622,22261535,0,Greedy,Random,north,commander_capture,59,True,False,0
Greedy vs Random,622,22261535,1,Random,Greedy,south,commander_capture,54,True,False,0
Greedy vs Random,623,22261536,0,Greedy,Random,north,commander_capture,29,True,False,0
Greedy vs Random,623,22261536,1,Random,Greedy,south,commander_capture,22,True,False,0
Greedy vs Random,624,22261537,0,Greedy,Random,north,commander_capture,17,True,False,0
Greedy vs Random,624,22261537,1,Random,Greedy,south,commander_capture,72,True,False,0
Greedy vs Random,625,22261538,0,Greedy,Random,north,commander_capture,85,True,False,0
Greedy vs Random,625,22261538,1,Random,Greedy,south,commander_capture,52,True,False,0
Greedy vs Random,626,22261539,0,Greedy,Random,north,commander_capture,47,True,False,0
Greedy vs Random,626,22261539,1,Random,Greedy,south,commander_capture,44,True,False,0
Greedy vs Random,627,22261540,0,Greedy,Random,north,commander_capture,33,True,False,0
Greedy vs Random,627,22261540,1,Random,Greedy,south,commander_capture,42,True,False,0
Greedy vs Random,628,22261541,0,Greedy,Random,north,commander_capture,27,True,False,0
Greedy vs Random,628,22261541,1,Random,Greedy,south,commander_capture,54,True,False,0
Greedy vs Random,629,22261542,0,Greedy,Random,north,commander_capture,13,True,False,0
Greedy vs Random,629,22261542,1,Random,Greedy,south,commander_capture,48,True,False,0
Greedy vs Random,630,22261543,0,Greedy,Random,north,commander_capture,31,True,False,0
Greedy vs Random,630,22261543,1,Random,Greedy,south,commander_capture,44,True,False,0
Greedy vs Random,631,22261544,0,Greedy,Random,north,commander_capture,63,True,False,0
Greedy vs Random,631,22261544,1,Random,Greedy,south,commander_capture,36,True,False,0
Greedy vs Random,632,22261545,0,Greedy,Random,north,commander_capture,51,True,False,0
Greedy vs Random,632,22261545,1,Random,Greedy,south,commander_capture,34,True,False,0
Greedy vs Random,633,22261546,0,Greedy,Random,south,commander_capture,42,True,False,0
Greedy vs Random,633,22261546,1,Random,Greedy,south,commander_capture,24,True,False,0
Greedy vs Random,634,22261547,0,Greedy,Random,north,commander_capture,29,True,False,0
Greedy vs Random,634,22261547,1,Random,Greedy,south,commander_capture,38,True,False,0
Greedy vs Random,635,22261548,0,Greedy,Random,north,commander_capture,49,True,False,0
Greedy vs Random,635,22261548,1,Random,Greedy,south,commander_capture,36,True,False,0
Greedy vs Random,636,22261549,0,Greedy,Random,north,commander_capture,33,True,False,0
Greedy vs Random,636,22261549,1,Random,Greedy,south,commander_capture,72,True,False,0
Greedy vs Random,637,22261550,0,Greedy,Random,north,commander_capture,21,True,False,0
Greedy vs Random,637,22261550,1,Random,Greedy,south,commander_capture,86,True,False,0
Greedy vs Random,638,22261551,0,Greedy,Random,north,commander_capture,81,True,False,0
Greedy vs Random,638,22261551,1,Random,Greedy,south,commander_capture,34,True,False,0
Greedy vs Random,639,22261552,0,Greedy,Random,north,commander_capture,63,True,False,0
Greedy vs Random,639,22261552,1,Random,Greedy,south,commander_capture,52,True,False,0
Greedy vs Random,640,22261553,0,Greedy,Random,north,commander_capture,47,True,False,0
Greedy vs Random,640,22261553,1,Random,Greedy,south,commander_capture,54,True,False,0
Greedy vs Random,641,22261554,0,Greedy,Random,north,commander_capture,39,True,False,0
Greedy vs Random,641,22261554,1,Random,Greedy,south,commander_capture,32,True,False,0
Greedy vs Random,642,22261555,0,Greedy,Random,north,commander_capture,25,True,False,0
Greedy vs Random,642,22261555,1,Random,Greedy,south,commander_capture,26,True,False,0
Greedy vs Random,643,22261556,0,Greedy,Random,north,commander_capture,41,True,False,0
Greedy vs Random,643,22261556,1,Random,Greedy,south,commander_capture,74,True,False,0
Greedy vs Random,644,22261557,0,Greedy,Random,north,commander_capture,79,True,False,0
Greedy vs Random,644,22261557,1,Random,Greedy,south,commander_capture,26,True,False,0
Greedy vs Random,645,22261558,0,Greedy,Random,north,commander_capture,33,True,False,0
Greedy vs Random,645,22261558,1,Random,Greedy,south,commander_capture,52,True,False,0
Greedy vs Random,646,22261559,0,Greedy,Random,north,commander_capture,33,True,False,0
Greedy vs Random,646,22261559,1,Random,Greedy,south,commander_capture,66,True,False,0
Greedy vs Random,647,22261560,0,Greedy,Random,north,commander_capture,73,True,False,0
Greedy vs Random,647,22261560,1,Random,Greedy,south,commander_capture,32,True,False,0
Greedy vs Random,648,22261561,0,Greedy,Random,north,commander_capture,57,True,False,0
Greedy vs Random,648,22261561,1,Random,Greedy,south,commander_capture,34,True,False,0
Greedy vs Random,649,22261562,0,Greedy,Random,north,commander_capture,47,True,False,0
Greedy vs Random,649,22261562,1,Random,Greedy,south,commander_capture,24,True,False,0
Greedy vs Random,650,22261563,0,Greedy,Random,north,commander_capture,77,True,False,0
Greedy vs Random,650,22261563,1,Random,Greedy,south,commander_capture,46,True,False,0
Greedy vs Random,651,22261564,0,Greedy,Random,north,commander_capture,27,True,False,0
Greedy vs Random,651,22261564,1,Random,Greedy,south,commander_capture,36,True,False,0
Greedy vs Random,652,22261565,0,Greedy,Random,north,commander_capture,65,True,False,0
Greedy vs Random,652,22261565,1,Random,Greedy,south,commander_capture,18,True,False,0
Greedy vs Random,653,22261566,0,Greedy,Random,north,commander_capture,17,True,False,0
Greedy vs Random,653,22261566,1,Random,Greedy,south,commander_capture,70,True,False,0
Greedy vs Random,654,22261567,0,Greedy,Random,north,commander_capture,31,True,False,0
Greedy vs Random,654,22261567,1,Random,Greedy,south,commander_capture,54,True,False,0
Greedy vs Random,655,22261568,0,Greedy,Random,north,commander_capture,31,True,False,0
Greedy vs Random,655,22261568,1,Random,Greedy,south,commander_capture,32,True,False,0
Greedy vs Random,656,22261569,0,Greedy,Random,north,commander_capture,41,True,False,0
Greedy vs Random,656,22261569,1,Random,Greedy,south,commander_capture,66,True,False,0
Greedy vs Random,657,22261570,0,Greedy,Random,north,commander_capture,51,True,False,0
Greedy vs Random,657,22261570,1,Random,Greedy,south,commander_capture,36,True,False,0
Greedy vs Random,658,22261571,0,Greedy,Random,north,commander_capture,41,True,False,0
Greedy vs Random,658,22261571,1,Random,Greedy,south,commander_capture,12,True,False,0
Greedy vs Random,659,22261572,0,Greedy,Random,north,commander_capture,31,True,False,0
Greedy vs Random,659,22261572,1,Random,Greedy,south,commander_capture,42,True,False,0
Greedy vs Random,660,22261573,0,Greedy,Random,south,commander_capture,66,True,False,0
Greedy vs Random,660,22261573,1,Random,Greedy,south,commander_capture,52,True,False,0
Greedy vs Random,661,22261574,0,Greedy,Random,north,commander_capture,17,True,False,0
Greedy vs Random,661,22261574,1,Random,Greedy,south,commander_capture,26,True,False,0
Greedy vs Random,662,22261575,0,Greedy,Random,north,commander_capture,65,True,False,0
Greedy vs Random,662,22261575,1,Random,Greedy,south,commander_capture,32,True,False,0
Greedy vs Random,663,22261576,0,Greedy,Random,north,commander_capture,53,True,False,0
Greedy vs Random,663,22261576,1,Random,Greedy,south,commander_capture,38,True,False,0
Greedy vs Random,664,22261577,0,Greedy,Random,north,commander_capture,51,True,False,0
Greedy vs Random,664,22261577,1,Random,Greedy,south,commander_capture,50,True,False,0
Greedy vs Random,665,22261578,0,Greedy,Random,north,commander_capture,33,True,False,0
Greedy vs Random,665,22261578,1,Random,Greedy,south,commander_capture,44,True,False,0
Greedy vs Random,666,22261579,0,Greedy,Random,north,commander_capture,21,True,False,0
Greedy vs Random,666,22261579,1,Random,Greedy,south,commander_capture,44,True,False,0
Greedy vs Random,667,22261580,0,Greedy,Random,north,commander_capture,85,True,False,0
Greedy vs Random,667,22261580,1,Random,Greedy,south,commander_capture,26,True,False,0
Greedy vs Random,668,22261581,0,Greedy,Random,north,commander_capture,37,True,False,0
Greedy vs Random,668,22261581,1,Random,Greedy,south,commander_capture,28,True,False,0
Greedy vs Random,669,22261582,0,Greedy,Random,north,commander_capture,43,True,False,0
Greedy vs Random,669,22261582,1,Random,Greedy,south,commander_capture,48,True,False,0
Greedy vs Random,670,22261583,0,Greedy,Random,north,commander_capture,47,True,False,0
Greedy vs Random,670,22261583,1,Random,Greedy,south,commander_capture,86,True,False,0
Greedy vs Random,671,22261584,0,Greedy,Random,north,commander_capture,27,True,False,0
Greedy vs Random,671,22261584,1,Random,Greedy,south,commander_capture,46,True,False,0
Greedy vs Random,672,22261585,0,Greedy,Random,north,commander_capture,43,True,False,0
Greedy vs Random,672,22261585,1,Random,Greedy,north,commander_capture,51,True,False,0
Greedy vs Random,673,22261586,0,Greedy,Random,north,commander_capture,73,True,False,0
Greedy vs Random,673,22261586,1,Random,Greedy,south,commander_capture,38,True,False,0
Greedy vs Random,674,22261587,0,Greedy,Random,north,commander_capture,55,True,False,0
Greedy vs Random,674,22261587,1,Random,Greedy,south,commander_capture,42,True,False,0
Greedy vs Random,675,22261588,0,Greedy,Random,north,commander_capture,37,True,False,0
Greedy vs Random,675,22261588,1,Random,Greedy,south,commander_capture,56,True,False,0
Greedy vs Random,676,22261589,0,Greedy,Random,north,commander_capture,57,True,False,0
Greedy vs Random,676,22261589,1,Random,Greedy,south,commander_capture,56,True,False,0
Greedy vs Random,677,22261590,0,Greedy,Random,north,commander_capture,31,True,False,0
Greedy vs Random,677,22261590,1,Random,Greedy,south,commander_capture,28,True,False,0
Greedy vs Random,678,22261591,0,Greedy,Random,north,commander_capture,41,True,False,0
Greedy vs Random,678,22261591,1,Random,Greedy,south,commander_capture,34,True,False,0
Greedy vs Random,679,22261592,0,Greedy,Random,north,commander_capture,23,True,False,0
Greedy vs Random,679,22261592,1,Random,Greedy,south,commander_capture,18,True,False,0
Greedy vs Random,680,22261593,0,Greedy,Random,north,commander_capture,37,True,False,0
Greedy vs Random,680,22261593,1,Random,Greedy,south,commander_capture,38,True,False,0
Greedy vs Random,681,22261594,0,Greedy,Random,north,commander_capture,29,True,False,0
Greedy vs Random,681,22261594,1,Random,Greedy,south,commander_capture,24,True,False,0
Greedy vs Random,682,22261595,0,Greedy,Random,north,commander_capture,71,True,False,0
Greedy vs Random,682,22261595,1,Random,Greedy,south,commander_capture,42,True,False,0
Greedy vs Random,683,22261596,0,Greedy,Random,north,commander_capture,61,True,False,0
Greedy vs Random,683,22261596,1,Random,Greedy,south,commander_capture,12,True,False,0
Greedy vs Random,684,22261597,0,Greedy,Random,north,commander_capture,53,True,False,0
Greedy vs Random,684,22261597,1,Random,Greedy,south,commander_capture,32,True,False,0
Greedy vs Random,685,22261598,0,Greedy,Random,north,commander_capture,23,True,False,0
Greedy vs Random,685,22261598,1,Random,Greedy,south,commander_capture,66,True,False,0
Greedy vs Random,686,22261599,0,Greedy,Random,south,commander_capture,36,True,False,0
Greedy vs Random,686,22261599,1,Random,Greedy,south,commander_capture,16,True,False,0
Greedy vs Random,687,22261600,0,Greedy,Random,north,commander_capture,69,True,False,0
Greedy vs Random,687,22261600,1,Random,Greedy,south,commander_capture,60,True,False,0
Greedy vs Random,688,22261601,0,Greedy,Random,north,commander_capture,51,True,False,0
Greedy vs Random,688,22261601,1,Random,Greedy,south,commander_capture,40,True,False,0
Greedy vs Random,689,22261602,0,Greedy,Random,north,commander_capture,43,True,False,0
Greedy vs Random,689,22261602,1,Random,Greedy,south,commander_capture,48,True,False,0
Greedy vs Random,690,22261603,0,Greedy,Random,north,commander_capture,63,True,False,0
Greedy vs Random,690,22261603,1,Random,Greedy,south,commander_capture,26,True,False,0
Greedy vs Random,691,22261604,0,Greedy,Random,north,commander_capture,67,True,False,0
Greedy vs Random,691,22261604,1,Random,Greedy,south,commander_capture,20,True,False,0
Greedy vs Random,692,22261605,0,Greedy,Random,north,commander_capture,41,True,False,0
Greedy vs Random,692,22261605,1,Random,Greedy,south,commander_capture,56,True,False,0
Greedy vs Random,693,22261606,0,Greedy,Random,north,commander_capture,47,True,False,0
Greedy vs Random,693,22261606,1,Random,Greedy,south,commander_capture,40,True,False,0
Greedy vs Random,694,22261607,0,Greedy,Random,north,commander_capture,49,True,False,0
Greedy vs Random,694,22261607,1,Random,Greedy,south,commander_capture,54,True,False,0
Greedy vs Random,695,22261608,0,Greedy,Random,north,commander_capture,17,True,False,0
Greedy vs Random,695,22261608,1,Random,Greedy,south,commander_capture,50,True,False,0
Greedy vs Random,696,22261609,0,Greedy,Random,north,commander_capture,43,True,False,0
Greedy vs Random,696,22261609,1,Random,Greedy,south,commander_capture,42,True,False,0
Greedy vs Random,697,22261610,0,Greedy,Random,north,commander_capture,51,True,False,0
Greedy vs Random,697,22261610,1,Random,Greedy,south,commander_capture,22,True,False,0
Greedy vs Random,698,22261611,0,Greedy,Random,north,commander_capture,41,True,False,0
Greedy vs Random,698,22261611,1,Random,Greedy,south,commander_capture,20,True,False,0
Greedy vs Random,699,22261612,0,Greedy,Random,north,commander_capture,45,True,False,0
Greedy vs Random,699,22261612,1,Random,Greedy,south,commander_capture,68,True,False,0
Greedy vs Random,700,22261613,0,Greedy,Random,north,commander_capture,29,True,False,0
Greedy vs Random,700,22261613,1,Random,Greedy,south,commander_capture,62,True,False,0
Greedy vs Random,701,22261614,0,Greedy,Random,north,commander_capture,35,True,False,0
Greedy vs Random,701,22261614,1,Random,Greedy,south,commander_capture,36,True,False,0
Greedy vs Random,702,22261615,0,Greedy,Random,north,commander_capture,19,True,False,0
Greedy vs Random,702,22261615,1,Random,Greedy,south,commander_capture,58,True,False,0
Greedy vs Random,703,22261616,0,Greedy,Random,north,commander_capture,37,True,False,0
Greedy vs Random,703,22261616,1,Random,Greedy,south,commander_capture,34,True,False,0
Greedy vs Random,704,22261617,0,Greedy,Random,north,commander_capture,21,True,False,0
Greedy vs Random,704,22261617,1,Random,Greedy,south,commander_capture,22,True,False,0
Greedy vs Random,705,22261618,0,Greedy,Random,north,commander_capture,21,True,False,0
Greedy vs Random,705,22261618,1,Random,Greedy,south,commander_capture,56,True,False,0
Greedy vs Random,706,22261619,0,Greedy,Random,north,commander_capture,59,True,False,0
Greedy vs Random,706,22261619,1,Random,Greedy,south,commander_capture,36,True,False,0
Greedy vs Random,707,22261620,0,Greedy,Random,north,commander_capture,33,True,False,0
Greedy vs Random,707,22261620,1,Random,Greedy,south,commander_capture,68,True,False,0
Greedy vs Random,708,22261621,0,Greedy,Random,north,commander_capture,37,True,False,0
Greedy vs Random,708,22261621,1,Random,Greedy,south,commander_capture,50,True,False,0
Greedy vs Random,709,22261622,0,Greedy,Random,south,commander_capture,80,True,False,0
Greedy vs Random,709,22261622,1,Random,Greedy,south,commander_capture,42,True,False,0
Greedy vs Random,710,22261623,0,Greedy,Random,north,commander_capture,23,True,False,0
Greedy vs Random,710,22261623,1,Random,Greedy,south,commander_capture,78,True,False,0
Greedy vs Random,711,22261624,0,Greedy,Random,north,commander_capture,47,True,False,0
Greedy vs Random,711,22261624,1,Random,Greedy,south,commander_capture,14,True,False,0
Greedy vs Random,712,22261625,0,Greedy,Random,north,commander_capture,65,True,False,0
Greedy vs Random,712,22261625,1,Random,Greedy,south,commander_capture,46,True,False,0
Greedy vs Random,713,22261626,0,Greedy,Random,north,commander_capture,41,True,False,0
Greedy vs Random,713,22261626,1,Random,Greedy,south,commander_capture,42,True,False,0
Greedy vs Random,714,22261627,0,Greedy,Random,north,commander_capture,49,True,False,0
Greedy vs Random,714,22261627,1,Random,Greedy,south,commander_capture,22,True,False,0
Greedy vs Random,715,22261628,0,Greedy,Random,north,commander_capture,43,True,False,0
Greedy vs Random,715,22261628,1,Random,Greedy,south,commander_capture,72,True,False,0
Greedy vs Random,716,22261629,0,Greedy,Random,north,commander_capture,27,True,False,0
Greedy vs Random,716,22261629,1,Random,Greedy,south,commander_capture,70,True,False,0
Greedy vs Random,717,22261630,0,Greedy,Random,north,commander_capture,27,True,False,0
Greedy vs Random,717,22261630,1,Random,Greedy,south,commander_capture,22,True,False,0
Greedy vs Random,718,22261631,0,Greedy,Random,north,commander_capture,53,True,False,0
Greedy vs Random,718,22261631,1,Random,Greedy,south,commander_capture,66,True,False,0
Greedy vs Random,719,22261632,0,Greedy,Random,north,commander_capture,41,True,False,0
Greedy vs Random,719,22261632,1,Random,Greedy,south,commander_capture,84,True,False,0
Greedy vs Random,720,22261633,0,Greedy,Random,north,commander_capture,21,True,False,0
Greedy vs Random,720,22261633,1,Random,Greedy,south,commander_capture,18,True,False,0
Greedy vs Random,721,22261634,0,Greedy,Random,north,commander_capture,29,True,False,0
Greedy vs Random,721,22261634,1,Random,Greedy,south,commander_capture,50,True,False,0
Greedy vs Random,722,22261635,0,Greedy,Random,north,commander_capture,29,True,False,0
Greedy vs Random,722,22261635,1,Random,Greedy,south,commander_capture,26,True,False,0
Greedy vs Random,723,22261636,0,Greedy,Random,north,commander_capture,39,True,False,0
Greedy vs Random,723,22261636,1,Random,Greedy,south,commander_capture,38,True,False,0
Greedy vs Random,724,22261637,0,Greedy,Random,north,commander_capture,45,True,False,0
Greedy vs Random,724,22261637,1,Random,Greedy,south,commander_capture,26,True,False,0
Greedy vs Random,725,22261638,0,Greedy,Random,north,commander_capture,35,True,False,0
Greedy vs Random,725,22261638,1,Random,Greedy,south,commander_capture,32,True,False,0
Greedy vs Random,726,22261639,0,Greedy,Random,north,commander_capture,51,True,False,0
Greedy vs Random,726,22261639,1,Random,Greedy,south,commander_capture,28,True,False,0
Greedy vs Random,727,22261640,0,Greedy,Random,north,commander_capture,55,True,False,0
Greedy vs Random,727,22261640,1,Random,Greedy,south,commander_capture,38,True,False,0
Greedy vs Random,728,22261641,0,Greedy,Random,south,commander_capture,54,True,False,0
Greedy vs Random,728,22261641,1,Random,Greedy,south,commander_capture,32,True,False,0
Greedy vs Random,729,22261642,0,Greedy,Random,north,commander_capture,61,True,False,0
Greedy vs Random,729,22261642,1,Random,Greedy,south,commander_capture,20,True,False,0
Greedy vs Random,730,22261643,0,Greedy,Random,north,commander_capture,91,True,False,0
Greedy vs Random,730,22261643,1,Random,Greedy,south,commander_capture,24,True,False,0
Greedy vs Random,731,22261644,0,Greedy,Random,north,commander_capture,61,True,False,0
Greedy vs Random,731,22261644,1,Random,Greedy,south,commander_capture,30,True,False,0
Greedy vs Random,732,22261645,0,Greedy,Random,south,commander_capture,30,True,False,0
Greedy vs Random,732,22261645,1,Random,Greedy,south,commander_capture,34,True,False,0
Greedy vs Random,733,22261646,0,Greedy,Random,north,commander_capture,37,True,False,0
Greedy vs Random,733,22261646,1,Random,Greedy,south,commander_capture,50,True,False,0
Greedy vs Random,734,22261647,0,Greedy,Random,north,commander_capture,15,True,False,0
Greedy vs Random,734,22261647,1,Random,Greedy,south,commander_capture,26,True,False,0
Greedy vs Random,735,22261648,0,Greedy,Random,north,commander_capture,37,True,False,0
Greedy vs Random,735,22261648,1,Random,Greedy,south,commander_capture,22,True,False,0
Greedy vs Random,736,22261649,0,Greedy,Random,north,commander_capture,83,True,False,0
Greedy vs Random,736,22261649,1,Random,Greedy,south,commander_capture,54,True,False,0
Greedy vs Random,737,22261650,0,Greedy,Random,north,commander_capture,39,True,False,0
Greedy vs Random,737,22261650,1,Random,Greedy,south,commander_capture,36,True,False,0
Greedy vs Random,738,22261651,0,Greedy,Random,north,commander_capture,35,True,False,0
Greedy vs Random,738,22261651,1,Random,Greedy,south,commander_capture,30,True,False,0
Greedy vs Random,739,22261652,0,Greedy,Random,north,commander_capture,27,True,False,0
Greedy vs Random,739,22261652,1,Random,Greedy,south,commander_capture,54,True,False,0
Greedy vs Random,740,22261653,0,Greedy,Random,north,commander_capture,39,True,False,0
Greedy vs Random,740,22261653,1,Random,Greedy,south,commander_capture,66,True,False,0
Greedy vs Random,741,22261654,0,Greedy,Random,north,commander_capture,55,True,False,0
Greedy vs Random,741,22261654,1,Random,Greedy,south,commander_capture,22,True,False,0
Greedy vs Random,742,22261655,0,Greedy,Random,north,commander_capture,21,True,False,0
Greedy vs Random,742,22261655,1,Random,Greedy,south,commander_capture,52,True,False,0
Greedy vs Random,743,22261656,0,Greedy,Random,north,commander_capture,77,True,False,0
Greedy vs Random,743,22261656,1,Random,Greedy,south,commander_capture,42,True,False,0
Greedy vs Random,744,22261657,0,Greedy,Random,north,commander_capture,75,True,False,0
Greedy vs Random,744,22261657,1,Random,Greedy,south,commander_capture,86,True,False,0
Greedy vs Random,745,22261658,0,Greedy,Random,north,commander_capture,31,True,False,0
Greedy vs Random,745,22261658,1,Random,Greedy,south,commander_capture,50,True,False,0
Greedy vs Random,746,22261659,0,Greedy,Random,north,commander_capture,35,True,False,0
Greedy vs Random,746,22261659,1,Random,Greedy,south,commander_capture,54,True,False,0
Greedy vs Random,747,22261660,0,Greedy,Random,north,commander_capture,21,True,False,0
Greedy vs Random,747,22261660,1,Random,Greedy,south,commander_capture,68,True,False,0
Greedy vs Random,748,22261661,0,Greedy,Random,north,commander_capture,67,True,False,0
Greedy vs Random,748,22261661,1,Random,Greedy,north,commander_capture,51,True,False,0
Greedy vs Random,749,22261662,0,Greedy,Random,north,commander_capture,21,True,False,0
Greedy vs Random,749,22261662,1,Random,Greedy,south,commander_capture,48,True,False,0
Greedy vs Random,750,22261663,0,Greedy,Random,north,commander_capture,47,True,False,0
Greedy vs Random,750,22261663,1,Random,Greedy,north,commander_capture,41,True,False,0
Greedy vs Random,751,22261664,0,Greedy,Random,north,commander_capture,35,True,False,0
Greedy vs Random,751,22261664,1,Random,Greedy,north,commander_capture,59,True,False,0
Greedy vs Random,752,22261665,0,Greedy,Random,north,commander_capture,69,True,False,0
Greedy vs Random,752,22261665,1,Random,Greedy,south,commander_capture,24,True,False,0
Greedy vs Random,753,22261666,0,Greedy,Random,north,commander_capture,69,True,False,0
Greedy vs Random,753,22261666,1,Random,Greedy,south,commander_capture,32,True,False,0
Greedy vs Random,754,22261667,0,Greedy,Random,north,commander_capture,33,True,False,0
Greedy vs Random,754,22261667,1,Random,Greedy,south,commander_capture,72,True,False,0
Greedy vs Random,755,22261668,0,Greedy,Random,north,commander_capture,43,True,False,0
Greedy vs Random,755,22261668,1,Random,Greedy,south,commander_capture,58,True,False,0
Greedy vs Random,756,22261669,0,Greedy,Random,north,commander_capture,55,True,False,0
Greedy vs Random,756,22261669,1,Random,Greedy,south,commander_capture,54,True,False,0
Greedy vs Random,757,22261670,0,Greedy,Random,north,commander_capture,77,True,False,0
Greedy vs Random,757,22261670,1,Random,Greedy,south,commander_capture,56,True,False,0
Greedy vs Random,758,22261671,0,Greedy,Random,north,commander_capture,53,True,False,0
Greedy vs Random,758,22261671,1,Random,Greedy,south,commander_capture,8,True,False,0
Greedy vs Random,759,22261672,0,Greedy,Random,north,commander_capture,57,True,False,0
Greedy vs Random,759,22261672,1,Random,Greedy,south,commander_capture,26,True,False,0
Greedy vs Random,760,22261673,0,Greedy,Random,north,commander_capture,37,True,False,0
Greedy vs Random,760,22261673,1,Random,Greedy,south,commander_capture,84,True,False,0
Greedy vs Random,761,22261674,0,Greedy,Random,north,commander_capture,31,True,False,0
Greedy vs Random,761,22261674,1,Random,Greedy,south,commander_capture,72,True,False,0
Greedy vs Random,762,22261675,0,Greedy,Random,north,commander_capture,59,True,False,0
Greedy vs Random,762,22261675,1,Random,Greedy,south,commander_capture,22,True,False,0
Greedy vs Random,763,22261676,0,Greedy,Random,north,commander_capture,49,True,False,0
Greedy vs Random,763,22261676,1,Random,Greedy,south,commander_capture,62,True,False,0
Greedy vs Random,764,22261677,0,Greedy,Random,north,commander_capture,57,True,False,0
Greedy vs Random,764,22261677,1,Random,Greedy,south,commander_capture,56,True,False,0
Greedy vs Random,765,22261678,0,Greedy,Random,north,commander_capture,61,True,False,0
Greedy vs Random,765,22261678,1,Random,Greedy,south,commander_capture,48,True,False,0
Greedy vs Random,766,22261679,0,Greedy,Random,north,commander_capture,81,True,False,0
Greedy vs Random,766,22261679,1,Random,Greedy,south,commander_capture,66,True,False,0
Greedy vs Random,767,22261680,0,Greedy,Random,north,commander_capture,75,True,False,0
Greedy vs Random,767,22261680,1,Random,Greedy,south,commander_capture,60,True,False,0
Greedy vs Random,768,22261681,0,Greedy,Random,north,commander_capture,55,True,False,0
Greedy vs Random,768,22261681,1,Random,Greedy,south,commander_capture,52,True,False,0
Greedy vs Random,769,22261682,0,Greedy,Random,north,commander_capture,73,True,False,0
Greedy vs Random,769,22261682,1,Random,Greedy,south,commander_capture,42,True,False,0
Greedy vs Random,770,22261683,0,Greedy,Random,north,commander_capture,31,True,False,0
Greedy vs Random,770,22261683,1,Random,Greedy,south,commander_capture,32,True,False,0
Greedy vs Random,771,22261684,0,Greedy,Random,north,commander_capture,69,True,False,0
Greedy vs Random,771,22261684,1,Random,Greedy,south,commander_capture,30,True,False,0
Greedy vs Random,772,22261685,0,Greedy,Random,north,commander_capture,23,True,False,0
Greedy vs Random,772,22261685,1,Random,Greedy,south,commander_capture,72,True,False,0
Greedy vs Random,773,22261686,0,Greedy,Random,north,commander_capture,25,True,False,0
Greedy vs Random,773,22261686,1,Random,Greedy,south,commander_capture,78,True,False,0
Greedy vs Random,774,22261687,0,Greedy,Random,north,commander_capture,25,True,False,0
Greedy vs Random,774,22261687,1,Random,Greedy,south,commander_capture,26,True,False,0
Greedy vs Random,775,22261688,0,Greedy,Random,north,commander_capture,27,True,False,0
Greedy vs Random,775,22261688,1,Random,Greedy,south,commander_capture,48,True,False,0
Greedy vs Random,776,22261689,0,Greedy,Random,north,commander_capture,31,True,False,0
Greedy vs Random,776,22261689,1,Random,Greedy,south,commander_capture,64,True,False,0
Greedy vs Random,777,22261690,0,Greedy,Random,north,commander_capture,69,True,False,0
Greedy vs Random,777,22261690,1,Random,Greedy,south,commander_capture,14,True,False,0
Greedy vs Random,778,22261691,0,Greedy,Random,north,commander_capture,23,True,False,0
Greedy vs Random,778,22261691,1,Random,Greedy,south,commander_capture,82,True,False,0
Greedy vs Random,779,22261692,0,Greedy,Random,north,commander_capture,33,True,False,0
Greedy vs Random,779,22261692,1,Random,Greedy,south,commander_capture,58,True,False,0
Greedy vs Random,780,22261693,0,Greedy,Random,north,commander_capture,27,True,False,0
Greedy vs Random,780,22261693,1,Random,Greedy,south,commander_capture,54,True,False,0
Greedy vs Random,781,22261694,0,Greedy,Random,north,commander_capture,13,True,False,0
Greedy vs Random,781,22261694,1,Random,Greedy,south,commander_capture,52,True,False,0
Greedy vs Random,782,22261695,0,Greedy,Random,south,commander_capture,16,True,False,0
Greedy vs Random,782,22261695,1,Random,Greedy,south,commander_capture,52,True,False,0
Greedy vs Random,783,22261696,0,Greedy,Random,north,commander_capture,45,True,False,0
Greedy vs Random,783,22261696,1,Random,Greedy,south,commander_capture,54,True,False,0
Greedy vs Random,784,22261697,0,Greedy,Random,north,commander_capture,43,True,False,0
Greedy vs Random,784,22261697,1,Random,Greedy,south,commander_capture,18,True,False,0
Greedy vs Random,785,22261698,0,Greedy,Random,north,commander_capture,43,True,False,0
Greedy vs Random,785,22261698,1,Random,Greedy,south,commander_capture,62,True,False,0
Greedy vs Random,786,22261699,0,Greedy,Random,north,commander_capture,33,True,False,0
Greedy vs Random,786,22261699,1,Random,Greedy,south,commander_capture,64,True,False,0
Greedy vs Random,787,22261700,0,Greedy,Random,north,commander_capture,51,True,False,0
Greedy vs Random,787,22261700,1,Random,Greedy,south,commander_capture,50,True,False,0
Greedy vs Random,788,22261701,0,Greedy,Random,north,commander_capture,39,True,False,0
Greedy vs Random,788,22261701,1,Random,Greedy,south,commander_capture,44,True,False,0
Greedy vs Random,789,22261702,0,Greedy,Random,north,commander_capture,41,True,False,0
Greedy vs Random,789,22261702,1,Random,Greedy,south,commander_capture,50,True,False,0
Greedy vs Random,790,22261703,0,Greedy,Random,north,commander_capture,53,True,False,0
Greedy vs Random,790,22261703,1,Random,Greedy,south,commander_capture,80,True,False,0
Greedy vs Random,791,22261704,0,Greedy,Random,north,commander_capture,51,True,False,0
Greedy vs Random,791,22261704,1,Random,Greedy,south,commander_capture,86,True,False,0
Greedy vs Random,792,22261705,0,Greedy,Random,north,commander_capture,33,True,False,0
Greedy vs Random,792,22261705,1,Random,Greedy,south,commander_capture,40,True,False,0
Greedy vs Random,793,22261706,0,Greedy,Random,north,commander_capture,21,True,False,0
Greedy vs Random,793,22261706,1,Random,Greedy,south,commander_capture,74,True,False,0
Greedy vs Random,794,22261707,0,Greedy,Random,north,commander_capture,33,True,False,0
Greedy vs Random,794,22261707,1,Random,Greedy,south,commander_capture,52,True,False,0
Greedy vs Random,795,22261708,0,Greedy,Random,north,commander_capture,29,True,False,0
Greedy vs Random,795,22261708,1,Random,Greedy,south,commander_capture,34,True,False,0
Greedy vs Random,796,22261709,0,Greedy,Random,north,commander_capture,55,True,False,0
Greedy vs Random,796,22261709,1,Random,Greedy,south,commander_capture,64,True,False,0
Greedy vs Random,797,22261710,0,Greedy,Random,north,commander_capture,55,True,False,0
Greedy vs Random,797,22261710,1,Random,Greedy,north,commander_capture,69,True,False,0
Greedy vs Random,798,22261711,0,Greedy,Random,north,commander_capture,91,True,False,0
Greedy vs Random,798,22261711,1,Random,Greedy,south,commander_capture,62,True,False,0
Greedy vs Random,799,22261712,0,Greedy,Random,north,commander_capture,33,True,False,0
Greedy vs Random,799,22261712,1,Random,Greedy,south,commander_capture,42,True,False,0
Greedy vs Random,800,22261713,0,Greedy,Random,north,commander_capture,21,True,False,0
Greedy vs Random,800,22261713,1,Random,Greedy,south,commander_capture,38,True,False,0
Greedy vs Random,801,22261714,0,Greedy,Random,north,commander_capture,61,True,False,0
Greedy vs Random,801,22261714,1,Random,Greedy,south,commander_capture,40,True,False,0
Greedy vs Random,802,22261715,0,Greedy,Random,north,commander_capture,19,True,False,0
Greedy vs Random,802,22261715,1,Random,Greedy,south,commander_capture,46,True,False,0
Greedy vs Random,803,22261716,0,Greedy,Random,north,commander_capture,49,True,False,0
Greedy vs Random,803,22261716,1,Random,Greedy,south,commander_capture,24,True,False,0
Greedy vs Random,804,22261717,0,Greedy,Random,north,commander_capture,37,True,False,0
Greedy vs Random,804,22261717,1,Random,Greedy,south,commander_capture,34,True,False,0
Greedy vs Random,805,22261718,0,Greedy,Random,north,commander_capture,43,True,False,0
Greedy vs Random,805,22261718,1,Random,Greedy,south,commander_capture,84,True,False,0
Greedy vs Random,806,22261719,0,Greedy,Random,north,commander_capture,37,True,False,0
Greedy vs Random,806,22261719,1,Random,Greedy,south,commander_capture,14,True,False,0
Greedy vs Random,807,22261720,0,Greedy,Random,north,commander_capture,51,True,False,0
Greedy vs Random,807,22261720,1,Random,Greedy,south,commander_capture,42,True,False,0
Greedy vs Random,808,22261721,0,Greedy,Random,north,commander_capture,35,True,False,0
Greedy vs Random,808,22261721,1,Random,Greedy,south,commander_capture,44,True,False,0
Greedy vs Random,809,22261722,0,Greedy,Random,north,commander_capture,35,True,False,0
Greedy vs Random,809,22261722,1,Random,Greedy,south,commander_capture,16,True,False,0
Greedy vs Random,810,22261723,0,Greedy,Random,north,commander_capture,45,True,False,0
Greedy vs Random,810,22261723,1,Random,Greedy,south,commander_capture,56,True,False,0
Greedy vs Random,811,22261724,0,Greedy,Random,north,commander_capture,41,True,False,0
Greedy vs Random,811,22261724,1,Random,Greedy,south,commander_capture,62,True,False,0
Greedy vs Random,812,22261725,0,Greedy,Random,north,commander_capture,35,True,False,0
Greedy vs Random,812,22261725,1,Random,Greedy,south,commander_capture,44,True,False,0
Greedy vs Random,813,22261726,0,Greedy,Random,north,commander_capture,47,True,False,0
Greedy vs Random,813,22261726,1,Random,Greedy,south,commander_capture,36,True,False,0
Greedy vs Random,814,22261727,0,Greedy,Random,north,commander_capture,39,True,False,0
Greedy vs Random,814,22261727,1,Random,Greedy,south,commander_capture,40,True,False,0
Greedy vs Random,815,22261728,0,Greedy,Random,north,commander_capture,15,True,False,0
Greedy vs Random,815,22261728,1,Random,Greedy,south,commander_capture,32,True,False,0
Greedy vs Random,816,22261729,0,Greedy,Random,north,commander_capture,17,True,False,0
Greedy vs Random,816,22261729,1,Random,Greedy,south,commander_capture,50,True,False,0
Greedy vs Random,817,22261730,0,Greedy,Random,north,commander_capture,25,True,False,0
Greedy vs Random,817,22261730,1,Random,Greedy,south,commander_capture,62,True,False,0
Greedy vs Random,818,22261731,0,Greedy,Random,north,commander_capture,45,True,False,0
Greedy vs Random,818,22261731,1,Random,Greedy,south,commander_capture,16,True,False,0
Greedy vs Random,819,22261732,0,Greedy,Random,north,commander_capture,51,True,False,0
Greedy vs Random,819,22261732,1,Random,Greedy,south,commander_capture,54,True,False,0
Greedy vs Random,820,22261733,0,Greedy,Random,north,commander_capture,41,True,False,0
Greedy vs Random,820,22261733,1,Random,Greedy,south,commander_capture,50,True,False,0
Greedy vs Random,821,22261734,0,Greedy,Random,north,commander_capture,31,True,False,0
Greedy vs Random,821,22261734,1,Random,Greedy,south,commander_capture,32,True,False,0
Greedy vs Random,822,22261735,0,Greedy,Random,north,commander_capture,27,True,False,0
Greedy vs Random,822,22261735,1,Random,Greedy,south,commander_capture,38,True,False,0
Greedy vs Random,823,22261736,0,Greedy,Random,north,commander_capture,43,True,False,0
Greedy vs Random,823,22261736,1,Random,Greedy,south,commander_capture,48,True,False,0
Greedy vs Random,824,22261737,0,Greedy,Random,north,commander_capture,53,True,False,0
Greedy vs Random,824,22261737,1,Random,Greedy,south,commander_capture,52,True,False,0
Greedy vs Random,825,22261738,0,Greedy,Random,north,commander_capture,63,True,False,0
Greedy vs Random,825,22261738,1,Random,Greedy,south,commander_capture,54,True,False,0
Greedy vs Random,826,22261739,0,Greedy,Random,north,commander_capture,43,True,False,0
Greedy vs Random,826,22261739,1,Random,Greedy,south,commander_capture,50,True,False,0
Greedy vs Random,827,22261740,0,Greedy,Random,north,commander_capture,61,True,False,0
Greedy vs Random,827,22261740,1,Random,Greedy,south,commander_capture,74,True,False,0
Greedy vs Random,828,22261741,0,Greedy,Random,north,commander_capture,61,True,False,0
Greedy vs Random,828,22261741,1,Random,Greedy,south,commander_capture,34,True,False,0
Greedy vs Random,829,22261742,0,Greedy,Random,north,commander_capture,73,True,False,0
Greedy vs Random,829,22261742,1,Random,Greedy,south,commander_capture,60,True,False,0
Greedy vs Random,830,22261743,0,Greedy,Random,north,commander_capture,45,True,False,0
Greedy vs Random,830,22261743,1,Random,Greedy,south,commander_capture,44,True,False,0
Greedy vs Random,831,22261744,0,Greedy,Random,north,commander_capture,41,True,False,0
Greedy vs Random,831,22261744,1,Random,Greedy,south,commander_capture,54,True,False,0
Greedy vs Random,832,22261745,0,Greedy,Random,north,commander_capture,35,True,False,0
Greedy vs Random,832,22261745,1,Random,Greedy,south,commander_capture,28,True,False,0
Greedy vs Random,833,22261746,0,Greedy,Random,north,commander_capture,15,True,False,0
Greedy vs Random,833,22261746,1,Random,Greedy,south,commander_capture,54,True,False,0
Greedy vs Random,834,22261747,0,Greedy,Random,north,commander_capture,49,True,False,0
Greedy vs Random,834,22261747,1,Random,Greedy,south,commander_capture,36,True,False,0
Greedy vs Random,835,22261748,0,Greedy,Random,north,commander_capture,85,True,False,0
Greedy vs Random,835,22261748,1,Random,Greedy,south,commander_capture,72,True,False,0
Greedy vs Random,836,22261749,0,Greedy,Random,north,commander_capture,45,True,False,0
Greedy vs Random,836,22261749,1,Random,Greedy,south,commander_capture,68,True,False,0
Greedy vs Random,837,22261750,0,Greedy,Random,north,commander_capture,29,True,False,0
Greedy vs Random,837,22261750,1,Random,Greedy,south,commander_capture,76,True,False,0
Greedy vs Random,838,22261751,0,Greedy,Random,north,commander_capture,13,True,False,0
Greedy vs Random,838,22261751,1,Random,Greedy,south,commander_capture,36,True,False,0
Greedy vs Random,839,22261752,0,Greedy,Random,north,commander_capture,21,True,False,0
Greedy vs Random,839,22261752,1,Random,Greedy,south,commander_capture,26,True,False,0
Greedy vs Random,840,22261753,0,Greedy,Random,north,commander_capture,35,True,False,0
Greedy vs Random,840,22261753,1,Random,Greedy,south,commander_capture,32,True,False,0
Greedy vs Random,841,22261754,0,Greedy,Random,north,commander_capture,39,True,False,0
Greedy vs Random,841,22261754,1,Random,Greedy,south,commander_capture,22,True,False,0
Greedy vs Random,842,22261755,0,Greedy,Random,north,commander_capture,39,True,False,0
Greedy vs Random,842,22261755,1,Random,Greedy,south,commander_capture,56,True,False,0
Greedy vs Random,843,22261756,0,Greedy,Random,north,commander_capture,51,True,False,0
Greedy vs Random,843,22261756,1,Random,Greedy,south,commander_capture,42,True,False,0
Greedy vs Random,844,22261757,0,Greedy,Random,north,commander_capture,63,True,False,0
Greedy vs Random,844,22261757,1,Random,Greedy,south,commander_capture,18,True,False,0
Greedy vs Random,845,22261758,0,Greedy,Random,north,commander_capture,53,True,False,0
Greedy vs Random,845,22261758,1,Random,Greedy,south,commander_capture,30,True,False,0
Greedy vs Random,846,22261759,0,Greedy,Random,north,commander_capture,33,True,False,0
Greedy vs Random,846,22261759,1,Random,Greedy,south,commander_capture,38,True,False,0
Greedy vs Random,847,22261760,0,Greedy,Random,north,commander_capture,19,True,False,0
Greedy vs Random,847,22261760,1,Random,Greedy,south,commander_capture,66,True,False,0
Greedy vs Random,848,22261761,0,Greedy,Random,north,commander_capture,57,True,False,0
Greedy vs Random,848,22261761,1,Random,Greedy,south,commander_capture,32,True,False,0
Greedy vs Random,849,22261762,0,Greedy,Random,north,commander_capture,97,True,False,0
Greedy vs Random,849,22261762,1,Random,Greedy,south,commander_capture,18,True,False,0
Greedy vs Random,850,22261763,0,Greedy,Random,north,commander_capture,49,True,False,0
Greedy vs Random,850,22261763,1,Random,Greedy,south,commander_capture,68,True,False,0
Greedy vs Random,851,22261764,0,Greedy,Random,north,commander_capture,57,True,False,0
Greedy vs Random,851,22261764,1,Random,Greedy,south,commander_capture,20,True,False,0
Greedy vs Random,852,22261765,0,Greedy,Random,north,commander_capture,21,True,False,0
Greedy vs Random,852,22261765,1,Random,Greedy,south,commander_capture,10,True,False,0
Greedy vs Random,853,22261766,0,Greedy,Random,north,commander_capture,23,True,False,0
Greedy vs Random,853,22261766,1,Random,Greedy,south,commander_capture,38,True,False,0
Greedy vs Random,854,22261767,0,Greedy,Random,north,commander_capture,49,True,False,0
Greedy vs Random,854,22261767,1,Random,Greedy,south,commander_capture,18,True,False,0
Greedy vs Random,855,22261768,0,Greedy,Random,north,commander_capture,27,True,False,0
Greedy vs Random,855,22261768,1,Random,Greedy,south,commander_capture,60,True,False,0
Greedy vs Random,856,22261769,0,Greedy,Random,north,commander_capture,77,True,False,0
Greedy vs Random,856,22261769,1,Random,Greedy,south,commander_capture,56,True,False,0
Greedy vs Random,857,22261770,0,Greedy,Random,north,commander_capture,53,True,False,0
Greedy vs Random,857,22261770,1,Random,Greedy,south,commander_capture,60,True,False,0
Greedy vs Random,858,22261771,0,Greedy,Random,north,commander_capture,35,True,False,0
Greedy vs Random,858,22261771,1,Random,Greedy,south,commander_capture,48,True,False,0
Greedy vs Random,859,22261772,0,Greedy,Random,south,commander_capture,40,True,False,0
Greedy vs Random,859,22261772,1,Random,Greedy,south,commander_capture,52,True,False,0
Greedy vs Random,860,22261773,0,Greedy,Random,north,commander_capture,39,True,False,0
Greedy vs Random,860,22261773,1,Random,Greedy,south,commander_capture,50,True,False,0
Greedy vs Random,861,22261774,0,Greedy,Random,north,commander_capture,39,True,False,0
Greedy vs Random,861,22261774,1,Random,Greedy,south,commander_capture,106,True,False,0
Greedy vs Random,862,22261775,0,Greedy,Random,north,commander_capture,15,True,False,0
Greedy vs Random,862,22261775,1,Random,Greedy,south,commander_capture,60,True,False,0
Greedy vs Random,863,22261776,0,Greedy,Random,north,commander_capture,41,True,False,0
Greedy vs Random,863,22261776,1,Random,Greedy,south,commander_capture,34,True,False,0
Greedy vs Random,864,22261777,0,Greedy,Random,north,commander_capture,67,True,False,0
Greedy vs Random,864,22261777,1,Random,Greedy,south,commander_capture,82,True,False,0
Greedy vs Random,865,22261778,0,Greedy,Random,north,commander_capture,61,True,False,0
Greedy vs Random,865,22261778,1,Random,Greedy,south,commander_capture,50,True,False,0
Greedy vs Random,866,22261779,0,Greedy,Random,north,commander_capture,25,True,False,0
Greedy vs Random,866,22261779,1,Random,Greedy,south,commander_capture,60,True,False,0
Greedy vs Random,867,22261780,0,Greedy,Random,north,commander_capture,53,True,False,0
Greedy vs Random,867,22261780,1,Random,Greedy,south,commander_capture,34,True,False,0
Greedy vs Random,868,22261781,0,Greedy,Random,north,commander_capture,69,True,False,0
Greedy vs Random,868,22261781,1,Random,Greedy,south,commander_capture,22,True,False,0
Greedy vs Random,869,22261782,0,Greedy,Random,north,commander_capture,51,True,False,0
Greedy vs Random,869,22261782,1,Random,Greedy,south,commander_capture,46,True,False,0
Greedy vs Random,870,22261783,0,Greedy,Random,north,commander_capture,45,True,False,0
Greedy vs Random,870,22261783,1,Random,Greedy,north,commander_capture,73,True,False,0
Greedy vs Random,871,22261784,0,Greedy,Random,north,commander_capture,29,True,False,0
Greedy vs Random,871,22261784,1,Random,Greedy,south,commander_capture,58,True,False,0
Greedy vs Random,872,22261785,0,Greedy,Random,north,commander_capture,15,True,False,0
Greedy vs Random,872,22261785,1,Random,Greedy,south,commander_capture,98,True,False,0
Greedy vs Random,873,22261786,0,Greedy,Random,north,commander_capture,61,True,False,0
Greedy vs Random,873,22261786,1,Random,Greedy,south,commander_capture,44,True,False,0
Greedy vs Random,874,22261787,0,Greedy,Random,north,commander_capture,57,True,False,0
Greedy vs Random,874,22261787,1,Random,Greedy,south,commander_capture,40,True,False,0
Greedy vs Random,875,22261788,0,Greedy,Random,north,commander_capture,31,True,False,0
Greedy vs Random,875,22261788,1,Random,Greedy,south,commander_capture,80,True,False,0
Greedy vs Random,876,22261789,0,Greedy,Random,north,commander_capture,43,True,False,0
Greedy vs Random,876,22261789,1,Random,Greedy,south,commander_capture,22,True,False,0
Greedy vs Random,877,22261790,0,Greedy,Random,north,commander_capture,35,True,False,0
Greedy vs Random,877,22261790,1,Random,Greedy,south,commander_capture,50,True,False,0
Greedy vs Random,878,22261791,0,Greedy,Random,north,commander_capture,13,True,False,0
Greedy vs Random,878,22261791,1,Random,Greedy,south,commander_capture,44,True,False,0
Greedy vs Random,879,22261792,0,Greedy,Random,north,commander_capture,69,True,False,0
Greedy vs Random,879,22261792,1,Random,Greedy,south,commander_capture,34,True,False,0
Greedy vs Random,880,22261793,0,Greedy,Random,north,commander_capture,37,True,False,0
Greedy vs Random,880,22261793,1,Random,Greedy,south,commander_capture,48,True,False,0
Greedy vs Random,881,22261794,0,Greedy,Random,north,commander_capture,65,True,False,0
Greedy vs Random,881,22261794,1,Random,Greedy,south,commander_capture,40,True,False,0
Greedy vs Random,882,22261795,0,Greedy,Random,north,commander_capture,43,True,False,0
Greedy vs Random,882,22261795,1,Random,Greedy,south,commander_capture,58,True,False,0
Greedy vs Random,883,22261796,0,Greedy,Random,north,commander_capture,75,True,False,0
Greedy vs Random,883,22261796,1,Random,Greedy,south,commander_capture,80,True,False,0
Greedy vs Random,884,22261797,0,Greedy,Random,north,commander_capture,43,True,False,0
Greedy vs Random,884,22261797,1,Random,Greedy,south,commander_capture,76,True,False,0
Greedy vs Random,885,22261798,0,Greedy,Random,north,commander_capture,47,True,False,0
Greedy vs Random,885,22261798,1,Random,Greedy,south,commander_capture,34,True,False,0
Greedy vs Random,886,22261799,0,Greedy,Random,north,commander_capture,71,True,False,0
Greedy vs Random,886,22261799,1,Random,Greedy,south,commander_capture,36,True,False,0
Greedy vs Random,887,22261800,0,Greedy,Random,north,commander_capture,19,True,False,0
Greedy vs Random,887,22261800,1,Random,Greedy,south,commander_capture,44,True,False,0
Greedy vs Random,888,22261801,0,Greedy,Random,north,commander_capture,21,True,False,0
Greedy vs Random,888,22261801,1,Random,Greedy,south,commander_capture,22,True,False,0
Greedy vs Random,889,22261802,0,Greedy,Random,north,commander_capture,83,True,False,0
Greedy vs Random,889,22261802,1,Random,Greedy,south,commander_capture,48,True,False,0
Greedy vs Random,890,22261803,0,Greedy,Random,north,commander_capture,33,True,False,0
Greedy vs Random,890,22261803,1,Random,Greedy,south,commander_capture,64,True,False,0
Greedy vs Random,891,22261804,0,Greedy,Random,north,commander_capture,93,True,False,0
Greedy vs Random,891,22261804,1,Random,Greedy,south,commander_capture,68,True,False,0
Greedy vs Random,892,22261805,0,Greedy,Random,north,commander_capture,75,True,False,0
Greedy vs Random,892,22261805,1,Random,Greedy,south,commander_capture,58,True,False,0
Greedy vs Random,893,22261806,0,Greedy,Random,north,commander_capture,69,True,False,0
Greedy vs Random,893,22261806,1,Random,Greedy,south,commander_capture,16,True,False,0
Greedy vs Random,894,22261807,0,Greedy,Random,north,commander_capture,47,True,False,0
Greedy vs Random,894,22261807,1,Random,Greedy,south,commander_capture,78,True,False,0
Greedy vs Random,895,22261808,0,Greedy,Random,north,commander_capture,39,True,False,0
Greedy vs Random,895,22261808,1,Random,Greedy,south,commander_capture,30,True,False,0
Greedy vs Random,896,22261809,0,Greedy,Random,north,commander_capture,43,True,False,0
Greedy vs Random,896,22261809,1,Random,Greedy,south,commander_capture,76,True,False,0
Greedy vs Random,897,22261810,0,Greedy,Random,north,commander_capture,59,True,False,0
Greedy vs Random,897,22261810,1,Random,Greedy,south,commander_capture,74,True,False,0
Greedy vs Random,898,22261811,0,Greedy,Random,north,commander_capture,61,True,False,0
Greedy vs Random,898,22261811,1,Random,Greedy,south,commander_capture,58,True,False,0
Greedy vs Random,899,22261812,0,Greedy,Random,north,commander_capture,41,True,False,0
Greedy vs Random,899,22261812,1,Random,Greedy,south,commander_capture,42,True,False,0
Greedy vs Random,900,22261813,0,Greedy,Random,north,commander_capture,49,True,False,0
Greedy vs Random,900,22261813,1,Random,Greedy,south,commander_capture,80,True,False,0
Greedy vs Random,901,22261814,0,Greedy,Random,north,commander_capture,35,True,False,0
Greedy vs Random,901,22261814,1,Random,Greedy,south,commander_capture,20,True,False,0
Greedy vs Random,902,22261815,0,Greedy,Random,north,commander_capture,41,True,False,0
Greedy vs Random,902,22261815,1,Random,Greedy,south,commander_capture,24,True,False,0
Greedy vs Random,903,22261816,0,Greedy,Random,north,commander_capture,41,True,False,0
Greedy vs Random,903,22261816,1,Random,Greedy,south,commander_capture,30,True,False,0
Greedy vs Random,904,22261817,0,Greedy,Random,north,commander_capture,77,True,False,0
Greedy vs Random,904,22261817,1,Random,Greedy,south,commander_capture,20,True,False,0
Greedy vs Random,905,22261818,0,Greedy,Random,north,commander_capture,41,True,False,0
Greedy vs Random,905,22261818,1,Random,Greedy,south,commander_capture,64,True,False,0
Greedy vs Random,906,22261819,0,Greedy,Random,north,commander_capture,29,True,False,0
Greedy vs Random,906,22261819,1,Random,Greedy,south,commander_capture,16,True,False,0
Greedy vs Random,907,22261820,0,Greedy,Random,north,commander_capture,51,True,False,0
Greedy vs Random,907,22261820,1,Random,Greedy,south,commander_capture,28,True,False,0
Greedy vs Random,908,22261821,0,Greedy,Random,north,commander_capture,67,True,False,0
Greedy vs Random,908,22261821,1,Random,Greedy,south,commander_capture,42,True,False,0
Greedy vs Random,909,22261822,0,Greedy,Random,north,commander_capture,67,True,False,0
Greedy vs Random,909,22261822,1,Random,Greedy,south,commander_capture,52,True,False,0
Greedy vs Random,910,22261823,0,Greedy,Random,north,commander_capture,41,True,False,0
Greedy vs Random,910,22261823,1,Random,Greedy,south,commander_capture,64,True,False,0
Greedy vs Random,911,22261824,0,Greedy,Random,north,commander_capture,35,True,False,0
Greedy vs Random,911,22261824,1,Random,Greedy,south,commander_capture,74,True,False,0
Greedy vs Random,912,22261825,0,Greedy,Random,north,commander_capture,43,True,False,0
Greedy vs Random,912,22261825,1,Random,Greedy,south,commander_capture,32,True,False,0
Greedy vs Random,913,22261826,0,Greedy,Random,north,commander_capture,67,True,False,0
Greedy vs Random,913,22261826,1,Random,Greedy,south,commander_capture,18,True,False,0
Greedy vs Random,914,22261827,0,Greedy,Random,north,commander_capture,55,True,False,0
Greedy vs Random,914,22261827,1,Random,Greedy,south,commander_capture,64,True,False,0
Greedy vs Random,915,22261828,0,Greedy,Random,north,commander_capture,15,True,False,0
Greedy vs Random,915,22261828,1,Random,Greedy,south,commander_capture,22,True,False,0
Greedy vs Random,916,22261829,0,Greedy,Random,north,commander_capture,57,True,False,0
Greedy vs Random,916,22261829,1,Random,Greedy,south,commander_capture,24,True,False,0
Greedy vs Random,917,22261830,0,Greedy,Random,north,commander_capture,67,True,False,0
Greedy vs Random,917,22261830,1,Random,Greedy,south,commander_capture,32,True,False,0
Greedy vs Random,918,22261831,0,Greedy,Random,north,commander_capture,31,True,False,0
Greedy vs Random,918,22261831,1,Random,Greedy,south,commander_capture,34,True,False,0
Greedy vs Random,919,22261832,0,Greedy,Random,north,commander_capture,25,True,False,0
Greedy vs Random,919,22261832,1,Random,Greedy,south,commander_capture,32,True,False,0
Greedy vs Random,920,22261833,0,Greedy,Random,south,commander_capture,32,True,False,0
Greedy vs Random,920,22261833,1,Random,Greedy,south,commander_capture,50,True,False,0
Greedy vs Random,921,22261834,0,Greedy,Random,north,commander_capture,43,True,False,0
Greedy vs Random,921,22261834,1,Random,Greedy,south,commander_capture,66,True,False,0
Greedy vs Random,922,22261835,0,Greedy,Random,north,commander_capture,37,True,False,0
Greedy vs Random,922,22261835,1,Random,Greedy,south,commander_capture,64,True,False,0
Greedy vs Random,923,22261836,0,Greedy,Random,north,commander_capture,25,True,False,0
Greedy vs Random,923,22261836,1,Random,Greedy,south,commander_capture,28,True,False,0
Greedy vs Random,924,22261837,0,Greedy,Random,north,commander_capture,95,True,False,0
Greedy vs Random,924,22261837,1,Random,Greedy,south,commander_capture,68,True,False,0
Greedy vs Random,925,22261838,0,Greedy,Random,south,commander_capture,30,True,False,0
Greedy vs Random,925,22261838,1,Random,Greedy,south,commander_capture,30,True,False,0
Greedy vs Random,926,22261839,0,Greedy,Random,north,commander_capture,23,True,False,0
Greedy vs Random,926,22261839,1,Random,Greedy,south,commander_capture,20,True,False,0
Greedy vs Random,927,22261840,0,Greedy,Random,north,commander_capture,35,True,False,0
Greedy vs Random,927,22261840,1,Random,Greedy,south,commander_capture,36,True,False,0
Greedy vs Random,928,22261841,0,Greedy,Random,north,commander_capture,35,True,False,0
Greedy vs Random,928,22261841,1,Random,Greedy,south,commander_capture,22,True,False,0
Greedy vs Random,929,22261842,0,Greedy,Random,north,commander_capture,57,True,False,0
Greedy vs Random,929,22261842,1,Random,Greedy,south,commander_capture,40,True,False,0
Greedy vs Random,930,22261843,0,Greedy,Random,north,commander_capture,65,True,False,0
Greedy vs Random,930,22261843,1,Random,Greedy,south,commander_capture,68,True,False,0
Greedy vs Random,931,22261844,0,Greedy,Random,north,commander_capture,39,True,False,0
Greedy vs Random,931,22261844,1,Random,Greedy,south,commander_capture,88,True,False,0
Greedy vs Random,932,22261845,0,Greedy,Random,north,commander_capture,13,True,False,0
Greedy vs Random,932,22261845,1,Random,Greedy,south,commander_capture,56,True,False,0
Greedy vs Random,933,22261846,0,Greedy,Random,north,commander_capture,29,True,False,0
Greedy vs Random,933,22261846,1,Random,Greedy,south,commander_capture,70,True,False,0
Greedy vs Random,934,22261847,0,Greedy,Random,north,commander_capture,75,True,False,0
Greedy vs Random,934,22261847,1,Random,Greedy,south,commander_capture,44,True,False,0
Greedy vs Random,935,22261848,0,Greedy,Random,north,commander_capture,49,True,False,0
Greedy vs Random,935,22261848,1,Random,Greedy,south,commander_capture,46,True,False,0
Greedy vs Random,936,22261849,0,Greedy,Random,north,commander_capture,53,True,False,0
Greedy vs Random,936,22261849,1,Random,Greedy,south,commander_capture,42,True,False,0
Greedy vs Random,937,22261850,0,Greedy,Random,north,commander_capture,43,True,False,0
Greedy vs Random,937,22261850,1,Random,Greedy,south,commander_capture,72,True,False,0
Greedy vs Random,938,22261851,0,Greedy,Random,north,commander_capture,23,True,False,0
Greedy vs Random,938,22261851,1,Random,Greedy,south,commander_capture,48,True,False,0
Greedy vs Random,939,22261852,0,Greedy,Random,north,commander_capture,29,True,False,0
Greedy vs Random,939,22261852,1,Random,Greedy,north,commander_capture,51,True,False,0
Greedy vs Random,940,22261853,0,Greedy,Random,north,commander_capture,47,True,False,0
Greedy vs Random,940,22261853,1,Random,Greedy,south,commander_capture,70,True,False,0
Greedy vs Random,941,22261854,0,Greedy,Random,north,commander_capture,63,True,False,0
Greedy vs Random,941,22261854,1,Random,Greedy,south,commander_capture,30,True,False,0
Greedy vs Random,942,22261855,0,Greedy,Random,north,commander_capture,17,True,False,0
Greedy vs Random,942,22261855,1,Random,Greedy,south,commander_capture,36,True,False,0
Greedy vs Random,943,22261856,0,Greedy,Random,north,commander_capture,39,True,False,0
Greedy vs Random,943,22261856,1,Random,Greedy,south,commander_capture,34,True,False,0
Greedy vs Random,944,22261857,0,Greedy,Random,north,commander_capture,39,True,False,0
Greedy vs Random,944,22261857,1,Random,Greedy,south,commander_capture,16,True,False,0
Greedy vs Random,945,22261858,0,Greedy,Random,north,commander_capture,33,True,False,0
Greedy vs Random,945,22261858,1,Random,Greedy,south,commander_capture,68,True,False,0
Greedy vs Random,946,22261859,0,Greedy,Random,north,commander_capture,27,True,False,0
Greedy vs Random,946,22261859,1,Random,Greedy,south,commander_capture,72,True,False,0
Greedy vs Random,947,22261860,0,Greedy,Random,north,commander_capture,31,True,False,0
Greedy vs Random,947,22261860,1,Random,Greedy,south,commander_capture,14,True,False,0
Greedy vs Random,948,22261861,0,Greedy,Random,north,commander_capture,35,True,False,0
Greedy vs Random,948,22261861,1,Random,Greedy,south,commander_capture,50,True,False,0
Greedy vs Random,949,22261862,0,Greedy,Random,north,commander_capture,31,True,False,0
Greedy vs Random,949,22261862,1,Random,Greedy,south,commander_capture,50,True,False,0
Greedy vs Random,950,22261863,0,Greedy,Random,north,commander_capture,21,True,False,0
Greedy vs Random,950,22261863,1,Random,Greedy,south,commander_capture,34,True,False,0
Greedy vs Random,951,22261864,0,Greedy,Random,north,commander_capture,11,True,False,0
Greedy vs Random,951,22261864,1,Random,Greedy,south,commander_capture,64,True,False,0
Greedy vs Random,952,22261865,0,Greedy,Random,north,commander_capture,65,True,False,0
Greedy vs Random,952,22261865,1,Random,Greedy,south,commander_capture,60,True,False,0
Greedy vs Random,953,22261866,0,Greedy,Random,north,commander_capture,17,True,False,0
Greedy vs Random,953,22261866,1,Random,Greedy,south,commander_capture,36,True,False,0
Greedy vs Random,954,22261867,0,Greedy,Random,north,commander_capture,39,True,False,0
Greedy vs Random,954,22261867,1,Random,Greedy,south,commander_capture,32,True,False,0
Greedy vs Random,955,22261868,0,Greedy,Random,north,commander_capture,17,True,False,0
Greedy vs Random,955,22261868,1,Random,Greedy,south,commander_capture,26,True,False,0
Greedy vs Random,956,22261869,0,Greedy,Random,north,commander_capture,55,True,False,0
Greedy vs Random,956,22261869,1,Random,Greedy,south,commander_capture,60,True,False,0
Greedy vs Random,957,22261870,0,Greedy,Random,north,commander_capture,43,True,False,0
Greedy vs Random,957,22261870,1,Random,Greedy,south,commander_capture,20,True,False,0
Greedy vs Random,958,22261871,0,Greedy,Random,north,commander_capture,53,True,False,0
Greedy vs Random,958,22261871,1,Random,Greedy,south,commander_capture,32,True,False,0
Greedy vs Random,959,22261872,0,Greedy,Random,north,commander_capture,27,True,False,0
Greedy vs Random,959,22261872,1,Random,Greedy,south,commander_capture,62,True,False,0
Greedy vs Random,960,22261873,0,Greedy,Random,north,commander_capture,27,True,False,0
Greedy vs Random,960,22261873,1,Random,Greedy,south,commander_capture,30,True,False,0
Greedy vs Random,961,22261874,0,Greedy,Random,north,commander_capture,75,True,False,0
Greedy vs Random,961,22261874,1,Random,Greedy,south,commander_capture,54,True,False,0
Greedy vs Random,962,22261875,0,Greedy,Random,north,commander_capture,11,True,False,0
Greedy vs Random,962,22261875,1,Random,Greedy,south,commander_capture,54,True,False,0
Greedy vs Random,963,22261876,0,Greedy,Random,north,commander_capture,41,True,False,0
Greedy vs Random,963,22261876,1,Random,Greedy,south,commander_capture,40,True,False,0
Greedy vs Random,964,22261877,0,Greedy,Random,north,commander_capture,19,True,False,0
Greedy vs Random,964,22261877,1,Random,Greedy,south,commander_capture,50,True,False,0
Greedy vs Random,965,22261878,0,Greedy,Random,north,commander_capture,51,True,False,0
Greedy vs Random,965,22261878,1,Random,Greedy,south,commander_capture,36,True,False,0
Greedy vs Random,966,22261879,0,Greedy,Random,north,commander_capture,51,True,False,0
Greedy vs Random,966,22261879,1,Random,Greedy,south,commander_capture,14,True,False,0
Greedy vs Random,967,22261880,0,Greedy,Random,north,commander_capture,57,True,False,0
Greedy vs Random,967,22261880,1,Random,Greedy,north,commander_capture,19,True,False,0
Greedy vs Random,968,22261881,0,Greedy,Random,north,commander_capture,53,True,False,0
Greedy vs Random,968,22261881,1,Random,Greedy,south,commander_capture,68,True,False,0
Greedy vs Random,969,22261882,0,Greedy,Random,north,commander_capture,43,True,False,0
Greedy vs Random,969,22261882,1,Random,Greedy,north,commander_capture,15,True,False,0
Greedy vs Random,970,22261883,0,Greedy,Random,north,commander_capture,57,True,False,0
Greedy vs Random,970,22261883,1,Random,Greedy,south,commander_capture,46,True,False,0
Greedy vs Random,971,22261884,0,Greedy,Random,north,commander_capture,59,True,False,0
Greedy vs Random,971,22261884,1,Random,Greedy,south,commander_capture,64,True,False,0
Greedy vs Random,972,22261885,0,Greedy,Random,south,commander_capture,94,True,False,0
Greedy vs Random,972,22261885,1,Random,Greedy,south,commander_capture,38,True,False,0
Greedy vs Random,973,22261886,0,Greedy,Random,north,commander_capture,37,True,False,0
Greedy vs Random,973,22261886,1,Random,Greedy,north,commander_capture,29,True,False,0
Greedy vs Random,974,22261887,0,Greedy,Random,north,commander_capture,53,True,False,0
Greedy vs Random,974,22261887,1,Random,Greedy,south,commander_capture,36,True,False,0
Greedy vs Random,975,22261888,0,Greedy,Random,north,commander_capture,39,True,False,0
Greedy vs Random,975,22261888,1,Random,Greedy,south,commander_capture,86,True,False,0
Greedy vs Random,976,22261889,0,Greedy,Random,north,commander_capture,37,True,False,0
Greedy vs Random,976,22261889,1,Random,Greedy,north,commander_capture,53,True,False,0
Greedy vs Random,977,22261890,0,Greedy,Random,north,commander_capture,19,True,False,0
Greedy vs Random,977,22261890,1,Random,Greedy,south,commander_capture,66,True,False,0
Greedy vs Random,978,22261891,0,Greedy,Random,north,commander_capture,45,True,False,0
Greedy vs Random,978,22261891,1,Random,Greedy,south,commander_capture,62,True,False,0
Greedy vs Random,979,22261892,0,Greedy,Random,north,commander_capture,29,True,False,0
Greedy vs Random,979,22261892,1,Random,Greedy,south,commander_capture,44,True,False,0
Greedy vs Random,980,22261893,0,Greedy,Random,north,commander_capture,55,True,False,0
Greedy vs Random,980,22261893,1,Random,Greedy,south,commander_capture,26,True,False,0
Greedy vs Random,981,22261894,0,Greedy,Random,south,commander_capture,62,True,False,0
Greedy vs Random,981,22261894,1,Random,Greedy,south,commander_capture,18,True,False,0
Greedy vs Random,982,22261895,0,Greedy,Random,north,commander_capture,29,True,False,0
Greedy vs Random,982,22261895,1,Random,Greedy,south,commander_capture,38,True,False,0
Greedy vs Random,983,22261896,0,Greedy,Random,north,commander_capture,51,True,False,0
Greedy vs Random,983,22261896,1,Random,Greedy,south,commander_capture,42,True,False,0
Greedy vs Random,984,22261897,0,Greedy,Random,north,commander_capture,29,True,False,0
Greedy vs Random,984,22261897,1,Random,Greedy,south,commander_capture,50,True,False,0
Greedy vs Random,985,22261898,0,Greedy,Random,north,commander_capture,23,True,False,0
Greedy vs Random,985,22261898,1,Random,Greedy,south,commander_capture,30,True,False,0
Greedy vs Random,986,22261899,0,Greedy,Random,north,commander_capture,61,True,False,0
Greedy vs Random,986,22261899,1,Random,Greedy,north,commander_capture,21,True,False,0
Greedy vs Random,987,22261900,0,Greedy,Random,north,commander_capture,23,True,False,0
Greedy vs Random,987,22261900,1,Random,Greedy,south,commander_capture,28,True,False,0
Greedy vs Random,988,22261901,0,Greedy,Random,north,commander_capture,51,True,False,0
Greedy vs Random,988,22261901,1,Random,Greedy,south,commander_capture,70,True,False,0
Greedy vs Random,989,22261902,0,Greedy,Random,north,commander_capture,39,True,False,0
Greedy vs Random,989,22261902,1,Random,Greedy,south,commander_capture,34,True,False,0
Greedy vs Random,990,22261903,0,Greedy,Random,north,commander_capture,33,True,False,0
Greedy vs Random,990,22261903,1,Random,Greedy,north,commander_capture,25,True,False,0
Greedy vs Random,991,22261904,0,Greedy,Random,north,commander_capture,59,True,False,0
Greedy vs Random,991,22261904,1,Random,Greedy,south,commander_capture,30,True,False,0
Greedy vs Random,992,22261905,0,Greedy,Random,north,commander_capture,55,True,False,0
Greedy vs Random,992,22261905,1,Random,Greedy,south,commander_capture,34,True,False,0
Greedy vs Random,993,22261906,0,Greedy,Random,north,commander_capture,41,True,False,0
Greedy vs Random,993,22261906,1,Random,Greedy,south,commander_capture,82,True,False,0
Greedy vs Random,994,22261907,0,Greedy,Random,north,commander_capture,65,True,False,0
Greedy vs Random,994,22261907,1,Random,Greedy,south,commander_capture,26,True,False,0
Greedy vs Random,995,22261908,0,Greedy,Random,north,commander_capture,75,True,False,0
Greedy vs Random,995,22261908,1,Random,Greedy,south,commander_capture,32,True,False,0
Greedy vs Random,996,22261909,0,Greedy,Random,north,commander_capture,57,True,False,0
Greedy vs Random,996,22261909,1,Random,Greedy,south,commander_capture,36,True,False,0
Greedy vs Random,997,22261910,0,Greedy,Random,north,commander_capture,39,True,False,0
Greedy vs Random,997,22261910,1,Random,Greedy,south,commander_capture,20,True,False,0
Greedy vs Random,998,22261911,0,Greedy,Random,north,commander_capture,65,True,False,0
Greedy vs Random,998,22261911,1,Random,Greedy,south,commander_capture,38,True,False,0
Greedy vs Random,999,22261912,0,Greedy,Random,north,commander_capture,67,True,False,0
Greedy vs Random,999,22261912,1,Random,Greedy,south,commander_capture,22,True,False,0
Greedy vs Random,1000,22261913,0,Greedy,Random,north,commander_capture,73,True,False,0
Greedy vs Random,1000,22261913,1,Random,Greedy,south,commander_capture,76,True,False,0
Greedy vs Random,1001,22261914,0,Greedy,Random,north,commander_capture,37,True,False,0
Greedy vs Random,1001,22261914,1,Random,Greedy,south,commander_capture,38,True,False,0
Greedy vs Random,1002,22261915,0,Greedy,Random,north,commander_capture,39,True,False,0
Greedy vs Random,1002,22261915,1,Random,Greedy,south,commander_capture,42,True,False,0
Greedy vs Random,1003,22261916,0,Greedy,Random,north,commander_capture,49,True,False,0
Greedy vs Random,1003,22261916,1,Random,Greedy,south,commander_capture,38,True,False,0
Greedy vs Random,1004,22261917,0,Greedy,Random,south,commander_capture,52,True,False,0
Greedy vs Random,1004,22261917,1,Random,Greedy,south,commander_capture,60,True,False,0
Greedy vs Random,1005,22261918,0,Greedy,Random,north,commander_capture,61,True,False,0
Greedy vs Random,1005,22261918,1,Random,Greedy,south,commander_capture,16,True,False,0
Greedy vs Random,1006,22261919,0,Greedy,Random,north,commander_capture,83,True,False,0
Greedy vs Random,1006,22261919,1,Random,Greedy,south,commander_capture,36,True,False,0
Greedy vs Random,1007,22261920,0,Greedy,Random,north,commander_capture,11,True,False,0
Greedy vs Random,1007,22261920,1,Random,Greedy,south,commander_capture,60,True,False,0
Greedy vs Random,1008,22261921,0,Greedy,Random,north,commander_capture,47,True,False,0
Greedy vs Random,1008,22261921,1,Random,Greedy,south,commander_capture,72,True,False,0
Greedy vs Random,1009,22261922,0,Greedy,Random,north,commander_capture,31,True,False,0
Greedy vs Random,1009,22261922,1,Random,Greedy,south,commander_capture,46,True,False,0
Greedy vs Random,1010,22261923,0,Greedy,Random,north,commander_capture,37,True,False,0
Greedy vs Random,1010,22261923,1,Random,Greedy,south,commander_capture,50,True,False,0
Greedy vs Random,1011,22261924,0,Greedy,Random,north,commander_capture,79,True,False,0
Greedy vs Random,1011,22261924,1,Random,Greedy,south,commander_capture,48,True,False,0
Greedy vs Random,1012,22261925,0,Greedy,Random,north,commander_capture,79,True,False,0
Greedy vs Random,1012,22261925,1,Random,Greedy,south,commander_capture,30,True,False,0
Greedy vs Random,1013,22261926,0,Greedy,Random,north,commander_capture,31,True,False,0
Greedy vs Random,1013,22261926,1,Random,Greedy,south,commander_capture,24,True,False,0
Greedy vs Random,1014,22261927,0,Greedy,Random,north,commander_capture,85,True,False,0
Greedy vs Random,1014,22261927,1,Random,Greedy,south,commander_capture,50,True,False,0
Greedy vs Random,1015,22261928,0,Greedy,Random,north,commander_capture,83,True,False,0
Greedy vs Random,1015,22261928,1,Random,Greedy,south,commander_capture,50,True,False,0
Greedy vs Random,1016,22261929,0,Greedy,Random,north,commander_capture,47,True,False,0
Greedy vs Random,1016,22261929,1,Random,Greedy,south,commander_capture,30,True,False,0
Greedy vs Random,1017,22261930,0,Greedy,Random,north,commander_capture,49,True,False,0
Greedy vs Random,1017,22261930,1,Random,Greedy,south,commander_capture,58,True,False,0
Greedy vs Random,1018,22261931,0,Greedy,Random,north,commander_capture,45,True,False,0
Greedy vs Random,1018,22261931,1,Random,Greedy,south,commander_capture,64,True,False,0
Greedy vs Random,1019,22261932,0,Greedy,Random,north,commander_capture,45,True,False,0
Greedy vs Random,1019,22261932,1,Random,Greedy,south,commander_capture,18,True,False,0
Greedy vs Random,1020,22261933,0,Greedy,Random,north,commander_capture,49,True,False,0
Greedy vs Random,1020,22261933,1,Random,Greedy,south,commander_capture,34,True,False,0
Greedy vs Random,1021,22261934,0,Greedy,Random,north,commander_capture,33,True,False,0
Greedy vs Random,1021,22261934,1,Random,Greedy,south,commander_capture,48,True,False,0
Greedy vs Random,1022,22261935,0,Greedy,Random,north,commander_capture,81,True,False,0
Greedy vs Random,1022,22261935,1,Random,Greedy,south,commander_capture,20,True,False,0
Greedy vs Random,1023,22261936,0,Greedy,Random,north,commander_capture,23,True,False,0
Greedy vs Random,1023,22261936,1,Random,Greedy,south,commander_capture,64,True,False,0
Greedy vs Random,1024,22261937,0,Greedy,Random,north,commander_capture,45,True,False,0
Greedy vs Random,1024,22261937,1,Random,Greedy,south,commander_capture,36,True,False,0
Greedy vs Random,1025,22261938,0,Greedy,Random,north,commander_capture,45,True,False,0
Greedy vs Random,1025,22261938,1,Random,Greedy,south,commander_capture,32,True,False,0
Greedy vs Random,1026,22261939,0,Greedy,Random,north,commander_capture,25,True,False,0
Greedy vs Random,1026,22261939,1,Random,Greedy,south,commander_capture,48,True,False,0
Greedy vs Random,1027,22261940,0,Greedy,Random,north,commander_capture,47,True,False,0
Greedy vs Random,1027,22261940,1,Random,Greedy,south,commander_capture,42,True,False,0
Greedy vs Random,1028,22261941,0,Greedy,Random,north,commander_capture,21,True,False,0
Greedy vs Random,1028,22261941,1,Random,Greedy,south,commander_capture,52,True,False,0
Greedy vs Random,1029,22261942,0,Greedy,Random,north,commander_capture,25,True,False,0
Greedy vs Random,1029,22261942,1,Random,Greedy,south,commander_capture,52,True,False,0
Greedy vs Random,1030,22261943,0,Greedy,Random,north,commander_capture,83,True,False,0
Greedy vs Random,1030,22261943,1,Random,Greedy,south,commander_capture,54,True,False,0
Greedy vs Random,1031,22261944,0,Greedy,Random,north,commander_capture,61,True,False,0
Greedy vs Random,1031,22261944,1,Random,Greedy,south,commander_capture,46,True,False,0
Greedy vs Random,1032,22261945,0,Greedy,Random,north,commander_capture,15,True,False,0
Greedy vs Random,1032,22261945,1,Random,Greedy,south,commander_capture,36,True,False,0
Greedy vs Random,1033,22261946,0,Greedy,Random,north,commander_capture,29,True,False,0
Greedy vs Random,1033,22261946,1,Random,Greedy,south,commander_capture,50,True,False,0
Greedy vs Random,1034,22261947,0,Greedy,Random,north,commander_capture,21,True,False,0
Greedy vs Random,1034,22261947,1,Random,Greedy,south,commander_capture,26,True,False,0
Greedy vs Random,1035,22261948,0,Greedy,Random,north,commander_capture,35,True,False,0
Greedy vs Random,1035,22261948,1,Random,Greedy,south,commander_capture,80,True,False,0
Greedy vs Random,1036,22261949,0,Greedy,Random,north,commander_capture,27,True,False,0
Greedy vs Random,1036,22261949,1,Random,Greedy,south,commander_capture,42,True,False,0
Greedy vs Random,1037,22261950,0,Greedy,Random,north,commander_capture,81,True,False,0
Greedy vs Random,1037,22261950,1,Random,Greedy,south,commander_capture,72,True,False,0
Greedy vs Random,1038,22261951,0,Greedy,Random,north,commander_capture,29,True,False,0
Greedy vs Random,1038,22261951,1,Random,Greedy,south,commander_capture,38,True,False,0
Greedy vs Random,1039,22261952,0,Greedy,Random,north,commander_capture,55,True,False,0
Greedy vs Random,1039,22261952,1,Random,Greedy,south,commander_capture,66,True,False,0
Greedy vs Random,1040,22261953,0,Greedy,Random,north,commander_capture,25,True,False,0
Greedy vs Random,1040,22261953,1,Random,Greedy,south,commander_capture,56,True,False,0
Greedy vs Random,1041,22261954,0,Greedy,Random,north,commander_capture,49,True,False,0
Greedy vs Random,1041,22261954,1,Random,Greedy,south,commander_capture,48,True,False,0
Greedy vs Random,1042,22261955,0,Greedy,Random,north,commander_capture,31,True,False,0
Greedy vs Random,1042,22261955,1,Random,Greedy,south,commander_capture,66,True,False,0
Greedy vs Random,1043,22261956,0,Greedy,Random,north,commander_capture,39,True,False,0
Greedy vs Random,1043,22261956,1,Random,Greedy,south,commander_capture,64,True,False,0
Greedy vs Random,1044,22261957,0,Greedy,Random,north,commander_capture,23,True,False,0
Greedy vs Random,1044,22261957,1,Random,Greedy,north,commander_capture,31,True,False,0
Greedy vs Random,1045,22261958,0,Greedy,Random,north,commander_capture,57,True,False,0
Greedy vs Random,1045,22261958,1,Random,Greedy,south,commander_capture,44,True,False,0
Greedy vs Random,1046,22261959,0,Greedy,Random,north,commander_capture,67,True,False,0
Greedy vs Random,1046,22261959,1,Random,Greedy,south,commander_capture,48,True,False,0
Greedy vs Random,1047,22261960,0,Greedy,Random,north,commander_capture,57,True,False,0
Greedy vs Random,1047,22261960,1,Random,Greedy,south,commander_capture,72,True,False,0
Greedy vs Random,1048,22261961,0,Greedy,Random,north,commander_capture,35,True,False,0
Greedy vs Random,1048,22261961,1,Random,Greedy,south,commander_capture,66,True,False,0
Greedy vs Random,1049,22261962,0,Greedy,Random,north,commander_capture,93,True,False,0
Greedy vs Random,1049,22261962,1,Random,Greedy,south,commander_capture,60,True,False,0
Greedy vs Random,1050,22261963,0,Greedy,Random,north,commander_capture,23,True,False,0
Greedy vs Random,1050,22261963,1,Random,Greedy,south,commander_capture,48,True,False,0
Greedy vs Random,1051,22261964,0,Greedy,Random,north,commander_capture,27,True,False,0
Greedy vs Random,1051,22261964,1,Random,Greedy,south,commander_capture,38,True,False,0
Greedy vs Random,1052,22261965,0,Greedy,Random,north,commander_capture,43,True,False,0
Greedy vs Random,1052,22261965,1,Random,Greedy,south,commander_capture,54,True,False,0
Greedy vs Random,1053,22261966,0,Greedy,Random,north,commander_capture,57,True,False,0
Greedy vs Random,1053,22261966,1,Random,Greedy,south,commander_capture,58,True,False,0
Greedy vs Random,1054,22261967,0,Greedy,Random,north,commander_capture,51,True,False,0
Greedy vs Random,1054,22261967,1,Random,Greedy,south,commander_capture,44,True,False,0
Greedy vs Random,1055,22261968,0,Greedy,Random,north,commander_capture,47,True,False,0
Greedy vs Random,1055,22261968,1,Random,Greedy,south,commander_capture,36,True,False,0
Greedy vs Random,1056,22261969,0,Greedy,Random,north,commander_capture,49,True,False,0
Greedy vs Random,1056,22261969,1,Random,Greedy,south,commander_capture,58,True,False,0
Greedy vs Random,1057,22261970,0,Greedy,Random,north,commander_capture,47,True,False,0
Greedy vs Random,1057,22261970,1,Random,Greedy,south,commander_capture,30,True,False,0
Greedy vs Random,1058,22261971,0,Greedy,Random,north,commander_capture,57,True,False,0
Greedy vs Random,1058,22261971,1,Random,Greedy,south,commander_capture,22,True,False,0
Greedy vs Random,1059,22261972,0,Greedy,Random,north,commander_capture,57,True,False,0
Greedy vs Random,1059,22261972,1,Random,Greedy,south,commander_capture,64,True,False,0
Greedy vs Random,1060,22261973,0,Greedy,Random,north,commander_capture,47,True,False,0
Greedy vs Random,1060,22261973,1,Random,Greedy,south,commander_capture,38,True,False,0
Greedy vs Random,1061,22261974,0,Greedy,Random,north,commander_capture,59,True,False,0
Greedy vs Random,1061,22261974,1,Random,Greedy,south,commander_capture,70,True,False,0
Greedy vs Random,1062,22261975,0,Greedy,Random,north,commander_capture,39,True,False,0
Greedy vs Random,1062,22261975,1,Random,Greedy,south,commander_capture,58,True,False,0
Greedy vs Random,1063,22261976,0,Greedy,Random,north,commander_capture,39,True,False,0
Greedy vs Random,1063,22261976,1,Random,Greedy,south,commander_capture,26,True,False,0
Greedy vs Random,1064,22261977,0,Greedy,Random,north,commander_capture,57,True,False,0
Greedy vs Random,1064,22261977,1,Random,Greedy,south,commander_capture,40,True,False,0
Greedy vs Random,1065,22261978,0,Greedy,Random,north,commander_capture,21,True,False,0
Greedy vs Random,1065,22261978,1,Random,Greedy,south,commander_capture,42,True,False,0
Greedy vs Random,1066,22261979,0,Greedy,Random,north,commander_capture,59,True,False,0
Greedy vs Random,1066,22261979,1,Random,Greedy,south,commander_capture,34,True,False,0
Greedy vs Random,1067,22261980,0,Greedy,Random,north,commander_capture,27,True,False,0
Greedy vs Random,1067,22261980,1,Random,Greedy,south,commander_capture,26,True,False,0
Greedy vs Random,1068,22261981,0,Greedy,Random,north,commander_capture,65,True,False,0
Greedy vs Random,1068,22261981,1,Random,Greedy,south,commander_capture,20,True,False,0
Greedy vs Random,1069,22261982,0,Greedy,Random,north,commander_capture,53,True,False,0
Greedy vs Random,1069,22261982,1,Random,Greedy,south,commander_capture,62,True,False,0
Greedy vs Random,1070,22261983,0,Greedy,Random,north,commander_capture,55,True,False,0
Greedy vs Random,1070,22261983,1,Random,Greedy,south,commander_capture,46,True,False,0
Greedy vs Random,1071,22261984,0,Greedy,Random,north,commander_capture,41,True,False,0
Greedy vs Random,1071,22261984,1,Random,Greedy,south,commander_capture,56,True,False,0
Greedy vs Random,1072,22261985,0,Greedy,Random,north,commander_capture,71,True,False,0
Greedy vs Random,1072,22261985,1,Random,Greedy,south,commander_capture,46,True,False,0
Greedy vs Random,1073,22261986,0,Greedy,Random,north,commander_capture,49,True,False,0
Greedy vs Random,1073,22261986,1,Random,Greedy,south,commander_capture,64,True,False,0
Greedy vs Random,1074,22261987,0,Greedy,Random,north,commander_capture,53,True,False,0
Greedy vs Random,1074,22261987,1,Random,Greedy,south,commander_capture,54,True,False,0
Greedy vs Random,1075,22261988,0,Greedy,Random,north,commander_capture,29,True,False,0
Greedy vs Random,1075,22261988,1,Random,Greedy,south,commander_capture,38,True,False,0
Greedy vs Random,1076,22261989,0,Greedy,Random,north,commander_capture,17,True,False,0
Greedy vs Random,1076,22261989,1,Random,Greedy,south,commander_capture,24,True,False,0
Greedy vs Random,1077,22261990,0,Greedy,Random,north,commander_capture,37,True,False,0
Greedy vs Random,1077,22261990,1,Random,Greedy,south,commander_capture,56,True,False,0
Greedy vs Random,1078,22261991,0,Greedy,Random,north,commander_capture,39,True,False,0
Greedy vs Random,1078,22261991,1,Random,Greedy,south,commander_capture,64,True,False,0
Greedy vs Random,1079,22261992,0,Greedy,Random,north,commander_capture,67,True,False,0
Greedy vs Random,1079,22261992,1,Random,Greedy,south,commander_capture,28,True,False,0
Greedy vs Random,1080,22261993,0,Greedy,Random,north,commander_capture,37,True,False,0
Greedy vs Random,1080,22261993,1,Random,Greedy,south,commander_capture,110,True,False,0
Greedy vs Random,1081,22261994,0,Greedy,Random,north,commander_capture,67,True,False,0
Greedy vs Random,1081,22261994,1,Random,Greedy,south,commander_capture,58,True,False,0
Greedy vs Random,1082,22261995,0,Greedy,Random,north,commander_capture,39,True,False,0
Greedy vs Random,1082,22261995,1,Random,Greedy,south,commander_capture,76,True,False,0
Greedy vs Random,1083,22261996,0,Greedy,Random,north,commander_capture,39,True,False,0
Greedy vs Random,1083,22261996,1,Random,Greedy,south,commander_capture,50,True,False,0
Greedy vs Random,1084,22261997,0,Greedy,Random,north,commander_capture,61,True,False,0
Greedy vs Random,1084,22261997,1,Random,Greedy,south,commander_capture,74,True,False,0
Greedy vs Random,1085,22261998,0,Greedy,Random,north,commander_capture,41,True,False,0
Greedy vs Random,1085,22261998,1,Random,Greedy,south,commander_capture,48,True,False,0
Greedy vs Random,1086,22261999,0,Greedy,Random,north,commander_capture,51,True,False,0
Greedy vs Random,1086,22261999,1,Random,Greedy,south,commander_capture,42,True,False,0
Greedy vs Random,1087,22262000,0,Greedy,Random,north,commander_capture,81,True,False,0
Greedy vs Random,1087,22262000,1,Random,Greedy,south,commander_capture,52,True,False,0
Greedy vs Random,1088,22262001,0,Greedy,Random,north,commander_capture,65,True,False,0
Greedy vs Random,1088,22262001,1,Random,Greedy,south,commander_capture,58,True,False,0
Greedy vs Random,1089,22262002,0,Greedy,Random,north,commander_capture,31,True,False,0
Greedy vs Random,1089,22262002,1,Random,Greedy,south,commander_capture,54,True,False,0
Greedy vs Random,1090,22262003,0,Greedy,Random,north,commander_capture,51,True,False,0
Greedy vs Random,1090,22262003,1,Random,Greedy,south,commander_capture,28,True,False,0
Greedy vs Random,1091,22262004,0,Greedy,Random,north,commander_capture,53,True,False,0
Greedy vs Random,1091,22262004,1,Random,Greedy,south,commander_capture,22,True,False,0
Greedy vs Random,1092,22262005,0,Greedy,Random,north,commander_capture,63,True,False,0
Greedy vs Random,1092,22262005,1,Random,Greedy,south,commander_capture,66,True,False,0
Greedy vs Random,1093,22262006,0,Greedy,Random,north,commander_capture,53,True,False,0
Greedy vs Random,1093,22262006,1,Random,Greedy,south,commander_capture,32,True,False,0
Greedy vs Random,1094,22262007,0,Greedy,Random,north,commander_capture,49,True,False,0
Greedy vs Random,1094,22262007,1,Random,Greedy,south,commander_capture,44,True,False,0
Greedy vs Random,1095,22262008,0,Greedy,Random,north,commander_capture,65,True,False,0
Greedy vs Random,1095,22262008,1,Random,Greedy,south,commander_capture,38,True,False,0
Greedy vs Random,1096,22262009,0,Greedy,Random,north,commander_capture,33,True,False,0
Greedy vs Random,1096,22262009,1,Random,Greedy,south,commander_capture,62,True,False,0
Greedy vs Random,1097,22262010,0,Greedy,Random,north,commander_capture,67,True,False,0
Greedy vs Random,1097,22262010,1,Random,Greedy,north,commander_capture,43,True,False,0
Greedy vs Random,1098,22262011,0,Greedy,Random,north,commander_capture,99,True,False,0
Greedy vs Random,1098,22262011,1,Random,Greedy,south,commander_capture,46,True,False,0
Greedy vs Random,1099,22262012,0,Greedy,Random,north,commander_capture,43,True,False,0
Greedy vs Random,1099,22262012,1,Random,Greedy,south,commander_capture,30,True,False,0
Greedy vs Random,1100,22262013,0,Greedy,Random,north,commander_capture,67,True,False,0
Greedy vs Random,1100,22262013,1,Random,Greedy,south,commander_capture,60,True,False,0
Greedy vs Random,1101,22262014,0,Greedy,Random,north,commander_capture,61,True,False,0
Greedy vs Random,1101,22262014,1,Random,Greedy,south,commander_capture,54,True,False,0
Greedy vs Random,1102,22262015,0,Greedy,Random,north,commander_capture,41,True,False,0
Greedy vs Random,1102,22262015,1,Random,Greedy,south,commander_capture,42,True,False,0
Greedy vs Random,1103,22262016,0,Greedy,Random,north,commander_capture,71,True,False,0
Greedy vs Random,1103,22262016,1,Random,Greedy,south,commander_capture,50,True,False,0
Greedy vs Random,1104,22262017,0,Greedy,Random,north,commander_capture,63,True,False,0
Greedy vs Random,1104,22262017,1,Random,Greedy,south,commander_capture,82,True,False,0
Greedy vs Random,1105,22262018,0,Greedy,Random,north,commander_capture,53,True,False,0
Greedy vs Random,1105,22262018,1,Random,Greedy,south,commander_capture,20,True,False,0
Greedy vs Random,1106,22262019,0,Greedy,Random,north,commander_capture,35,True,False,0
Greedy vs Random,1106,22262019,1,Random,Greedy,south,commander_capture,58,True,False,0
Greedy vs Random,1107,22262020,0,Greedy,Random,north,commander_capture,35,True,False,0
Greedy vs Random,1107,22262020,1,Random,Greedy,south,commander_capture,46,True,False,0
Greedy vs Random,1108,22262021,0,Greedy,Random,north,commander_capture,57,True,False,0
Greedy vs Random,1108,22262021,1,Random,Greedy,south,commander_capture,34,True,False,0
Greedy vs Random,1109,22262022,0,Greedy,Random,north,commander_capture,45,True,False,0
Greedy vs Random,1109,22262022,1,Random,Greedy,south,commander_capture,42,True,False,0
Greedy vs Random,1110,22262023,0,Greedy,Random,north,commander_capture,67,True,False,0
Greedy vs Random,1110,22262023,1,Random,Greedy,south,commander_capture,54,True,False,0
Greedy vs Random,1111,22262024,0,Greedy,Random,north,commander_capture,25,True,False,0
Greedy vs Random,1111,22262024,1,Random,Greedy,south,commander_capture,46,True,False,0
Greedy vs Random,1112,22262025,0,Greedy,Random,north,commander_capture,29,True,False,0
Greedy vs Random,1112,22262025,1,Random,Greedy,south,commander_capture,28,True,False,0
Greedy vs Random,1113,22262026,0,Greedy,Random,north,commander_capture,61,True,False,0
Greedy vs Random,1113,22262026,1,Random,Greedy,south,commander_capture,30,True,False,0
Greedy vs Random,1114,22262027,0,Greedy,Random,north,commander_capture,61,True,False,0
Greedy vs Random,1114,22262027,1,Random,Greedy,south,commander_capture,78,True,False,0
Greedy vs Random,1115,22262028,0,Greedy,Random,north,commander_capture,43,True,False,0
Greedy vs Random,1115,22262028,1,Random,Greedy,south,commander_capture,38,True,False,0
Greedy vs Random,1116,22262029,0,Greedy,Random,north,commander_capture,45,True,False,0
Greedy vs Random,1116,22262029,1,Random,Greedy,north,commander_capture,49,True,False,0
Greedy vs Random,1117,22262030,0,Greedy,Random,north,commander_capture,51,True,False,0
Greedy vs Random,1117,22262030,1,Random,Greedy,south,commander_capture,50,True,False,0
Greedy vs Random,1118,22262031,0,Greedy,Random,north,commander_capture,55,True,False,0
Greedy vs Random,1118,22262031,1,Random,Greedy,south,commander_capture,38,True,False,0
Greedy vs Random,1119,22262032,0,Greedy,Random,north,commander_capture,21,True,False,0
Greedy vs Random,1119,22262032,1,Random,Greedy,south,commander_capture,68,True,False,0
Greedy vs Random,1120,22262033,0,Greedy,Random,north,commander_capture,23,True,False,0
Greedy vs Random,1120,22262033,1,Random,Greedy,south,commander_capture,18,True,False,0
Greedy vs Random,1121,22262034,0,Greedy,Random,north,commander_capture,27,True,False,0
Greedy vs Random,1121,22262034,1,Random,Greedy,south,commander_capture,12,True,False,0
Greedy vs Random,1122,22262035,0,Greedy,Random,north,commander_capture,21,True,False,0
Greedy vs Random,1122,22262035,1,Random,Greedy,south,commander_capture,82,True,False,0
Greedy vs Random,1123,22262036,0,Greedy,Random,north,commander_capture,33,True,False,0
Greedy vs Random,1123,22262036,1,Random,Greedy,south,commander_capture,30,True,False,0
Greedy vs Random,1124,22262037,0,Greedy,Random,north,commander_capture,47,True,False,0
Greedy vs Random,1124,22262037,1,Random,Greedy,south,commander_capture,76,True,False,0
Greedy vs Random,1125,22262038,0,Greedy,Random,north,commander_capture,37,True,False,0
Greedy vs Random,1125,22262038,1,Random,Greedy,south,commander_capture,48,True,False,0
Greedy vs Random,1126,22262039,0,Greedy,Random,north,commander_capture,17,True,False,0
Greedy vs Random,1126,22262039,1,Random,Greedy,south,commander_capture,22,True,False,0
Greedy vs Random,1127,22262040,0,Greedy,Random,north,commander_capture,97,True,False,0
Greedy vs Random,1127,22262040,1,Random,Greedy,south,commander_capture,30,True,False,0
Greedy vs Random,1128,22262041,0,Greedy,Random,north,commander_capture,51,True,False,0
Greedy vs Random,1128,22262041,1,Random,Greedy,south,commander_capture,32,True,False,0
Greedy vs Random,1129,22262042,0,Greedy,Random,north,commander_capture,23,True,False,0
Greedy vs Random,1129,22262042,1,Random,Greedy,south,commander_capture,60,True,False,0
Greedy vs Random,1130,22262043,0,Greedy,Random,south,commander_capture,36,True,False,0
Greedy vs Random,1130,22262043,1,Random,Greedy,south,commander_capture,90,True,False,0
Greedy vs Random,1131,22262044,0,Greedy,Random,north,commander_capture,45,True,False,0
Greedy vs Random,1131,22262044,1,Random,Greedy,south,commander_capture,52,True,False,0
Greedy vs Random,1132,22262045,0,Greedy,Random,north,commander_capture,17,True,False,0
Greedy vs Random,1132,22262045,1,Random,Greedy,south,commander_capture,24,True,False,0
Greedy vs Random,1133,22262046,0,Greedy,Random,north,commander_capture,47,True,False,0
Greedy vs Random,1133,22262046,1,Random,Greedy,south,commander_capture,22,True,False,0
Greedy vs Random,1134,22262047,0,Greedy,Random,north,commander_capture,37,True,False,0
Greedy vs Random,1134,22262047,1,Random,Greedy,south,commander_capture,48,True,False,0
Greedy vs Random,1135,22262048,0,Greedy,Random,north,commander_capture,17,True,False,0
Greedy vs Random,1135,22262048,1,Random,Greedy,south,commander_capture,42,True,False,0
Greedy vs Random,1136,22262049,0,Greedy,Random,north,commander_capture,15,True,False,0
Greedy vs Random,1136,22262049,1,Random,Greedy,south,commander_capture,50,True,False,0
Greedy vs Random,1137,22262050,0,Greedy,Random,north,commander_capture,49,True,False,0
Greedy vs Random,1137,22262050,1,Random,Greedy,south,commander_capture,28,True,False,0
Greedy vs Random,1138,22262051,0,Greedy,Random,north,commander_capture,21,True,False,0
Greedy vs Random,1138,22262051,1,Random,Greedy,south,commander_capture,58,True,False,0
Greedy vs Random,1139,22262052,0,Greedy,Random,north,commander_capture,39,True,False,0
Greedy vs Random,1139,22262052,1,Random,Greedy,south,commander_capture,20,True,False,0
Greedy vs Random,1140,22262053,0,Greedy,Random,north,commander_capture,43,True,False,0
Greedy vs Random,1140,22262053,1,Random,Greedy,south,commander_capture,16,True,False,0
Greedy vs Random,1141,22262054,0,Greedy,Random,north,commander_capture,47,True,False,0
Greedy vs Random,1141,22262054,1,Random,Greedy,south,commander_capture,24,True,False,0
Greedy vs Random,1142,22262055,0,Greedy,Random,north,commander_capture,53,True,False,0
Greedy vs Random,1142,22262055,1,Random,Greedy,south,commander_capture,68,True,False,0
Greedy vs Random,1143,22262056,0,Greedy,Random,north,commander_capture,57,True,False,0
Greedy vs Random,1143,22262056,1,Random,Greedy,south,commander_capture,46,True,False,0
Greedy vs Random,1144,22262057,0,Greedy,Random,north,commander_capture,47,True,False,0
Greedy vs Random,1144,22262057,1,Random,Greedy,south,commander_capture,44,True,False,0
Greedy vs Random,1145,22262058,0,Greedy,Random,north,commander_capture,45,True,False,0
Greedy vs Random,1145,22262058,1,Random,Greedy,south,commander_capture,30,True,False,0
Greedy vs Random,1146,22262059,0,Greedy,Random,north,commander_capture,47,True,False,0
Greedy vs Random,1146,22262059,1,Random,Greedy,south,commander_capture,72,True,False,0
Greedy vs Random,1147,22262060,0,Greedy,Random,north,commander_capture,53,True,False,0
Greedy vs Random,1147,22262060,1,Random,Greedy,south,commander_capture,54,True,False,0
Greedy vs Random,1148,22262061,0,Greedy,Random,north,commander_capture,63,True,False,0
Greedy vs Random,1148,22262061,1,Random,Greedy,south,commander_capture,30,True,False,0
Greedy vs Random,1149,22262062,0,Greedy,Random,north,commander_capture,17,True,False,0
Greedy vs Random,1149,22262062,1,Random,Greedy,south,commander_capture,62,True,False,0
Greedy vs Random,1150,22262063,0,Greedy,Random,north,commander_capture,79,True,False,0
Greedy vs Random,1150,22262063,1,Random,Greedy,north,commander_capture,35,True,False,0
Greedy vs Random,1151,22262064,0,Greedy,Random,north,commander_capture,47,True,False,0
Greedy vs Random,1151,22262064,1,Random,Greedy,south,commander_capture,86,True,False,0
Greedy vs Random,1152,22262065,0,Greedy,Random,north,commander_capture,63,True,False,0
Greedy vs Random,1152,22262065,1,Random,Greedy,south,commander_capture,28,True,False,0
Greedy vs Random,1153,22262066,0,Greedy,Random,north,commander_capture,33,True,False,0
Greedy vs Random,1153,22262066,1,Random,Greedy,south,commander_capture,42,True,False,0
Greedy vs Random,1154,22262067,0,Greedy,Random,north,commander_capture,35,True,False,0
Greedy vs Random,1154,22262067,1,Random,Greedy,south,commander_capture,48,True,False,0
Greedy vs Random,1155,22262068,0,Greedy,Random,north,commander_capture,47,True,False,0
Greedy vs Random,1155,22262068,1,Random,Greedy,south,commander_capture,56,True,False,0
Greedy vs Random,1156,22262069,0,Greedy,Random,north,commander_capture,23,True,False,0
Greedy vs Random,1156,22262069,1,Random,Greedy,south,commander_capture,26,True,False,0
Greedy vs Random,1157,22262070,0,Greedy,Random,north,commander_capture,45,True,False,0
Greedy vs Random,1157,22262070,1,Random,Greedy,south,commander_capture,50,True,False,0
Greedy vs Random,1158,22262071,0,Greedy,Random,north,commander_capture,75,True,False,0
Greedy vs Random,1158,22262071,1,Random,Greedy,south,commander_capture,46,True,False,0
Greedy vs Random,1159,22262072,0,Greedy,Random,north,commander_capture,47,True,False,0
Greedy vs Random,1159,22262072,1,Random,Greedy,south,commander_capture,38,True,False,0
Greedy vs Random,1160,22262073,0,Greedy,Random,north,commander_capture,43,True,False,0
Greedy vs Random,1160,22262073,1,Random,Greedy,south,commander_capture,38,True,False,0
Greedy vs Random,1161,22262074,0,Greedy,Random,north,commander_capture,47,True,False,0
Greedy vs Random,1161,22262074,1,Random,Greedy,south,commander_capture,16,True,False,0
Greedy vs Random,1162,22262075,0,Greedy,Random,north,commander_capture,41,True,False,0
Greedy vs Random,1162,22262075,1,Random,Greedy,south,commander_capture,64,True,False,0
Greedy vs Random,1163,22262076,0,Greedy,Random,north,commander_capture,39,True,False,0
Greedy vs Random,1163,22262076,1,Random,Greedy,south,commander_capture,56,True,False,0
Greedy vs Random,1164,22262077,0,Greedy,Random,north,commander_capture,73,True,False,0
Greedy vs Random,1164,22262077,1,Random,Greedy,south,commander_capture,46,True,False,0
Greedy vs Random,1165,22262078,0,Greedy,Random,north,commander_capture,39,True,False,0
Greedy vs Random,1165,22262078,1,Random,Greedy,south,commander_capture,62,True,False,0
Greedy vs Random,1166,22262079,0,Greedy,Random,north,commander_capture,35,True,False,0
Greedy vs Random,1166,22262079,1,Random,Greedy,south,commander_capture,38,True,False,0
Greedy vs Random,1167,22262080,0,Greedy,Random,north,commander_capture,45,True,False,0
Greedy vs Random,1167,22262080,1,Random,Greedy,south,commander_capture,44,True,False,0
Greedy vs Random,1168,22262081,0,Greedy,Random,north,commander_capture,37,True,False,0
Greedy vs Random,1168,22262081,1,Random,Greedy,south,commander_capture,70,True,False,0
Greedy vs Random,1169,22262082,0,Greedy,Random,north,commander_capture,49,True,False,0
Greedy vs Random,1169,22262082,1,Random,Greedy,south,commander_capture,66,True,False,0
Greedy vs Random,1170,22262083,0,Greedy,Random,north,commander_capture,35,True,False,0
Greedy vs Random,1170,22262083,1,Random,Greedy,south,commander_capture,28,True,False,0
Greedy vs Random,1171,22262084,0,Greedy,Random,north,commander_capture,27,True,False,0
Greedy vs Random,1171,22262084,1,Random,Greedy,south,commander_capture,20,True,False,0
Greedy vs Random,1172,22262085,0,Greedy,Random,north,commander_capture,59,True,False,0
Greedy vs Random,1172,22262085,1,Random,Greedy,south,commander_capture,32,True,False,0
Greedy vs Random,1173,22262086,0,Greedy,Random,north,commander_capture,55,True,False,0
Greedy vs Random,1173,22262086,1,Random,Greedy,south,commander_capture,80,True,False,0
Greedy vs Random,1174,22262087,0,Greedy,Random,north,commander_capture,23,True,False,0
Greedy vs Random,1174,22262087,1,Random,Greedy,south,commander_capture,36,True,False,0
Greedy vs Random,1175,22262088,0,Greedy,Random,north,commander_capture,29,True,False,0
Greedy vs Random,1175,22262088,1,Random,Greedy,south,commander_capture,18,True,False,0
Greedy vs Random,1176,22262089,0,Greedy,Random,north,commander_capture,31,True,False,0
Greedy vs Random,1176,22262089,1,Random,Greedy,south,commander_capture,30,True,False,0
Greedy vs Random,1177,22262090,0,Greedy,Random,north,commander_capture,61,True,False,0
Greedy vs Random,1177,22262090,1,Random,Greedy,south,commander_capture,46,True,False,0
Greedy vs Random,1178,22262091,0,Greedy,Random,north,commander_capture,25,True,False,0
Greedy vs Random,1178,22262091,1,Random,Greedy,south,commander_capture,46,True,False,0
Greedy vs Random,1179,22262092,0,Greedy,Random,north,commander_capture,19,True,False,0
Greedy vs Random,1179,22262092,1,Random,Greedy,south,commander_capture,48,True,False,0
Greedy vs Random,1180,22262093,0,Greedy,Random,north,commander_capture,59,True,False,0
Greedy vs Random,1180,22262093,1,Random,Greedy,south,commander_capture,20,True,False,0
Greedy vs Random,1181,22262094,0,Greedy,Random,north,commander_capture,49,True,False,0
Greedy vs Random,1181,22262094,1,Random,Greedy,south,commander_capture,34,True,False,0
Greedy vs Random,1182,22262095,0,Greedy,Random,north,commander_capture,59,True,False,0
Greedy vs Random,1182,22262095,1,Random,Greedy,south,commander_capture,46,True,False,0
Greedy vs Random,1183,22262096,0,Greedy,Random,north,commander_capture,69,True,False,0
Greedy vs Random,1183,22262096,1,Random,Greedy,north,commander_capture,19,True,False,0
Greedy vs Random,1184,22262097,0,Greedy,Random,north,commander_capture,53,True,False,0
Greedy vs Random,1184,22262097,1,Random,Greedy,south,commander_capture,72,True,False,0
Greedy vs Random,1185,22262098,0,Greedy,Random,north,commander_capture,55,True,False,0
Greedy vs Random,1185,22262098,1,Random,Greedy,south,commander_capture,60,True,False,0
Greedy vs Random,1186,22262099,0,Greedy,Random,north,commander_capture,27,True,False,0
Greedy vs Random,1186,22262099,1,Random,Greedy,south,commander_capture,24,True,False,0
Greedy vs Random,1187,22262100,0,Greedy,Random,north,commander_capture,23,True,False,0
Greedy vs Random,1187,22262100,1,Random,Greedy,south,commander_capture,72,True,False,0
Greedy vs Random,1188,22262101,0,Greedy,Random,north,commander_capture,39,True,False,0
Greedy vs Random,1188,22262101,1,Random,Greedy,south,commander_capture,56,True,False,0
Greedy vs Random,1189,22262102,0,Greedy,Random,north,commander_capture,35,True,False,0
Greedy vs Random,1189,22262102,1,Random,Greedy,south,commander_capture,38,True,False,0
Greedy vs Random,1190,22262103,0,Greedy,Random,north,commander_capture,47,True,False,0
Greedy vs Random,1190,22262103,1,Random,Greedy,south,commander_capture,34,True,False,0
Greedy vs Random,1191,22262104,0,Greedy,Random,north,commander_capture,21,True,False,0
Greedy vs Random,1191,22262104,1,Random,Greedy,south,commander_capture,40,True,False,0
Greedy vs Random,1192,22262105,0,Greedy,Random,north,commander_capture,35,True,False,0
Greedy vs Random,1192,22262105,1,Random,Greedy,south,commander_capture,72,True,False,0
Greedy vs Random,1193,22262106,0,Greedy,Random,north,commander_capture,49,True,False,0
Greedy vs Random,1193,22262106,1,Random,Greedy,south,commander_capture,46,True,False,0
Greedy vs Random,1194,22262107,0,Greedy,Random,north,commander_capture,17,True,False,0
Greedy vs Random,1194,22262107,1,Random,Greedy,south,commander_capture,58,True,False,0
Greedy vs Random,1195,22262108,0,Greedy,Random,north,commander_capture,49,True,False,0
Greedy vs Random,1195,22262108,1,Random,Greedy,south,commander_capture,14,True,False,0
Greedy vs Random,1196,22262109,0,Greedy,Random,north,commander_capture,57,True,False,0
Greedy vs Random,1196,22262109,1,Random,Greedy,south,commander_capture,28,True,False,0
Greedy vs Random,1197,22262110,0,Greedy,Random,north,commander_capture,31,True,False,0
Greedy vs Random,1197,22262110,1,Random,Greedy,south,commander_capture,50,True,False,0
Greedy vs Random,1198,22262111,0,Greedy,Random,north,commander_capture,31,True,False,0
Greedy vs Random,1198,22262111,1,Random,Greedy,south,commander_capture,20,True,False,0
Greedy vs Random,1199,22262112,0,Greedy,Random,north,commander_capture,41,True,False,0
Greedy vs Random,1199,22262112,1,Random,Greedy,south,commander_capture,52,True,False,0
Greedy vs Random,1200,22262113,0,Greedy,Random,north,commander_capture,65,True,False,0
Greedy vs Random,1200,22262113,1,Random,Greedy,south,commander_capture,44,True,False,0
Greedy vs Random,1201,22262114,0,Greedy,Random,north,commander_capture,43,True,False,0
Greedy vs Random,1201,22262114,1,Random,Greedy,south,commander_capture,16,True,False,0
Greedy vs Random,1202,22262115,0,Greedy,Random,north,commander_capture,53,True,False,0
Greedy vs Random,1202,22262115,1,Random,Greedy,south,commander_capture,46,True,False,0
Greedy vs Random,1203,22262116,0,Greedy,Random,north,commander_capture,51,True,False,0
Greedy vs Random,1203,22262116,1,Random,Greedy,south,commander_capture,46,True,False,0
Greedy vs Random,1204,22262117,0,Greedy,Random,north,commander_capture,61,True,False,0
Greedy vs Random,1204,22262117,1,Random,Greedy,south,commander_capture,18,True,False,0
Greedy vs Random,1205,22262118,0,Greedy,Random,north,commander_capture,109,True,False,0
Greedy vs Random,1205,22262118,1,Random,Greedy,south,commander_capture,70,True,False,0
Greedy vs Random,1206,22262119,0,Greedy,Random,north,commander_capture,57,True,False,0
Greedy vs Random,1206,22262119,1,Random,Greedy,south,commander_capture,16,True,False,0
Greedy vs Random,1207,22262120,0,Greedy,Random,north,commander_capture,49,True,False,0
Greedy vs Random,1207,22262120,1,Random,Greedy,south,commander_capture,28,True,False,0
Greedy vs Random,1208,22262121,0,Greedy,Random,north,commander_capture,39,True,False,0
Greedy vs Random,1208,22262121,1,Random,Greedy,south,commander_capture,26,True,False,0
Greedy vs Random,1209,22262122,0,Greedy,Random,north,commander_capture,43,True,False,0
Greedy vs Random,1209,22262122,1,Random,Greedy,south,commander_capture,26,True,False,0
Greedy vs Random,1210,22262123,0,Greedy,Random,north,commander_capture,65,True,False,0
Greedy vs Random,1210,22262123,1,Random,Greedy,south,commander_capture,32,True,False,0
Greedy vs Random,1211,22262124,0,Greedy,Random,north,commander_capture,55,True,False,0
Greedy vs Random,1211,22262124,1,Random,Greedy,south,commander_capture,46,True,False,0
Greedy vs Random,1212,22262125,0,Greedy,Random,north,commander_capture,45,True,False,0
Greedy vs Random,1212,22262125,1,Random,Greedy,south,commander_capture,50,True,False,0
Greedy vs Random,1213,22262126,0,Greedy,Random,north,commander_capture,53,True,False,0
Greedy vs Random,1213,22262126,1,Random,Greedy,south,commander_capture,32,True,False,0
Greedy vs Random,1214,22262127,0,Greedy,Random,north,commander_capture,67,True,False,0
Greedy vs Random,1214,22262127,1,Random,Greedy,south,commander_capture,62,True,False,0
Greedy vs Random,1215,22262128,0,Greedy,Random,north,commander_capture,29,True,False,0
Greedy vs Random,1215,22262128,1,Random,Greedy,south,commander_capture,32,True,False,0
Greedy vs Random,1216,22262129,0,Greedy,Random,north,commander_capture,63,True,False,0
Greedy vs Random,1216,22262129,1,Random,Greedy,south,commander_capture,36,True,False,0
Greedy vs Random,1217,22262130,0,Greedy,Random,south,commander_capture,34,True,False,0
Greedy vs Random,1217,22262130,1,Random,Greedy,south,commander_capture,40,True,False,0
Greedy vs Random,1218,22262131,0,Greedy,Random,north,commander_capture,63,True,False,0
Greedy vs Random,1218,22262131,1,Random,Greedy,south,commander_capture,22,True,False,0
Greedy vs Random,1219,22262132,0,Greedy,Random,south,commander_capture,44,True,False,0
Greedy vs Random,1219,22262132,1,Random,Greedy,south,commander_capture,36,True,False,0
Greedy vs Random,1220,22262133,0,Greedy,Random,north,commander_capture,37,True,False,0
Greedy vs Random,1220,22262133,1,Random,Greedy,south,commander_capture,38,True,False,0
Greedy vs Random,1221,22262134,0,Greedy,Random,north,commander_capture,57,True,False,0
Greedy vs Random,1221,22262134,1,Random,Greedy,south,commander_capture,18,True,False,0
Greedy vs Random,1222,22262135,0,Greedy,Random,north,commander_capture,81,True,False,0
Greedy vs Random,1222,22262135,1,Random,Greedy,south,commander_capture,46,True,False,0
Greedy vs Random,1223,22262136,0,Greedy,Random,north,commander_capture,23,True,False,0
Greedy vs Random,1223,22262136,1,Random,Greedy,south,commander_capture,34,True,False,0
Greedy vs Random,1224,22262137,0,Greedy,Random,north,commander_capture,41,True,False,0
Greedy vs Random,1224,22262137,1,Random,Greedy,south,commander_capture,36,True,False,0
Greedy vs Random,1225,22262138,0,Greedy,Random,north,commander_capture,47,True,False,0
Greedy vs Random,1225,22262138,1,Random,Greedy,south,commander_capture,34,True,False,0
Greedy vs Random,1226,22262139,0,Greedy,Random,north,commander_capture,33,True,False,0
Greedy vs Random,1226,22262139,1,Random,Greedy,south,commander_capture,44,True,False,0
Greedy vs Random,1227,22262140,0,Greedy,Random,north,commander_capture,35,True,False,0
Greedy vs Random,1227,22262140,1,Random,Greedy,south,commander_capture,32,True,False,0
Greedy vs Random,1228,22262141,0,Greedy,Random,north,commander_capture,71,True,False,0
Greedy vs Random,1228,22262141,1,Random,Greedy,south,commander_capture,36,True,False,0
Greedy vs Random,1229,22262142,0,Greedy,Random,north,commander_capture,41,True,False,0
Greedy vs Random,1229,22262142,1,Random,Greedy,south,commander_capture,70,True,False,0
Greedy vs Random,1230,22262143,0,Greedy,Random,north,commander_capture,45,True,False,0
Greedy vs Random,1230,22262143,1,Random,Greedy,south,commander_capture,32,True,False,0
Greedy vs Random,1231,22262144,0,Greedy,Random,north,commander_capture,47,True,False,0
Greedy vs Random,1231,22262144,1,Random,Greedy,south,commander_capture,48,True,False,0
Greedy vs Random,1232,22262145,0,Greedy,Random,north,commander_capture,27,True,False,0
Greedy vs Random,1232,22262145,1,Random,Greedy,south,commander_capture,52,True,False,0
Greedy vs Random,1233,22262146,0,Greedy,Random,north,commander_capture,57,True,False,0
Greedy vs Random,1233,22262146,1,Random,Greedy,south,commander_capture,30,True,False,0
Greedy vs Random,1234,22262147,0,Greedy,Random,north,commander_capture,65,True,False,0
Greedy vs Random,1234,22262147,1,Random,Greedy,south,commander_capture,52,True,False,0
Greedy vs Random,1235,22262148,0,Greedy,Random,north,commander_capture,41,True,False,0
Greedy vs Random,1235,22262148,1,Random,Greedy,south,commander_capture,30,True,False,0
Greedy vs Random,1236,22262149,0,Greedy,Random,north,commander_capture,57,True,False,0
Greedy vs Random,1236,22262149,1,Random,Greedy,south,commander_capture,32,True,False,0
Greedy vs Random,1237,22262150,0,Greedy,Random,north,commander_capture,35,True,False,0
Greedy vs Random,1237,22262150,1,Random,Greedy,south,commander_capture,36,True,False,0
Greedy vs Random,1238,22262151,0,Greedy,Random,north,commander_capture,35,True,False,0
Greedy vs Random,1238,22262151,1,Random,Greedy,south,commander_capture,32,True,False,0
Greedy vs Random,1239,22262152,0,Greedy,Random,north,commander_capture,29,True,False,0
Greedy vs Random,1239,22262152,1,Random,Greedy,north,commander_capture,21,True,False,0
Greedy vs Random,1240,22262153,0,Greedy,Random,north,commander_capture,61,True,False,0
Greedy vs Random,1240,22262153,1,Random,Greedy,south,commander_capture,42,True,False,0
Greedy vs Random,1241,22262154,0,Greedy,Random,north,commander_capture,71,True,False,0
Greedy vs Random,1241,22262154,1,Random,Greedy,south,commander_capture,24,True,False,0
Greedy vs Random,1242,22262155,0,Greedy,Random,north,commander_capture,19,True,False,0
Greedy vs Random,1242,22262155,1,Random,Greedy,south,commander_capture,54,True,False,0
Greedy vs Random,1243,22262156,0,Greedy,Random,north,commander_capture,31,True,False,0
Greedy vs Random,1243,22262156,1,Random,Greedy,south,commander_capture,48,True,False,0
Greedy vs Random,1244,22262157,0,Greedy,Random,north,commander_capture,43,True,False,0
Greedy vs Random,1244,22262157,1,Random,Greedy,south,commander_capture,42,True,False,0
Greedy vs Random,1245,22262158,0,Greedy,Random,north,commander_capture,33,True,False,0
Greedy vs Random,1245,22262158,1,Random,Greedy,south,commander_capture,72,True,False,0
Greedy vs Random,1246,22262159,0,Greedy,Random,north,commander_capture,49,True,False,0
Greedy vs Random,1246,22262159,1,Random,Greedy,south,commander_capture,38,True,False,0
Greedy vs Random,1247,22262160,0,Greedy,Random,north,commander_capture,29,True,False,0
Greedy vs Random,1247,22262160,1,Random,Greedy,south,commander_capture,16,True,False,0
Greedy vs Random,1248,22262161,0,Greedy,Random,north,commander_capture,109,True,False,0
Greedy vs Random,1248,22262161,1,Random,Greedy,south,commander_capture,50,True,False,0
Greedy vs Random,1249,22262162,0,Greedy,Random,north,commander_capture,27,True,False,0
Greedy vs Random,1249,22262162,1,Random,Greedy,south,commander_capture,62,True,False,0
Greedy vs Random,1250,22262163,0,Greedy,Random,north,commander_capture,19,True,False,0
Greedy vs Random,1250,22262163,1,Random,Greedy,south,commander_capture,70,True,False,0
Greedy vs Random,1251,22262164,0,Greedy,Random,north,commander_capture,83,True,False,0
Greedy vs Random,1251,22262164,1,Random,Greedy,south,commander_capture,16,True,False,0
Greedy vs Random,1252,22262165,0,Greedy,Random,north,commander_capture,61,True,False,0
Greedy vs Random,1252,22262165,1,Random,Greedy,south,commander_capture,34,True,False,0
Greedy vs Random,1253,22262166,0,Greedy,Random,north,commander_capture,63,True,False,0
Greedy vs Random,1253,22262166,1,Random,Greedy,south,commander_capture,22,True,False,0
Greedy vs Random,1254,22262167,0,Greedy,Random,north,commander_capture,49,True,False,0
Greedy vs Random,1254,22262167,1,Random,Greedy,south,commander_capture,44,True,False,0
Greedy vs Random,1255,22262168,0,Greedy,Random,north,commander_capture,73,True,False,0
Greedy vs Random,1255,22262168,1,Random,Greedy,south,commander_capture,32,True,False,0
Greedy vs Random,1256,22262169,0,Greedy,Random,north,commander_capture,81,True,False,0
Greedy vs Random,1256,22262169,1,Random,Greedy,south,commander_capture,34,True,False,0
Greedy vs Random,1257,22262170,0,Greedy,Random,north,commander_capture,43,True,False,0
Greedy vs Random,1257,22262170,1,Random,Greedy,south,commander_capture,68,True,False,0
Greedy vs Random,1258,22262171,0,Greedy,Random,north,commander_capture,41,True,False,0
Greedy vs Random,1258,22262171,1,Random,Greedy,south,commander_capture,34,True,False,0
Greedy vs Random,1259,22262172,0,Greedy,Random,north,commander_capture,13,True,False,0
Greedy vs Random,1259,22262172,1,Random,Greedy,south,commander_capture,46,True,False,0
Greedy vs Random,1260,22262173,0,Greedy,Random,north,commander_capture,15,True,False,0
Greedy vs Random,1260,22262173,1,Random,Greedy,south,commander_capture,36,True,False,0
Greedy vs Random,1261,22262174,0,Greedy,Random,north,commander_capture,37,True,False,0
Greedy vs Random,1261,22262174,1,Random,Greedy,south,commander_capture,30,True,False,0
Greedy vs Random,1262,22262175,0,Greedy,Random,north,commander_capture,37,True,False,0
Greedy vs Random,1262,22262175,1,Random,Greedy,south,commander_capture,16,True,False,0
Greedy vs Random,1263,22262176,0,Greedy,Random,north,commander_capture,25,True,False,0
Greedy vs Random,1263,22262176,1,Random,Greedy,south,commander_capture,44,True,False,0
Greedy vs Random,1264,22262177,0,Greedy,Random,north,commander_capture,39,True,False,0
Greedy vs Random,1264,22262177,1,Random,Greedy,south,commander_capture,26,True,False,0
Greedy vs Random,1265,22262178,0,Greedy,Random,north,commander_capture,39,True,False,0
Greedy vs Random,1265,22262178,1,Random,Greedy,south,commander_capture,14,True,False,0
Greedy vs Random,1266,22262179,0,Greedy,Random,north,commander_capture,37,True,False,0
Greedy vs Random,1266,22262179,1,Random,Greedy,south,commander_capture,102,True,False,0
Greedy vs Random,1267,22262180,0,Greedy,Random,north,commander_capture,53,True,False,0
Greedy vs Random,1267,22262180,1,Random,Greedy,south,commander_capture,44,True,False,0
Greedy vs Random,1268,22262181,0,Greedy,Random,north,commander_capture,51,True,False,0
Greedy vs Random,1268,22262181,1,Random,Greedy,north,commander_capture,41,True,False,0
Greedy vs Random,1269,22262182,0,Greedy,Random,north,commander_capture,27,True,False,0
Greedy vs Random,1269,22262182,1,Random,Greedy,south,commander_capture,50,True,False,0
Greedy vs Random,1270,22262183,0,Greedy,Random,north,commander_capture,39,True,False,0
Greedy vs Random,1270,22262183,1,Random,Greedy,south,commander_capture,44,True,False,0
Greedy vs Random,1271,22262184,0,Greedy,Random,north,commander_capture,35,True,False,0
Greedy vs Random,1271,22262184,1,Random,Greedy,south,commander_capture,64,True,False,0
Greedy vs Random,1272,22262185,0,Greedy,Random,north,commander_capture,59,True,False,0
Greedy vs Random,1272,22262185,1,Random,Greedy,south,commander_capture,26,True,False,0
Greedy vs Random,1273,22262186,0,Greedy,Random,north,commander_capture,47,True,False,0
Greedy vs Random,1273,22262186,1,Random,Greedy,south,commander_capture,62,True,False,0
Greedy vs Random,1274,22262187,0,Greedy,Random,north,commander_capture,39,True,False,0
Greedy vs Random,1274,22262187,1,Random,Greedy,south,commander_capture,62,True,False,0
Greedy vs Random,1275,22262188,0,Greedy,Random,north,commander_capture,51,True,False,0
Greedy vs Random,1275,22262188,1,Random,Greedy,south,commander_capture,22,True,False,0
Greedy vs Random,1276,22262189,0,Greedy,Random,north,commander_capture,33,True,False,0
Greedy vs Random,1276,22262189,1,Random,Greedy,south,commander_capture,84,True,False,0
Greedy vs Random,1277,22262190,0,Greedy,Random,north,commander_capture,51,True,False,0
Greedy vs Random,1277,22262190,1,Random,Greedy,south,commander_capture,34,True,False,0
Greedy vs Random,1278,22262191,0,Greedy,Random,north,commander_capture,23,True,False,0
Greedy vs Random,1278,22262191,1,Random,Greedy,south,commander_capture,60,True,False,0
Greedy vs Random,1279,22262192,0,Greedy,Random,north,commander_capture,21,True,False,0
Greedy vs Random,1279,22262192,1,Random,Greedy,south,commander_capture,38,True,False,0
Greedy vs Random,1280,22262193,0,Greedy,Random,north,commander_capture,33,True,False,0
Greedy vs Random,1280,22262193,1,Random,Greedy,south,commander_capture,28,True,False,0
Greedy vs Random,1281,22262194,0,Greedy,Random,north,commander_capture,55,True,False,0
Greedy vs Random,1281,22262194,1,Random,Greedy,south,commander_capture,40,True,False,0
Greedy vs Random,1282,22262195,0,Greedy,Random,north,commander_capture,19,True,False,0
Greedy vs Random,1282,22262195,1,Random,Greedy,south,commander_capture,38,True,False,0
Greedy vs Random,1283,22262196,0,Greedy,Random,north,commander_capture,27,True,False,0
Greedy vs Random,1283,22262196,1,Random,Greedy,south,commander_capture,60,True,False,0
Greedy vs Random,1284,22262197,0,Greedy,Random,north,commander_capture,25,True,False,0
Greedy vs Random,1284,22262197,1,Random,Greedy,south,commander_capture,26,True,False,0
Greedy vs Random,1285,22262198,0,Greedy,Random,north,commander_capture,57,True,False,0
Greedy vs Random,1285,22262198,1,Random,Greedy,south,commander_capture,16,True,False,0
Greedy vs Random,1286,22262199,0,Greedy,Random,north,commander_capture,61,True,False,0
Greedy vs Random,1286,22262199,1,Random,Greedy,south,commander_capture,66,True,False,0
Greedy vs Random,1287,22262200,0,Greedy,Random,north,commander_capture,65,True,False,0
Greedy vs Random,1287,22262200,1,Random,Greedy,south,commander_capture,24,True,False,0
Greedy vs Random,1288,22262201,0,Greedy,Random,north,commander_capture,53,True,False,0
Greedy vs Random,1288,22262201,1,Random,Greedy,south,commander_capture,36,True,False,0
Greedy vs Random,1289,22262202,0,Greedy,Random,north,commander_capture,57,True,False,0
Greedy vs Random,1289,22262202,1,Random,Greedy,south,commander_capture,72,True,False,0
Greedy vs Random,1290,22262203,0,Greedy,Random,north,commander_capture,37,True,False,0
Greedy vs Random,1290,22262203,1,Random,Greedy,south,commander_capture,38,True,False,0
Greedy vs Random,1291,22262204,0,Greedy,Random,north,commander_capture,25,True,False,0
Greedy vs Random,1291,22262204,1,Random,Greedy,south,commander_capture,46,True,False,0
Greedy vs Random,1292,22262205,0,Greedy,Random,north,commander_capture,57,True,False,0
Greedy vs Random,1292,22262205,1,Random,Greedy,south,commander_capture,72,True,False,0
Greedy vs Random,1293,22262206,0,Greedy,Random,north,commander_capture,71,True,False,0
Greedy vs Random,1293,22262206,1,Random,Greedy,south,commander_capture,50,True,False,0
Greedy vs Random,1294,22262207,0,Greedy,Random,north,commander_capture,71,True,False,0
Greedy vs Random,1294,22262207,1,Random,Greedy,south,commander_capture,56,True,False,0
Greedy vs Random,1295,22262208,0,Greedy,Random,north,commander_capture,65,True,False,0
Greedy vs Random,1295,22262208,1,Random,Greedy,south,commander_capture,42,True,False,0
Greedy vs Random,1296,22262209,0,Greedy,Random,south,commander_capture,26,True,False,0
Greedy vs Random,1296,22262209,1,Random,Greedy,south,commander_capture,42,True,False,0
Greedy vs Random,1297,22262210,0,Greedy,Random,north,commander_capture,45,True,False,0
Greedy vs Random,1297,22262210,1,Random,Greedy,south,commander_capture,42,True,False,0
Greedy vs Random,1298,22262211,0,Greedy,Random,north,commander_capture,51,True,False,0
Greedy vs Random,1298,22262211,1,Random,Greedy,south,commander_capture,22,True,False,0
Greedy vs Random,1299,22262212,0,Greedy,Random,north,commander_capture,49,True,False,0
Greedy vs Random,1299,22262212,1,Random,Greedy,south,commander_capture,24,True,False,0
Greedy vs Random,1300,22262213,0,Greedy,Random,north,commander_capture,41,True,False,0
Greedy vs Random,1300,22262213,1,Random,Greedy,south,commander_capture,16,True,False,0
Greedy vs Random,1301,22262214,0,Greedy,Random,north,commander_capture,73,True,False,0
Greedy vs Random,1301,22262214,1,Random,Greedy,south,commander_capture,24,True,False,0
Greedy vs Random,1302,22262215,0,Greedy,Random,north,commander_capture,61,True,False,0
Greedy vs Random,1302,22262215,1,Random,Greedy,south,commander_capture,60,True,False,0
Greedy vs Random,1303,22262216,0,Greedy,Random,north,commander_capture,25,True,False,0
Greedy vs Random,1303,22262216,1,Random,Greedy,south,commander_capture,66,True,False,0
Greedy vs Random,1304,22262217,0,Greedy,Random,north,commander_capture,31,True,False,0
Greedy vs Random,1304,22262217,1,Random,Greedy,south,commander_capture,58,True,False,0
Greedy vs Random,1305,22262218,0,Greedy,Random,north,commander_capture,99,True,False,0
Greedy vs Random,1305,22262218,1,Random,Greedy,south,commander_capture,66,True,False,0
Greedy vs Random,1306,22262219,0,Greedy,Random,north,commander_capture,29,True,False,0
Greedy vs Random,1306,22262219,1,Random,Greedy,south,commander_capture,48,True,False,0
Greedy vs Random,1307,22262220,0,Greedy,Random,north,commander_capture,37,True,False,0
Greedy vs Random,1307,22262220,1,Random,Greedy,south,commander_capture,40,True,False,0
Greedy vs Random,1308,22262221,0,Greedy,Random,north,commander_capture,61,True,False,0
Greedy vs Random,1308,22262221,1,Random,Greedy,south,commander_capture,66,True,False,0
Greedy vs Random,1309,22262222,0,Greedy,Random,north,commander_capture,37,True,False,0
Greedy vs Random,1309,22262222,1,Random,Greedy,south,commander_capture,12,True,False,0
Greedy vs Random,1310,22262223,0,Greedy,Random,north,commander_capture,49,True,False,0
Greedy vs Random,1310,22262223,1,Random,Greedy,south,commander_capture,50,True,False,0
Greedy vs Random,1311,22262224,0,Greedy,Random,north,commander_capture,47,True,False,0
Greedy vs Random,1311,22262224,1,Random,Greedy,south,commander_capture,64,True,False,0
Greedy vs Random,1312,22262225,0,Greedy,Random,north,commander_capture,63,True,False,0
Greedy vs Random,1312,22262225,1,Random,Greedy,south,commander_capture,32,True,False,0
Greedy vs Random,1313,22262226,0,Greedy,Random,north,commander_capture,43,True,False,0
Greedy vs Random,1313,22262226,1,Random,Greedy,south,commander_capture,32,True,False,0
Greedy vs Random,1314,22262227,0,Greedy,Random,north,commander_capture,27,True,False,0
Greedy vs Random,1314,22262227,1,Random,Greedy,south,commander_capture,48,True,False,0
Greedy vs Random,1315,22262228,0,Greedy,Random,north,commander_capture,29,True,False,0
Greedy vs Random,1315,22262228,1,Random,Greedy,south,commander_capture,34,True,False,0
Greedy vs Random,1316,22262229,0,Greedy,Random,north,commander_capture,89,True,False,0
Greedy vs Random,1316,22262229,1,Random,Greedy,south,commander_capture,42,True,False,0
Greedy vs Random,1317,22262230,0,Greedy,Random,north,commander_capture,19,True,False,0
Greedy vs Random,1317,22262230,1,Random,Greedy,south,commander_capture,66,True,False,0
Greedy vs Random,1318,22262231,0,Greedy,Random,north,commander_capture,45,True,False,0
Greedy vs Random,1318,22262231,1,Random,Greedy,south,commander_capture,38,True,False,0
Greedy vs Random,1319,22262232,0,Greedy,Random,north,commander_capture,43,True,False,0
Greedy vs Random,1319,22262232,1,Random,Greedy,south,commander_capture,42,True,False,0
Greedy vs Random,1320,22262233,0,Greedy,Random,north,commander_capture,85,True,False,0
Greedy vs Random,1320,22262233,1,Random,Greedy,south,commander_capture,34,True,False,0
Greedy vs Random,1321,22262234,0,Greedy,Random,north,commander_capture,63,True,False,0
Greedy vs Random,1321,22262234,1,Random,Greedy,south,commander_capture,32,True,False,0
Greedy vs Random,1322,22262235,0,Greedy,Random,north,commander_capture,23,True,False,0
Greedy vs Random,1322,22262235,1,Random,Greedy,south,commander_capture,32,True,False,0
Greedy vs Random,1323,22262236,0,Greedy,Random,north,commander_capture,31,True,False,0
Greedy vs Random,1323,22262236,1,Random,Greedy,south,commander_capture,52,True,False,0
Greedy vs Random,1324,22262237,0,Greedy,Random,north,commander_capture,11,True,False,0
Greedy vs Random,1324,22262237,1,Random,Greedy,south,commander_capture,50,True,False,0
Greedy vs Random,1325,22262238,0,Greedy,Random,north,commander_capture,55,True,False,0
Greedy vs Random,1325,22262238,1,Random,Greedy,south,commander_capture,50,True,False,0
Greedy vs Random,1326,22262239,0,Greedy,Random,north,commander_capture,35,True,False,0
Greedy vs Random,1326,22262239,1,Random,Greedy,south,commander_capture,40,True,False,0
Greedy vs Random,1327,22262240,0,Greedy,Random,north,commander_capture,17,True,False,0
Greedy vs Random,1327,22262240,1,Random,Greedy,south,commander_capture,28,True,False,0
Greedy vs Random,1328,22262241,0,Greedy,Random,north,commander_capture,55,True,False,0
Greedy vs Random,1328,22262241,1,Random,Greedy,south,commander_capture,58,True,False,0
Greedy vs Random,1329,22262242,0,Greedy,Random,north,commander_capture,49,True,False,0
Greedy vs Random,1329,22262242,1,Random,Greedy,south,commander_capture,46,True,False,0
Greedy vs Random,1330,22262243,0,Greedy,Random,north,commander_capture,57,True,False,0
Greedy vs Random,1330,22262243,1,Random,Greedy,south,commander_capture,48,True,False,0
Greedy vs Random,1331,22262244,0,Greedy,Random,north,commander_capture,23,True,False,0
Greedy vs Random,1331,22262244,1,Random,Greedy,south,commander_capture,30,True,False,0
Greedy vs Random,1332,22262245,0,Greedy,Random,north,commander_capture,105,True,False,0
Greedy vs Random,1332,22262245,1,Random,Greedy,south,commander_capture,46,True,False,0
Greedy vs Random,1333,22262246,0,Greedy,Random,north,commander_capture,59,True,False,0
Greedy vs Random,1333,22262246,1,Random,Greedy,south,commander_capture,18,True,False,0
Greedy vs Random,1334,22262247,0,Greedy,Random,north,commander_capture,19,True,False,0
Greedy vs Random,1334,22262247,1,Random,Greedy,south,commander_capture,34,True,False,0
Greedy vs Random,1335,22262248,0,Greedy,Random,north,commander_capture,51,True,False,0
Greedy vs Random,1335,22262248,1,Random,Greedy,south,commander_capture,32,True,False,0
Greedy vs Random,1336,22262249,0,Greedy,Random,north,commander_capture,21,True,False,0
Greedy vs Random,1336,22262249,1,Random,Greedy,south,commander_capture,52,True,False,0
Greedy vs Random,1337,22262250,0,Greedy,Random,north,commander_capture,41,True,False,0
Greedy vs Random,1337,22262250,1,Random,Greedy,south,commander_capture,40,True,False,0
Greedy vs Random,1338,22262251,0,Greedy,Random,north,commander_capture,29,True,False,0
Greedy vs Random,1338,22262251,1,Random,Greedy,south,commander_capture,34,True,False,0
Greedy vs Random,1339,22262252,0,Greedy,Random,north,commander_capture,19,True,False,0
Greedy vs Random,1339,22262252,1,Random,Greedy,south,commander_capture,54,True,False,0
Greedy vs Random,1340,22262253,0,Greedy,Random,north,commander_capture,33,True,False,0
Greedy vs Random,1340,22262253,1,Random,Greedy,south,commander_capture,22,True,False,0
Greedy vs Random,1341,22262254,0,Greedy,Random,north,commander_capture,45,True,False,0
Greedy vs Random,1341,22262254,1,Random,Greedy,south,commander_capture,32,True,False,0
Greedy vs Random,1342,22262255,0,Greedy,Random,north,commander_capture,31,True,False,0
Greedy vs Random,1342,22262255,1,Random,Greedy,south,commander_capture,64,True,False,0
Greedy vs Random,1343,22262256,0,Greedy,Random,north,commander_capture,51,True,False,0
Greedy vs Random,1343,22262256,1,Random,Greedy,south,commander_capture,84,True,False,0
Greedy vs Random,1344,22262257,0,Greedy,Random,north,commander_capture,53,True,False,0
Greedy vs Random,1344,22262257,1,Random,Greedy,south,commander_capture,52,True,False,0
Greedy vs Random,1345,22262258,0,Greedy,Random,north,commander_capture,29,True,False,0
Greedy vs Random,1345,22262258,1,Random,Greedy,south,commander_capture,56,True,False,0
Greedy vs Random,1346,22262259,0,Greedy,Random,north,commander_capture,63,True,False,0
Greedy vs Random,1346,22262259,1,Random,Greedy,south,commander_capture,40,True,False,0
Greedy vs Random,1347,22262260,0,Greedy,Random,north,commander_capture,21,True,False,0
Greedy vs Random,1347,22262260,1,Random,Greedy,south,commander_capture,26,True,False,0
Greedy vs Random,1348,22262261,0,Greedy,Random,north,commander_capture,47,True,False,0
Greedy vs Random,1348,22262261,1,Random,Greedy,south,commander_capture,28,True,False,0
Greedy vs Random,1349,22262262,0,Greedy,Random,north,commander_capture,23,True,False,0
Greedy vs Random,1349,22262262,1,Random,Greedy,south,commander_capture,90,True,False,0
Greedy vs Random,1350,22262263,0,Greedy,Random,north,commander_capture,41,True,False,0
Greedy vs Random,1350,22262263,1,Random,Greedy,south,commander_capture,60,True,False,0
Greedy vs Random,1351,22262264,0,Greedy,Random,south,commander_capture,62,True,False,0
Greedy vs Random,1351,22262264,1,Random,Greedy,south,commander_capture,64,True,False,0
Greedy vs Random,1352,22262265,0,Greedy,Random,north,commander_capture,39,True,False,0
Greedy vs Random,1352,22262265,1,Random,Greedy,south,commander_capture,98,True,False,0
Greedy vs Random,1353,22262266,0,Greedy,Random,north,commander_capture,21,True,False,0
Greedy vs Random,1353,22262266,1,Random,Greedy,south,commander_capture,18,True,False,0
Greedy vs Random,1354,22262267,0,Greedy,Random,north,commander_capture,73,True,False,0
Greedy vs Random,1354,22262267,1,Random,Greedy,south,commander_capture,86,True,False,0
Greedy vs Random,1355,22262268,0,Greedy,Random,north,commander_capture,17,True,False,0
Greedy vs Random,1355,22262268,1,Random,Greedy,south,commander_capture,44,True,False,0
Greedy vs Random,1356,22262269,0,Greedy,Random,north,commander_capture,21,True,False,0
Greedy vs Random,1356,22262269,1,Random,Greedy,south,commander_capture,22,True,False,0
Greedy vs Random,1357,22262270,0,Greedy,Random,north,commander_capture,61,True,False,0
Greedy vs Random,1357,22262270,1,Random,Greedy,south,commander_capture,30,True,False,0
Greedy vs Random,1358,22262271,0,Greedy,Random,north,commander_capture,45,True,False,0
Greedy vs Random,1358,22262271,1,Random,Greedy,south,commander_capture,70,True,False,0
Greedy vs Random,1359,22262272,0,Greedy,Random,north,commander_capture,43,True,False,0
Greedy vs Random,1359,22262272,1,Random,Greedy,south,commander_capture,36,True,False,0
Greedy vs Random,1360,22262273,0,Greedy,Random,north,commander_capture,31,True,False,0
Greedy vs Random,1360,22262273,1,Random,Greedy,south,commander_capture,36,True,False,0
Greedy vs Random,1361,22262274,0,Greedy,Random,north,commander_capture,31,True,False,0
Greedy vs Random,1361,22262274,1,Random,Greedy,south,commander_capture,28,True,False,0
Greedy vs Random,1362,22262275,0,Greedy,Random,north,commander_capture,89,True,False,0
Greedy vs Random,1362,22262275,1,Random,Greedy,south,commander_capture,34,True,False,0
Greedy vs Random,1363,22262276,0,Greedy,Random,north,commander_capture,9,True,False,0
Greedy vs Random,1363,22262276,1,Random,Greedy,south,commander_capture,40,True,False,0
Greedy vs Random,1364,22262277,0,Greedy,Random,north,commander_capture,31,True,False,0
Greedy vs Random,1364,22262277,1,Random,Greedy,south,commander_capture,18,True,False,0
Greedy vs Random,1365,22262278,0,Greedy,Random,north,commander_capture,73,True,False,0
Greedy vs Random,1365,22262278,1,Random,Greedy,south,commander_capture,22,True,False,0
Greedy vs Random,1366,22262279,0,Greedy,Random,north,commander_capture,51,True,False,0
Greedy vs Random,1366,22262279,1,Random,Greedy,south,commander_capture,72,True,False,0
Greedy vs Random,1367,22262280,0,Greedy,Random,north,commander_capture,61,True,False,0
Greedy vs Random,1367,22262280,1,Random,Greedy,south,commander_capture,20,True,False,0
Greedy vs Random,1368,22262281,0,Greedy,Random,north,commander_capture,73,True,False,0
Greedy vs Random,1368,22262281,1,Random,Greedy,south,commander_capture,24,True,False,0
Greedy vs Random,1369,22262282,0,Greedy,Random,north,commander_capture,45,True,False,0
Greedy vs Random,1369,22262282,1,Random,Greedy,south,commander_capture,20,True,False,0
Greedy vs Random,1370,22262283,0,Greedy,Random,north,commander_capture,67,True,False,0
Greedy vs Random,1370,22262283,1,Random,Greedy,south,commander_capture,36,True,False,0
Greedy vs Random,1371,22262284,0,Greedy,Random,north,commander_capture,49,True,False,0
Greedy vs Random,1371,22262284,1,Random,Greedy,south,commander_capture,48,True,False,0
Greedy vs Random,1372,22262285,0,Greedy,Random,north,commander_capture,49,True,False,0
Greedy vs Random,1372,22262285,1,Random,Greedy,south,commander_capture,72,True,False,0
Greedy vs Random,1373,22262286,0,Greedy,Random,north,commander_capture,31,True,False,0
Greedy vs Random,1373,22262286,1,Random,Greedy,south,commander_capture,54,True,False,0
Greedy vs Random,1374,22262287,0,Greedy,Random,north,commander_capture,15,True,False,0
Greedy vs Random,1374,22262287,1,Random,Greedy,south,commander_capture,60,True,False,0
Greedy vs Random,1375,22262288,0,Greedy,Random,north,commander_capture,43,True,False,0
Greedy vs Random,1375,22262288,1,Random,Greedy,south,commander_capture,26,True,False,0
Greedy vs Random,1376,22262289,0,Greedy,Random,north,commander_capture,25,True,False,0
Greedy vs Random,1376,22262289,1,Random,Greedy,south,commander_capture,54,True,False,0
Greedy vs Random,1377,22262290,0,Greedy,Random,north,commander_capture,17,True,False,0
Greedy vs Random,1377,22262290,1,Random,Greedy,south,commander_capture,78,True,False,0
Greedy vs Random,1378,22262291,0,Greedy,Random,north,commander_capture,65,True,False,0
Greedy vs Random,1378,22262291,1,Random,Greedy,south,commander_capture,48,True,False,0
Greedy vs Random,1379,22262292,0,Greedy,Random,north,commander_capture,43,True,False,0
Greedy vs Random,1379,22262292,1,Random,Greedy,south,commander_capture,36,True,False,0
Greedy vs Random,1380,22262293,0,Greedy,Random,north,commander_capture,67,True,False,0
Greedy vs Random,1380,22262293,1,Random,Greedy,south,commander_capture,56,True,False,0
Greedy vs Random,1381,22262294,0,Greedy,Random,north,commander_capture,45,True,False,0
Greedy vs Random,1381,22262294,1,Random,Greedy,south,commander_capture,28,True,False,0
Greedy vs Random,1382,22262295,0,Greedy,Random,north,commander_capture,41,True,False,0
Greedy vs Random,1382,22262295,1,Random,Greedy,south,commander_capture,64,True,False,0
Greedy vs Random,1383,22262296,0,Greedy,Random,north,commander_capture,67,True,False,0
Greedy vs Random,1383,22262296,1,Random,Greedy,south,commander_capture,20,True,False,0
Greedy vs Random,1384,22262297,0,Greedy,Random,north,commander_capture,61,True,False,0
Greedy vs Random,1384,22262297,1,Random,Greedy,south,commander_capture,38,True,False,0
Greedy vs Random,1385,22262298,0,Greedy,Random,north,commander_capture,31,True,False,0
Greedy vs Random,1385,22262298,1,Random,Greedy,south,commander_capture,36,True,False,0
Greedy vs Random,1386,22262299,0,Greedy,Random,north,commander_capture,49,True,False,0
Greedy vs Random,1386,22262299,1,Random,Greedy,south,commander_capture,60,True,False,0
Greedy vs Random,1387,22262300,0,Greedy,Random,north,commander_capture,47,True,False,0
Greedy vs Random,1387,22262300,1,Random,Greedy,south,commander_capture,32,True,False,0
Greedy vs Random,1388,22262301,0,Greedy,Random,north,commander_capture,51,True,False,0
Greedy vs Random,1388,22262301,1,Random,Greedy,south,commander_capture,18,True,False,0
Greedy vs Random,1389,22262302,0,Greedy,Random,north,commander_capture,27,True,False,0
Greedy vs Random,1389,22262302,1,Random,Greedy,south,commander_capture,22,True,False,0
Greedy vs Random,1390,22262303,0,Greedy,Random,north,commander_capture,23,True,False,0
Greedy vs Random,1390,22262303,1,Random,Greedy,south,commander_capture,58,True,False,0
Greedy vs Random,1391,22262304,0,Greedy,Random,north,commander_capture,19,True,False,0
Greedy vs Random,1391,22262304,1,Random,Greedy,south,commander_capture,78,True,False,0
Greedy vs Random,1392,22262305,0,Greedy,Random,north,commander_capture,35,True,False,0
Greedy vs Random,1392,22262305,1,Random,Greedy,south,commander_capture,54,True,False,0
Greedy vs Random,1393,22262306,0,Greedy,Random,north,commander_capture,37,True,False,0
Greedy vs Random,1393,22262306,1,Random,Greedy,south,commander_capture,56,True,False,0
Greedy vs Random,1394,22262307,0,Greedy,Random,north,commander_capture,31,True,False,0
Greedy vs Random,1394,22262307,1,Random,Greedy,south,commander_capture,38,True,False,0
Greedy vs Random,1395,22262308,0,Greedy,Random,north,commander_capture,43,True,False,0
Greedy vs Random,1395,22262308,1,Random,Greedy,south,commander_capture,62,True,False,0
Greedy vs Random,1396,22262309,0,Greedy,Random,north,commander_capture,55,True,False,0
Greedy vs Random,1396,22262309,1,Random,Greedy,south,commander_capture,52,True,False,0
Greedy vs Random,1397,22262310,0,Greedy,Random,north,commander_capture,61,True,False,0
Greedy vs Random,1397,22262310,1,Random,Greedy,south,commander_capture,44,True,False,0
Greedy vs Random,1398,22262311,0,Greedy,Random,north,commander_capture,89,True,False,0
Greedy vs Random,1398,22262311,1,Random,Greedy,south,commander_capture,48,True,False,0
Greedy vs Random,1399,22262312,0,Greedy,Random,north,commander_capture,69,True,False,0
Greedy vs Random,1399,22262312,1,Random,Greedy,south,commander_capture,40,True,False,0
Greedy vs Random,1400,22262313,0,Greedy,Random,north,commander_capture,27,True,False,0
Greedy vs Random,1400,22262313,1,Random,Greedy,south,commander_capture,70,True,False,0
Greedy vs Random,1401,22262314,0,Greedy,Random,north,commander_capture,41,True,False,0
Greedy vs Random,1401,22262314,1,Random,Greedy,south,commander_capture,38,True,False,0
Greedy vs Random,1402,22262315,0,Greedy,Random,north,commander_capture,53,True,False,0
Greedy vs Random,1402,22262315,1,Random,Greedy,south,commander_capture,36,True,False,0
Greedy vs Random,1403,22262316,0,Greedy,Random,north,commander_capture,33,True,False,0
Greedy vs Random,1403,22262316,1,Random,Greedy,south,commander_capture,38,True,False,0
Greedy vs Random,1404,22262317,0,Greedy,Random,north,commander_capture,45,True,False,0
Greedy vs Random,1404,22262317,1,Random,Greedy,south,commander_capture,34,True,False,0
Greedy vs Random,1405,22262318,0,Greedy,Random,north,commander_capture,85,True,False,0
Greedy vs Random,1405,22262318,1,Random,Greedy,south,commander_capture,30,True,False,0
Greedy vs Random,1406,22262319,0,Greedy,Random,north,commander_capture,49,True,False,0
Greedy vs Random,1406,22262319,1,Random,Greedy,south,commander_capture,24,True,False,0
Greedy vs Random,1407,22262320,0,Greedy,Random,north,commander_capture,57,True,False,0
Greedy vs Random,1407,22262320,1,Random,Greedy,south,commander_capture,96,True,False,0
Greedy vs Random,1408,22262321,0,Greedy,Random,north,commander_capture,79,True,False,0
Greedy vs Random,1408,22262321,1,Random,Greedy,south,commander_capture,40,True,False,0
Greedy vs Random,1409,22262322,0,Greedy,Random,north,commander_capture,13,True,False,0
Greedy vs Random,1409,22262322,1,Random,Greedy,south,commander_capture,46,True,False,0
Greedy vs Random,1410,22262323,0,Greedy,Random,north,commander_capture,23,True,False,0
Greedy vs Random,1410,22262323,1,Random,Greedy,south,commander_capture,60,True,False,0
Greedy vs Random,1411,22262324,0,Greedy,Random,north,commander_capture,33,True,False,0
Greedy vs Random,1411,22262324,1,Random,Greedy,south,commander_capture,60,True,False,0
Greedy vs Random,1412,22262325,0,Greedy,Random,north,commander_capture,37,True,False,0
Greedy vs Random,1412,22262325,1,Random,Greedy,south,commander_capture,40,True,False,0
Greedy vs Random,1413,22262326,0,Greedy,Random,north,commander_capture,39,True,False,0
Greedy vs Random,1413,22262326,1,Random,Greedy,south,commander_capture,52,True,False,0
Greedy vs Random,1414,22262327,0,Greedy,Random,north,commander_capture,29,True,False,0
Greedy vs Random,1414,22262327,1,Random,Greedy,south,commander_capture,42,True,False,0
Greedy vs Random,1415,22262328,0,Greedy,Random,north,commander_capture,79,True,False,0
Greedy vs Random,1415,22262328,1,Random,Greedy,south,commander_capture,22,True,False,0
Greedy vs Random,1416,22262329,0,Greedy,Random,north,commander_capture,19,True,False,0
Greedy vs Random,1416,22262329,1,Random,Greedy,south,commander_capture,28,True,False,0
Greedy vs Random,1417,22262330,0,Greedy,Random,north,commander_capture,27,True,False,0
Greedy vs Random,1417,22262330,1,Random,Greedy,south,commander_capture,34,True,False,0
Greedy vs Random,1418,22262331,0,Greedy,Random,north,commander_capture,79,True,False,0
Greedy vs Random,1418,22262331,1,Random,Greedy,south,commander_capture,28,True,False,0
Greedy vs Random,1419,22262332,0,Greedy,Random,north,commander_capture,31,True,False,0
Greedy vs Random,1419,22262332,1,Random,Greedy,south,commander_capture,70,True,False,0
Greedy vs Random,1420,22262333,0,Greedy,Random,north,commander_capture,89,True,False,0
Greedy vs Random,1420,22262333,1,Random,Greedy,south,commander_capture,60,True,False,0
Greedy vs Random,1421,22262334,0,Greedy,Random,north,commander_capture,27,True,False,0
Greedy vs Random,1421,22262334,1,Random,Greedy,south,commander_capture,18,True,False,0
Greedy vs Random,1422,22262335,0,Greedy,Random,north,commander_capture,29,True,False,0
Greedy vs Random,1422,22262335,1,Random,Greedy,south,commander_capture,44,True,False,0
Greedy vs Random,1423,22262336,0,Greedy,Random,north,commander_capture,45,True,False,0
Greedy vs Random,1423,22262336,1,Random,Greedy,south,commander_capture,64,True,False,0
Greedy vs Random,1424,22262337,0,Greedy,Random,north,commander_capture,27,True,False,0
Greedy vs Random,1424,22262337,1,Random,Greedy,south,commander_capture,22,True,False,0
Greedy vs Random,1425,22262338,0,Greedy,Random,north,commander_capture,37,True,False,0
Greedy vs Random,1425,22262338,1,Random,Greedy,south,commander_capture,22,True,False,0
Greedy vs Random,1426,22262339,0,Greedy,Random,north,commander_capture,27,True,False,0
Greedy vs Random,1426,22262339,1,Random,Greedy,south,commander_capture,42,True,False,0
Greedy vs Random,1427,22262340,0,Greedy,Random,north,commander_capture,39,True,False,0
Greedy vs Random,1427,22262340,1,Random,Greedy,south,commander_capture,46,True,False,0
Greedy vs Random,1428,22262341,0,Greedy,Random,north,commander_capture,15,True,False,0
Greedy vs Random,1428,22262341,1,Random,Greedy,south,commander_capture,32,True,False,0
Greedy vs Random,1429,22262342,0,Greedy,Random,north,commander_capture,77,True,False,0
Greedy vs Random,1429,22262342,1,Random,Greedy,south,commander_capture,22,True,False,0
Greedy vs Random,1430,22262343,0,Greedy,Random,north,commander_capture,59,True,False,0
Greedy vs Random,1430,22262343,1,Random,Greedy,south,commander_capture,36,True,False,0
Greedy vs Random,1431,22262344,0,Greedy,Random,north,commander_capture,25,True,False,0
Greedy vs Random,1431,22262344,1,Random,Greedy,south,commander_capture,102,True,False,0
Greedy vs Random,1432,22262345,0,Greedy,Random,north,commander_capture,45,True,False,0
Greedy vs Random,1432,22262345,1,Random,Greedy,south,commander_capture,80,True,False,0
Greedy vs Random,1433,22262346,0,Greedy,Random,north,commander_capture,37,True,False,0
Greedy vs Random,1433,22262346,1,Random,Greedy,south,commander_capture,28,True,False,0
Greedy vs Random,1434,22262347,0,Greedy,Random,north,commander_capture,33,True,False,0
Greedy vs Random,1434,22262347,1,Random,Greedy,south,commander_capture,24,True,False,0
Greedy vs Random,1435,22262348,0,Greedy,Random,north,commander_capture,43,True,False,0
Greedy vs Random,1435,22262348,1,Random,Greedy,south,commander_capture,38,True,False,0
Greedy vs Random,1436,22262349,0,Greedy,Random,north,commander_capture,53,True,False,0
Greedy vs Random,1436,22262349,1,Random,Greedy,south,commander_capture,46,True,False,0
Greedy vs Random,1437,22262350,0,Greedy,Random,north,commander_capture,83,True,False,0
Greedy vs Random,1437,22262350,1,Random,Greedy,south,commander_capture,34,True,False,0
Greedy vs Random,1438,22262351,0,Greedy,Random,north,commander_capture,49,True,False,0
Greedy vs Random,1438,22262351,1,Random,Greedy,south,commander_capture,40,True,False,0
Greedy vs Random,1439,22262352,0,Greedy,Random,north,commander_capture,27,True,False,0
Greedy vs Random,1439,22262352,1,Random,Greedy,south,commander_capture,24,True,False,0
Greedy vs Random,1440,22262353,0,Greedy,Random,north,commander_capture,37,True,False,0
Greedy vs Random,1440,22262353,1,Random,Greedy,south,commander_capture,48,True,False,0
Greedy vs Random,1441,22262354,0,Greedy,Random,north,commander_capture,37,True,False,0
Greedy vs Random,1441,22262354,1,Random,Greedy,south,commander_capture,82,True,False,0
Greedy vs Random,1442,22262355,0,Greedy,Random,north,commander_capture,29,True,False,0
Greedy vs Random,1442,22262355,1,Random,Greedy,south,commander_capture,54,True,False,0
Greedy vs Random,1443,22262356,0,Greedy,Random,north,commander_capture,37,True,False,0
Greedy vs Random,1443,22262356,1,Random,Greedy,south,commander_capture,68,True,False,0
Greedy vs Random,1444,22262357,0,Greedy,Random,north,commander_capture,59,True,False,0
Greedy vs Random,1444,22262357,1,Random,Greedy,south,commander_capture,36,True,False,0
Greedy vs Random,1445,22262358,0,Greedy,Random,north,commander_capture,41,True,False,0
Greedy vs Random,1445,22262358,1,Random,Greedy,south,commander_capture,42,True,False,0
Greedy vs Random,1446,22262359,0,Greedy,Random,north,commander_capture,31,True,False,0
Greedy vs Random,1446,22262359,1,Random,Greedy,south,commander_capture,58,True,False,0
Greedy vs Random,1447,22262360,0,Greedy,Random,north,commander_capture,41,True,False,0
Greedy vs Random,1447,22262360,1,Random,Greedy,south,commander_capture,70,True,False,0
Greedy vs Random,1448,22262361,0,Greedy,Random,north,commander_capture,25,True,False,0
Greedy vs Random,1448,22262361,1,Random,Greedy,south,commander_capture,44,True,False,0
Greedy vs Random,1449,22262362,0,Greedy,Random,north,commander_capture,83,True,False,0
Greedy vs Random,1449,22262362,1,Random,Greedy,south,commander_capture,50,True,False,0
Greedy vs Random,1450,22262363,0,Greedy,Random,south,commander_capture,76,True,False,0
Greedy vs Random,1450,22262363,1,Random,Greedy,south,commander_capture,48,True,False,0
Greedy vs Random,1451,22262364,0,Greedy,Random,north,commander_capture,37,True,False,0
Greedy vs Random,1451,22262364,1,Random,Greedy,south,commander_capture,54,True,False,0
Greedy vs Random,1452,22262365,0,Greedy,Random,north,commander_capture,49,True,False,0
Greedy vs Random,1452,22262365,1,Random,Greedy,south,commander_capture,46,True,False,0
Greedy vs Random,1453,22262366,0,Greedy,Random,north,commander_capture,15,True,False,0
Greedy vs Random,1453,22262366,1,Random,Greedy,south,commander_capture,26,True,False,0
Greedy vs Random,1454,22262367,0,Greedy,Random,north,commander_capture,37,True,False,0
Greedy vs Random,1454,22262367,1,Random,Greedy,south,commander_capture,40,True,False,0
Greedy vs Random,1455,22262368,0,Greedy,Random,north,commander_capture,37,True,False,0
Greedy vs Random,1455,22262368,1,Random,Greedy,south,commander_capture,44,True,False,0
Greedy vs Random,1456,22262369,0,Greedy,Random,north,commander_capture,43,True,False,0
Greedy vs Random,1456,22262369,1,Random,Greedy,south,commander_capture,38,True,False,0
Greedy vs Random,1457,22262370,0,Greedy,Random,north,commander_capture,29,True,False,0
Greedy vs Random,1457,22262370,1,Random,Greedy,south,commander_capture,28,True,False,0
Greedy vs Random,1458,22262371,0,Greedy,Random,north,commander_capture,37,True,False,0
Greedy vs Random,1458,22262371,1,Random,Greedy,south,commander_capture,28,True,False,0
Greedy vs Random,1459,22262372,0,Greedy,Random,north,commander_capture,67,True,False,0
Greedy vs Random,1459,22262372,1,Random,Greedy,south,commander_capture,30,True,False,0
Greedy vs Random,1460,22262373,0,Greedy,Random,north,commander_capture,23,True,False,0
Greedy vs Random,1460,22262373,1,Random,Greedy,south,commander_capture,34,True,False,0
Greedy vs Random,1461,22262374,0,Greedy,Random,north,commander_capture,55,True,False,0
Greedy vs Random,1461,22262374,1,Random,Greedy,south,commander_capture,42,True,False,0
Greedy vs Random,1462,22262375,0,Greedy,Random,north,commander_capture,69,True,False,0
Greedy vs Random,1462,22262375,1,Random,Greedy,south,commander_capture,50,True,False,0
Greedy vs Random,1463,22262376,0,Greedy,Random,north,commander_capture,55,True,False,0
Greedy vs Random,1463,22262376,1,Random,Greedy,south,commander_capture,62,True,False,0
Greedy vs Random,1464,22262377,0,Greedy,Random,north,commander_capture,61,True,False,0
Greedy vs Random,1464,22262377,1,Random,Greedy,south,commander_capture,50,True,False,0
Greedy vs Random,1465,22262378,0,Greedy,Random,north,commander_capture,37,True,False,0
Greedy vs Random,1465,22262378,1,Random,Greedy,south,commander_capture,32,True,False,0
Greedy vs Random,1466,22262379,0,Greedy,Random,north,commander_capture,53,True,False,0
Greedy vs Random,1466,22262379,1,Random,Greedy,south,commander_capture,40,True,False,0
Greedy vs Random,1467,22262380,0,Greedy,Random,north,commander_capture,49,True,False,0
Greedy vs Random,1467,22262380,1,Random,Greedy,south,commander_capture,40,True,False,0
Greedy vs Random,1468,22262381,0,Greedy,Random,north,commander_capture,47,True,False,0
Greedy vs Random,1468,22262381,1,Random,Greedy,south,commander_capture,64,True,False,0
Greedy vs Random,1469,22262382,0,Greedy,Random,north,commander_capture,41,True,False,0
Greedy vs Random,1469,22262382,1,Random,Greedy,south,commander_capture,70,True,False,0
Greedy vs Random,1470,22262383,0,Greedy,Random,north,commander_capture,37,True,False,0
Greedy vs Random,1470,22262383,1,Random,Greedy,south,commander_capture,68,True,False,0
Greedy vs Random,1471,22262384,0,Greedy,Random,north,commander_capture,17,True,False,0
Greedy vs Random,1471,22262384,1,Random,Greedy,south,commander_capture,76,True,False,0
Greedy vs Random,1472,22262385,0,Greedy,Random,north,commander_capture,33,True,False,0
Greedy vs Random,1472,22262385,1,Random,Greedy,south,commander_capture,50,True,False,0
Greedy vs Random,1473,22262386,0,Greedy,Random,north,commander_capture,47,True,False,0
Greedy vs Random,1473,22262386,1,Random,Greedy,south,commander_capture,96,True,False,0
Greedy vs Random,1474,22262387,0,Greedy,Random,north,commander_capture,41,True,False,0
Greedy vs Random,1474,22262387,1,Random,Greedy,south,commander_capture,24,True,False,0
Greedy vs Random,1475,22262388,0,Greedy,Random,north,commander_capture,41,True,False,0
Greedy vs Random,1475,22262388,1,Random,Greedy,south,commander_capture,34,True,False,0
Greedy vs Random,1476,22262389,0,Greedy,Random,north,commander_capture,33,True,False,0
Greedy vs Random,1476,22262389,1,Random,Greedy,south,commander_capture,28,True,False,0
Greedy vs Random,1477,22262390,0,Greedy,Random,north,commander_capture,49,True,False,0
Greedy vs Random,1477,22262390,1,Random,Greedy,south,commander_capture,22,True,False,0
Greedy vs Random,1478,22262391,0,Greedy,Random,north,commander_capture,43,True,False,0
Greedy vs Random,1478,22262391,1,Random,Greedy,south,commander_capture,28,True,False,0
Greedy vs Random,1479,22262392,0,Greedy,Random,north,commander_capture,43,True,False,0
Greedy vs Random,1479,22262392,1,Random,Greedy,south,commander_capture,50,True,False,0
Greedy vs Random,1480,22262393,0,Greedy,Random,north,commander_capture,61,True,False,0
Greedy vs Random,1480,22262393,1,Random,Greedy,south,commander_capture,22,True,False,0
Greedy vs Random,1481,22262394,0,Greedy,Random,north,commander_capture,37,True,False,0
Greedy vs Random,1481,22262394,1,Random,Greedy,south,commander_capture,114,True,False,0
Greedy vs Random,1482,22262395,0,Greedy,Random,north,commander_capture,17,True,False,0
Greedy vs Random,1482,22262395,1,Random,Greedy,south,commander_capture,66,True,False,0
Greedy vs Random,1483,22262396,0,Greedy,Random,north,commander_capture,51,True,False,0
Greedy vs Random,1483,22262396,1,Random,Greedy,south,commander_capture,22,True,False,0
Greedy vs Random,1484,22262397,0,Greedy,Random,north,commander_capture,21,True,False,0
Greedy vs Random,1484,22262397,1,Random,Greedy,south,commander_capture,30,True,False,0
Greedy vs Random,1485,22262398,0,Greedy,Random,north,commander_capture,47,True,False,0
Greedy vs Random,1485,22262398,1,Random,Greedy,south,commander_capture,18,True,False,0
Greedy vs Random,1486,22262399,0,Greedy,Random,north,commander_capture,27,True,False,0
Greedy vs Random,1486,22262399,1,Random,Greedy,south,commander_capture,46,True,False,0
Greedy vs Random,1487,22262400,0,Greedy,Random,north,commander_capture,29,True,False,0
Greedy vs Random,1487,22262400,1,Random,Greedy,south,commander_capture,30,True,False,0
Greedy vs Random,1488,22262401,0,Greedy,Random,north,commander_capture,53,True,False,0
Greedy vs Random,1488,22262401,1,Random,Greedy,south,commander_capture,48,True,False,0
Greedy vs Random,1489,22262402,0,Greedy,Random,north,commander_capture,41,True,False,0
Greedy vs Random,1489,22262402,1,Random,Greedy,south,commander_capture,46,True,False,0
Greedy vs Random,1490,22262403,0,Greedy,Random,north,commander_capture,59,True,False,0
Greedy vs Random,1490,22262403,1,Random,Greedy,north,commander_capture,47,True,False,0
Greedy vs Random,1491,22262404,0,Greedy,Random,north,commander_capture,37,True,False,0
Greedy vs Random,1491,22262404,1,Random,Greedy,south,commander_capture,14,True,False,0
Greedy vs Random,1492,22262405,0,Greedy,Random,north,commander_capture,23,True,False,0
Greedy vs Random,1492,22262405,1,Random,Greedy,south,commander_capture,38,True,False,0
Greedy vs Random,1493,22262406,0,Greedy,Random,north,commander_capture,77,True,False,0
Greedy vs Random,1493,22262406,1,Random,Greedy,south,commander_capture,42,True,False,0
Greedy vs Random,1494,22262407,0,Greedy,Random,north,commander_capture,47,True,False,0
Greedy vs Random,1494,22262407,1,Random,Greedy,north,commander_capture,25,True,False,0
Greedy vs Random,1495,22262408,0,Greedy,Random,north,commander_capture,31,True,False,0
Greedy vs Random,1495,22262408,1,Random,Greedy,south,commander_capture,24,True,False,0
Greedy vs Random,1496,22262409,0,Greedy,Random,north,commander_capture,33,True,False,0
Greedy vs Random,1496,22262409,1,Random,Greedy,south,commander_capture,38,True,False,0
Greedy vs Random,1497,22262410,0,Greedy,Random,north,commander_capture,55,True,False,0
Greedy vs Random,1497,22262410,1,Random,Greedy,south,commander_capture,32,True,False,0
Greedy vs Random,1498,22262411,0,Greedy,Random,north,commander_capture,21,True,False,0
Greedy vs Random,1498,22262411,1,Random,Greedy,south,commander_capture,48,True,False,0
Greedy vs Random,1499,22262412,0,Greedy,Random,north,commander_capture,29,True,False,0
Greedy vs Random,1499,22262412,1,Random,Greedy,south,commander_capture,66,True,False,0
Lookahead vs Greedy,0,23260913,0,Lookahead,Greedy,north,commander_capture,99,True,False,0
Lookahead vs Greedy,0,23260913,1,Greedy,Lookahead,south,commander_capture,72,True,False,0
Lookahead vs Greedy,1,23260914,0,Lookahead,Greedy,north,commander_capture,49,True,False,0
Lookahead vs Greedy,1,23260914,1,Greedy,Lookahead,south,commander_capture,72,True,False,0
Lookahead vs Greedy,2,23260915,0,Lookahead,Greedy,north,commander_capture,41,True,False,0
Lookahead vs Greedy,2,23260915,1,Greedy,Lookahead,south,commander_capture,84,True,False,0
Lookahead vs Greedy,3,23260916,0,Lookahead,Greedy,north,commander_capture,89,True,False,0
Lookahead vs Greedy,3,23260916,1,Greedy,Lookahead,south,commander_capture,100,True,False,0
Lookahead vs Greedy,4,23260917,0,Lookahead,Greedy,north,commander_capture,97,True,False,0
Lookahead vs Greedy,4,23260917,1,Greedy,Lookahead,south,commander_capture,84,True,False,0
Lookahead vs Greedy,5,23260918,0,Lookahead,Greedy,north,commander_capture,61,True,False,0
Lookahead vs Greedy,5,23260918,1,Greedy,Lookahead,north,commander_capture,57,True,False,0
Lookahead vs Greedy,6,23260919,0,Lookahead,Greedy,north,commander_capture,35,True,False,0
Lookahead vs Greedy,6,23260919,1,Greedy,Lookahead,south,commander_capture,16,True,False,0
Lookahead vs Greedy,7,23260920,0,Lookahead,Greedy,north,commander_capture,53,True,False,0
Lookahead vs Greedy,7,23260920,1,Greedy,Lookahead,south,commander_capture,54,True,False,0
Lookahead vs Greedy,8,23260921,0,Lookahead,Greedy,north,commander_capture,79,True,False,0
Lookahead vs Greedy,8,23260921,1,Greedy,Lookahead,south,commander_capture,104,True,False,0
Lookahead vs Greedy,9,23260922,0,Lookahead,Greedy,north,commander_capture,87,True,False,0
Lookahead vs Greedy,9,23260922,1,Greedy,Lookahead,south,commander_capture,54,True,False,0
Lookahead vs Greedy,10,23260923,0,Lookahead,Greedy,north,commander_capture,101,True,False,0
Lookahead vs Greedy,10,23260923,1,Greedy,Lookahead,south,commander_capture,56,True,False,0
Lookahead vs Greedy,11,23260924,0,Lookahead,Greedy,north,commander_capture,67,True,False,0
Lookahead vs Greedy,11,23260924,1,Greedy,Lookahead,south,commander_capture,50,True,False,0
Lookahead vs Greedy,12,23260925,0,Lookahead,Greedy,north,commander_capture,73,True,False,0
Lookahead vs Greedy,12,23260925,1,Greedy,Lookahead,south,commander_capture,78,True,False,0
Lookahead vs Greedy,13,23260926,0,Lookahead,Greedy,north,commander_capture,87,True,False,0
Lookahead vs Greedy,13,23260926,1,Greedy,Lookahead,south,commander_capture,82,True,False,0
Lookahead vs Greedy,14,23260927,0,Lookahead,Greedy,north,commander_capture,47,True,False,0
Lookahead vs Greedy,14,23260927,1,Greedy,Lookahead,south,commander_capture,76,True,False,0
Lookahead vs Greedy,15,23260928,0,Lookahead,Greedy,north,commander_capture,79,True,False,0
Lookahead vs Greedy,15,23260928,1,Greedy,Lookahead,north,commander_capture,37,True,False,0
Lookahead vs Greedy,16,23260929,0,Lookahead,Greedy,south,commander_capture,64,True,False,0
Lookahead vs Greedy,16,23260929,1,Greedy,Lookahead,south,commander_capture,28,True,False,0
Lookahead vs Greedy,17,23260930,0,Lookahead,Greedy,north,commander_capture,91,True,False,0
Lookahead vs Greedy,17,23260930,1,Greedy,Lookahead,south,commander_capture,92,True,False,0
Lookahead vs Greedy,18,23260931,0,Lookahead,Greedy,north,commander_capture,87,True,False,0
Lookahead vs Greedy,18,23260931,1,Greedy,Lookahead,south,commander_capture,68,True,False,0
Lookahead vs Greedy,19,23260932,0,Lookahead,Greedy,north,commander_capture,67,True,False,0
Lookahead vs Greedy,19,23260932,1,Greedy,Lookahead,south,commander_capture,64,True,False,0
Lookahead vs Greedy,20,23260933,0,Lookahead,Greedy,north,commander_capture,33,True,False,0
Lookahead vs Greedy,20,23260933,1,Greedy,Lookahead,south,commander_capture,34,True,False,0
Lookahead vs Greedy,21,23260934,0,Lookahead,Greedy,north,commander_capture,91,True,False,0
Lookahead vs Greedy,21,23260934,1,Greedy,Lookahead,south,commander_capture,40,True,False,0
Lookahead vs Greedy,22,23260935,0,Lookahead,Greedy,north,commander_capture,49,True,False,0
Lookahead vs Greedy,22,23260935,1,Greedy,Lookahead,south,commander_capture,80,True,False,0
Lookahead vs Greedy,23,23260936,0,Lookahead,Greedy,north,commander_capture,99,True,False,0
Lookahead vs Greedy,23,23260936,1,Greedy,Lookahead,south,commander_capture,34,True,False,0
Lookahead vs Greedy,24,23260937,0,Lookahead,Greedy,north,commander_capture,57,True,False,0
Lookahead vs Greedy,24,23260937,1,Greedy,Lookahead,south,commander_capture,50,True,False,0
Lookahead vs Greedy,25,23260938,0,Lookahead,Greedy,north,commander_capture,79,True,False,0
Lookahead vs Greedy,25,23260938,1,Greedy,Lookahead,south,commander_capture,36,True,False,0
Lookahead vs Greedy,26,23260939,0,Lookahead,Greedy,north,commander_capture,21,True,False,0
Lookahead vs Greedy,26,23260939,1,Greedy,Lookahead,south,commander_capture,56,True,False,0
Lookahead vs Greedy,27,23260940,0,Lookahead,Greedy,north,commander_capture,69,True,False,0
Lookahead vs Greedy,27,23260940,1,Greedy,Lookahead,south,commander_capture,112,True,False,0
Lookahead vs Greedy,28,23260941,0,Lookahead,Greedy,draw,threefold_repetition,46,True,False,0
Lookahead vs Greedy,28,23260941,1,Greedy,Lookahead,south,commander_capture,52,True,False,0
Lookahead vs Greedy,29,23260942,0,Lookahead,Greedy,south,commander_capture,22,True,False,0
Lookahead vs Greedy,29,23260942,1,Greedy,Lookahead,south,commander_capture,50,True,False,0
Lookahead vs Greedy,30,23260943,0,Lookahead,Greedy,north,commander_capture,75,True,False,0
Lookahead vs Greedy,30,23260943,1,Greedy,Lookahead,north,commander_capture,83,True,False,0
Lookahead vs Greedy,31,23260944,0,Lookahead,Greedy,north,commander_capture,71,True,False,0
Lookahead vs Greedy,31,23260944,1,Greedy,Lookahead,south,commander_capture,86,True,False,0
Lookahead vs Greedy,32,23260945,0,Lookahead,Greedy,north,commander_capture,59,True,False,0
Lookahead vs Greedy,32,23260945,1,Greedy,Lookahead,south,commander_capture,114,True,False,0
Lookahead vs Greedy,33,23260946,0,Lookahead,Greedy,north,commander_capture,75,True,False,0
Lookahead vs Greedy,33,23260946,1,Greedy,Lookahead,north,commander_capture,61,True,False,0
Lookahead vs Greedy,34,23260947,0,Lookahead,Greedy,north,commander_capture,81,True,False,0
Lookahead vs Greedy,34,23260947,1,Greedy,Lookahead,south,commander_capture,120,True,False,0
Lookahead vs Greedy,35,23260948,0,Lookahead,Greedy,north,commander_capture,25,True,False,0
Lookahead vs Greedy,35,23260948,1,Greedy,Lookahead,south,commander_capture,40,True,False,0
Lookahead vs Greedy,36,23260949,0,Lookahead,Greedy,north,commander_capture,39,True,False,0
Lookahead vs Greedy,36,23260949,1,Greedy,Lookahead,south,commander_capture,56,True,False,0
Lookahead vs Greedy,37,23260950,0,Lookahead,Greedy,north,commander_capture,19,True,False,0
Lookahead vs Greedy,37,23260950,1,Greedy,Lookahead,south,commander_capture,56,True,False,0
Lookahead vs Greedy,38,23260951,0,Lookahead,Greedy,south,commander_capture,24,True,False,0
Lookahead vs Greedy,38,23260951,1,Greedy,Lookahead,north,commander_capture,51,True,False,0
Lookahead vs Greedy,39,23260952,0,Lookahead,Greedy,north,commander_capture,31,True,False,0
Lookahead vs Greedy,39,23260952,1,Greedy,Lookahead,south,commander_capture,62,True,False,0
Lookahead vs Greedy,40,23260953,0,Lookahead,Greedy,north,commander_capture,99,True,False,0
Lookahead vs Greedy,40,23260953,1,Greedy,Lookahead,south,commander_capture,60,True,False,0
Lookahead vs Greedy,41,23260954,0,Lookahead,Greedy,north,commander_capture,87,True,False,0
Lookahead vs Greedy,41,23260954,1,Greedy,Lookahead,south,commander_capture,94,True,False,0
Lookahead vs Greedy,42,23260955,0,Lookahead,Greedy,north,commander_capture,37,True,False,0
Lookahead vs Greedy,42,23260955,1,Greedy,Lookahead,south,commander_capture,50,True,False,0
Lookahead vs Greedy,43,23260956,0,Lookahead,Greedy,north,commander_capture,97,True,False,0
Lookahead vs Greedy,43,23260956,1,Greedy,Lookahead,south,commander_capture,64,True,False,0
Lookahead vs Greedy,44,23260957,0,Lookahead,Greedy,north,commander_capture,13,True,False,0
Lookahead vs Greedy,44,23260957,1,Greedy,Lookahead,south,commander_capture,46,True,False,0
Lookahead vs Greedy,45,23260958,0,Lookahead,Greedy,north,commander_capture,109,True,False,0
Lookahead vs Greedy,45,23260958,1,Greedy,Lookahead,south,commander_capture,64,True,False,0
Lookahead vs Greedy,46,23260959,0,Lookahead,Greedy,north,commander_capture,29,True,False,0
Lookahead vs Greedy,46,23260959,1,Greedy,Lookahead,south,commander_capture,48,True,False,0
Lookahead vs Greedy,47,23260960,0,Lookahead,Greedy,north,commander_capture,71,True,False,0
Lookahead vs Greedy,47,23260960,1,Greedy,Lookahead,south,commander_capture,72,True,False,0
Lookahead vs Greedy,48,23260961,0,Lookahead,Greedy,north,commander_capture,75,True,False,0
Lookahead vs Greedy,48,23260961,1,Greedy,Lookahead,south,commander_capture,60,True,False,0
Lookahead vs Greedy,49,23260962,0,Lookahead,Greedy,north,commander_capture,63,True,False,0
Lookahead vs Greedy,49,23260962,1,Greedy,Lookahead,south,commander_capture,44,True,False,0
Lookahead vs Greedy,50,23260963,0,Lookahead,Greedy,north,commander_capture,79,True,False,0
Lookahead vs Greedy,50,23260963,1,Greedy,Lookahead,south,commander_capture,82,True,False,0
Lookahead vs Greedy,51,23260964,0,Lookahead,Greedy,north,commander_capture,41,True,False,0
Lookahead vs Greedy,51,23260964,1,Greedy,Lookahead,south,commander_capture,78,True,False,0
Lookahead vs Greedy,52,23260965,0,Lookahead,Greedy,draw,threefold_repetition,52,True,False,0
Lookahead vs Greedy,52,23260965,1,Greedy,Lookahead,south,commander_capture,24,True,False,0
Lookahead vs Greedy,53,23260966,0,Lookahead,Greedy,north,commander_capture,123,True,False,0
Lookahead vs Greedy,53,23260966,1,Greedy,Lookahead,south,commander_capture,36,True,False,0
Lookahead vs Greedy,54,23260967,0,Lookahead,Greedy,north,commander_capture,61,True,False,0
Lookahead vs Greedy,54,23260967,1,Greedy,Lookahead,south,commander_capture,18,True,False,0
Lookahead vs Greedy,55,23260968,0,Lookahead,Greedy,north,commander_capture,117,True,False,0
Lookahead vs Greedy,55,23260968,1,Greedy,Lookahead,south,commander_capture,58,True,False,0
Lookahead vs Greedy,56,23260969,0,Lookahead,Greedy,north,commander_capture,39,True,False,0
Lookahead vs Greedy,56,23260969,1,Greedy,Lookahead,south,commander_capture,42,True,False,0
Lookahead vs Greedy,57,23260970,0,Lookahead,Greedy,north,commander_capture,95,True,False,0
Lookahead vs Greedy,57,23260970,1,Greedy,Lookahead,north,commander_capture,35,True,False,0
Lookahead vs Greedy,58,23260971,0,Lookahead,Greedy,north,commander_capture,33,True,False,0
Lookahead vs Greedy,58,23260971,1,Greedy,Lookahead,south,commander_capture,84,True,False,0
Lookahead vs Greedy,59,23260972,0,Lookahead,Greedy,north,commander_capture,113,True,False,0
Lookahead vs Greedy,59,23260972,1,Greedy,Lookahead,south,commander_capture,88,True,False,0
Lookahead vs Greedy,60,23260973,0,Lookahead,Greedy,south,commander_capture,38,True,False,0
Lookahead vs Greedy,60,23260973,1,Greedy,Lookahead,south,commander_capture,24,True,False,0
Lookahead vs Greedy,61,23260974,0,Lookahead,Greedy,north,commander_capture,65,True,False,0
Lookahead vs Greedy,61,23260974,1,Greedy,Lookahead,south,commander_capture,22,True,False,0
Lookahead vs Greedy,62,23260975,0,Lookahead,Greedy,north,commander_capture,85,True,False,0
Lookahead vs Greedy,62,23260975,1,Greedy,Lookahead,south,commander_capture,36,True,False,0
Lookahead vs Greedy,63,23260976,0,Lookahead,Greedy,south,commander_capture,22,True,False,0
Lookahead vs Greedy,63,23260976,1,Greedy,Lookahead,south,commander_capture,62,True,False,0
Lookahead vs Greedy,64,23260977,0,Lookahead,Greedy,north,commander_capture,73,True,False,0
Lookahead vs Greedy,64,23260977,1,Greedy,Lookahead,south,commander_capture,42,True,False,0
Lookahead vs Greedy,65,23260978,0,Lookahead,Greedy,north,commander_capture,85,True,False,0
Lookahead vs Greedy,65,23260978,1,Greedy,Lookahead,south,commander_capture,46,True,False,0
Lookahead vs Greedy,66,23260979,0,Lookahead,Greedy,north,commander_capture,55,True,False,0
Lookahead vs Greedy,66,23260979,1,Greedy,Lookahead,south,commander_capture,106,True,False,0
Lookahead vs Greedy,67,23260980,0,Lookahead,Greedy,north,commander_capture,39,True,False,0
Lookahead vs Greedy,67,23260980,1,Greedy,Lookahead,south,commander_capture,74,True,False,0
Lookahead vs Greedy,68,23260981,0,Lookahead,Greedy,north,commander_capture,85,True,False,0
Lookahead vs Greedy,68,23260981,1,Greedy,Lookahead,south,commander_capture,38,True,False,0
Lookahead vs Greedy,69,23260982,0,Lookahead,Greedy,north,commander_capture,95,True,False,0
Lookahead vs Greedy,69,23260982,1,Greedy,Lookahead,south,commander_capture,76,True,False,0
Lookahead vs Greedy,70,23260983,0,Lookahead,Greedy,north,commander_capture,37,True,False,0
Lookahead vs Greedy,70,23260983,1,Greedy,Lookahead,south,commander_capture,98,True,False,0
Lookahead vs Greedy,71,23260984,0,Lookahead,Greedy,north,commander_capture,23,True,False,0
Lookahead vs Greedy,71,23260984,1,Greedy,Lookahead,south,commander_capture,30,True,False,0
Lookahead vs Greedy,72,23260985,0,Lookahead,Greedy,north,commander_capture,83,True,False,0
Lookahead vs Greedy,72,23260985,1,Greedy,Lookahead,south,commander_capture,98,True,False,0
Lookahead vs Greedy,73,23260986,0,Lookahead,Greedy,north,commander_capture,73,True,False,0
Lookahead vs Greedy,73,23260986,1,Greedy,Lookahead,south,commander_capture,34,True,False,0
Lookahead vs Greedy,74,23260987,0,Lookahead,Greedy,north,commander_capture,73,True,False,0
Lookahead vs Greedy,74,23260987,1,Greedy,Lookahead,south,commander_capture,42,True,False,0
Lookahead vs Greedy,75,23260988,0,Lookahead,Greedy,south,commander_capture,74,True,False,0
Lookahead vs Greedy,75,23260988,1,Greedy,Lookahead,south,commander_capture,64,True,False,0
Lookahead vs Greedy,76,23260989,0,Lookahead,Greedy,north,commander_capture,41,True,False,0
Lookahead vs Greedy,76,23260989,1,Greedy,Lookahead,south,commander_capture,40,True,False,0
Lookahead vs Greedy,77,23260990,0,Lookahead,Greedy,north,commander_capture,55,True,False,0
Lookahead vs Greedy,77,23260990,1,Greedy,Lookahead,south,commander_capture,76,True,False,0
Lookahead vs Greedy,78,23260991,0,Lookahead,Greedy,south,commander_capture,42,True,False,0
Lookahead vs Greedy,78,23260991,1,Greedy,Lookahead,north,commander_capture,53,True,False,0
Lookahead vs Greedy,79,23260992,0,Lookahead,Greedy,north,commander_capture,87,True,False,0
Lookahead vs Greedy,79,23260992,1,Greedy,Lookahead,south,commander_capture,58,True,False,0
Lookahead vs Greedy,80,23260993,0,Lookahead,Greedy,north,commander_capture,29,True,False,0
Lookahead vs Greedy,80,23260993,1,Greedy,Lookahead,south,commander_capture,72,True,False,0
Lookahead vs Greedy,81,23260994,0,Lookahead,Greedy,north,commander_capture,49,True,False,0
Lookahead vs Greedy,81,23260994,1,Greedy,Lookahead,south,commander_capture,68,True,False,0
Lookahead vs Greedy,82,23260995,0,Lookahead,Greedy,north,commander_capture,43,True,False,0
Lookahead vs Greedy,82,23260995,1,Greedy,Lookahead,south,commander_capture,72,True,False,0
Lookahead vs Greedy,83,23260996,0,Lookahead,Greedy,north,commander_capture,77,True,False,0
Lookahead vs Greedy,83,23260996,1,Greedy,Lookahead,south,commander_capture,70,True,False,0
Lookahead vs Greedy,84,23260997,0,Lookahead,Greedy,north,commander_capture,37,True,False,0
Lookahead vs Greedy,84,23260997,1,Greedy,Lookahead,south,commander_capture,86,True,False,0
Lookahead vs Greedy,85,23260998,0,Lookahead,Greedy,north,commander_capture,123,True,False,0
Lookahead vs Greedy,85,23260998,1,Greedy,Lookahead,south,commander_capture,62,True,False,0
Lookahead vs Greedy,86,23260999,0,Lookahead,Greedy,north,commander_capture,55,True,False,0
Lookahead vs Greedy,86,23260999,1,Greedy,Lookahead,south,commander_capture,84,True,False,0
Lookahead vs Greedy,87,23261000,0,Lookahead,Greedy,north,commander_capture,115,True,False,0
Lookahead vs Greedy,87,23261000,1,Greedy,Lookahead,north,commander_capture,45,True,False,0
Lookahead vs Greedy,88,23261001,0,Lookahead,Greedy,north,commander_capture,29,True,False,0
Lookahead vs Greedy,88,23261001,1,Greedy,Lookahead,south,commander_capture,58,True,False,0
Lookahead vs Greedy,89,23261002,0,Lookahead,Greedy,north,commander_capture,95,True,False,0
Lookahead vs Greedy,89,23261002,1,Greedy,Lookahead,south,commander_capture,44,True,False,0
Lookahead vs Greedy,90,23261003,0,Lookahead,Greedy,north,commander_capture,83,True,False,0
Lookahead vs Greedy,90,23261003,1,Greedy,Lookahead,north,commander_capture,69,True,False,0
Lookahead vs Greedy,91,23261004,0,Lookahead,Greedy,south,commander_capture,24,True,False,0
Lookahead vs Greedy,91,23261004,1,Greedy,Lookahead,south,commander_capture,62,True,False,0
Lookahead vs Greedy,92,23261005,0,Lookahead,Greedy,north,commander_capture,53,True,False,0
Lookahead vs Greedy,92,23261005,1,Greedy,Lookahead,south,commander_capture,94,True,False,0
Lookahead vs Greedy,93,23261006,0,Lookahead,Greedy,south,commander_capture,44,True,False,0
Lookahead vs Greedy,93,23261006,1,Greedy,Lookahead,south,commander_capture,104,True,False,0
Lookahead vs Greedy,94,23261007,0,Lookahead,Greedy,north,commander_capture,71,True,False,0
Lookahead vs Greedy,94,23261007,1,Greedy,Lookahead,south,commander_capture,58,True,False,0
Lookahead vs Greedy,95,23261008,0,Lookahead,Greedy,north,commander_capture,17,True,False,0
Lookahead vs Greedy,95,23261008,1,Greedy,Lookahead,south,commander_capture,58,True,False,0
Lookahead vs Greedy,96,23261009,0,Lookahead,Greedy,north,commander_capture,97,True,False,0
Lookahead vs Greedy,96,23261009,1,Greedy,Lookahead,south,commander_capture,22,True,False,0
Lookahead vs Greedy,97,23261010,0,Lookahead,Greedy,south,commander_capture,52,True,False,0
Lookahead vs Greedy,97,23261010,1,Greedy,Lookahead,south,commander_capture,56,True,False,0
Lookahead vs Greedy,98,23261011,0,Lookahead,Greedy,north,commander_capture,81,True,False,0
Lookahead vs Greedy,98,23261011,1,Greedy,Lookahead,south,commander_capture,92,True,False,0
Lookahead vs Greedy,99,23261012,0,Lookahead,Greedy,north,commander_capture,55,True,False,0
Lookahead vs Greedy,99,23261012,1,Greedy,Lookahead,south,commander_capture,110,True,False,0
Lookahead vs Greedy,100,23261013,0,Lookahead,Greedy,north,commander_capture,25,True,False,0
Lookahead vs Greedy,100,23261013,1,Greedy,Lookahead,south,commander_capture,62,True,False,0
Lookahead vs Greedy,101,23261014,0,Lookahead,Greedy,north,commander_capture,117,True,False,0
Lookahead vs Greedy,101,23261014,1,Greedy,Lookahead,south,commander_capture,72,True,False,0
Lookahead vs Greedy,102,23261015,0,Lookahead,Greedy,north,commander_capture,55,True,False,0
Lookahead vs Greedy,102,23261015,1,Greedy,Lookahead,south,commander_capture,74,True,False,0
Lookahead vs Greedy,103,23261016,0,Lookahead,Greedy,north,commander_capture,51,True,False,0
Lookahead vs Greedy,103,23261016,1,Greedy,Lookahead,south,commander_capture,66,True,False,0
Lookahead vs Greedy,104,23261017,0,Lookahead,Greedy,north,commander_capture,95,True,False,0
Lookahead vs Greedy,104,23261017,1,Greedy,Lookahead,north,commander_capture,43,True,False,0
Lookahead vs Greedy,105,23261018,0,Lookahead,Greedy,north,commander_capture,73,True,False,0
Lookahead vs Greedy,105,23261018,1,Greedy,Lookahead,south,commander_capture,38,True,False,0
Lookahead vs Greedy,106,23261019,0,Lookahead,Greedy,south,commander_capture,22,True,False,0
Lookahead vs Greedy,106,23261019,1,Greedy,Lookahead,south,commander_capture,54,True,False,0
Lookahead vs Greedy,107,23261020,0,Lookahead,Greedy,north,commander_capture,93,True,False,0
Lookahead vs Greedy,107,23261020,1,Greedy,Lookahead,south,commander_capture,30,True,False,0
Lookahead vs Greedy,108,23261021,0,Lookahead,Greedy,north,commander_capture,35,True,False,0
Lookahead vs Greedy,108,23261021,1,Greedy,Lookahead,north,commander_capture,37,True,False,0
Lookahead vs Greedy,109,23261022,0,Lookahead,Greedy,north,commander_capture,37,True,False,0
Lookahead vs Greedy,109,23261022,1,Greedy,Lookahead,south,commander_capture,116,True,False,0
Lookahead vs Greedy,110,23261023,0,Lookahead,Greedy,north,commander_capture,129,True,False,0
Lookahead vs Greedy,110,23261023,1,Greedy,Lookahead,south,commander_capture,66,True,False,0
Lookahead vs Greedy,111,23261024,0,Lookahead,Greedy,south,commander_capture,50,True,False,0
Lookahead vs Greedy,111,23261024,1,Greedy,Lookahead,north,commander_capture,93,True,False,0
Lookahead vs Greedy,112,23261025,0,Lookahead,Greedy,north,commander_capture,107,True,False,0
Lookahead vs Greedy,112,23261025,1,Greedy,Lookahead,south,commander_capture,86,True,False,0
Lookahead vs Greedy,113,23261026,0,Lookahead,Greedy,south,commander_capture,58,True,False,0
Lookahead vs Greedy,113,23261026,1,Greedy,Lookahead,south,commander_capture,32,True,False,0
Lookahead vs Greedy,114,23261027,0,Lookahead,Greedy,north,commander_capture,39,True,False,0
Lookahead vs Greedy,114,23261027,1,Greedy,Lookahead,south,commander_capture,70,True,False,0
Lookahead vs Greedy,115,23261028,0,Lookahead,Greedy,north,commander_capture,23,True,False,0
Lookahead vs Greedy,115,23261028,1,Greedy,Lookahead,south,commander_capture,54,True,False,0
Lookahead vs Greedy,116,23261029,0,Lookahead,Greedy,north,commander_capture,43,True,False,0
Lookahead vs Greedy,116,23261029,1,Greedy,Lookahead,south,commander_capture,62,True,False,0
Lookahead vs Greedy,117,23261030,0,Lookahead,Greedy,north,commander_capture,65,True,False,0
Lookahead vs Greedy,117,23261030,1,Greedy,Lookahead,south,commander_capture,76,True,False,0
Lookahead vs Greedy,118,23261031,0,Lookahead,Greedy,north,commander_capture,73,True,False,0
Lookahead vs Greedy,118,23261031,1,Greedy,Lookahead,south,commander_capture,98,True,False,0
Lookahead vs Greedy,119,23261032,0,Lookahead,Greedy,north,commander_capture,97,True,False,0
Lookahead vs Greedy,119,23261032,1,Greedy,Lookahead,south,commander_capture,52,True,False,0
Lookahead vs Greedy,120,23261033,0,Lookahead,Greedy,north,commander_capture,101,True,False,0
Lookahead vs Greedy,120,23261033,1,Greedy,Lookahead,south,commander_capture,74,True,False,0
Lookahead vs Greedy,121,23261034,0,Lookahead,Greedy,south,commander_capture,48,True,False,0
Lookahead vs Greedy,121,23261034,1,Greedy,Lookahead,south,commander_capture,24,True,False,0
Lookahead vs Greedy,122,23261035,0,Lookahead,Greedy,north,commander_capture,47,True,False,0
Lookahead vs Greedy,122,23261035,1,Greedy,Lookahead,south,commander_capture,94,True,False,0
Lookahead vs Greedy,123,23261036,0,Lookahead,Greedy,north,commander_capture,71,True,False,0
Lookahead vs Greedy,123,23261036,1,Greedy,Lookahead,north,commander_capture,31,True,False,0
Lookahead vs Greedy,124,23261037,0,Lookahead,Greedy,north,commander_capture,57,True,False,0
Lookahead vs Greedy,124,23261037,1,Greedy,Lookahead,south,commander_capture,50,True,False,0
Lookahead vs Greedy,125,23261038,0,Lookahead,Greedy,north,commander_capture,87,True,False,0
Lookahead vs Greedy,125,23261038,1,Greedy,Lookahead,south,commander_capture,98,True,False,0
Lookahead vs Greedy,126,23261039,0,Lookahead,Greedy,north,commander_capture,113,True,False,0
Lookahead vs Greedy,126,23261039,1,Greedy,Lookahead,south,commander_capture,66,True,False,0
Lookahead vs Greedy,127,23261040,0,Lookahead,Greedy,north,commander_capture,73,True,False,0
Lookahead vs Greedy,127,23261040,1,Greedy,Lookahead,south,commander_capture,96,True,False,0
Lookahead vs Greedy,128,23261041,0,Lookahead,Greedy,north,commander_capture,47,True,False,0
Lookahead vs Greedy,128,23261041,1,Greedy,Lookahead,south,commander_capture,54,True,False,0
Lookahead vs Greedy,129,23261042,0,Lookahead,Greedy,north,commander_capture,37,True,False,0
Lookahead vs Greedy,129,23261042,1,Greedy,Lookahead,south,commander_capture,50,True,False,0
Lookahead vs Greedy,130,23261043,0,Lookahead,Greedy,north,commander_capture,41,True,False,0
Lookahead vs Greedy,130,23261043,1,Greedy,Lookahead,south,commander_capture,70,True,False,0
Lookahead vs Greedy,131,23261044,0,Lookahead,Greedy,north,commander_capture,73,True,False,0
Lookahead vs Greedy,131,23261044,1,Greedy,Lookahead,south,commander_capture,20,True,False,0
Lookahead vs Greedy,132,23261045,0,Lookahead,Greedy,north,commander_capture,63,True,False,0
Lookahead vs Greedy,132,23261045,1,Greedy,Lookahead,south,commander_capture,36,True,False,0
Lookahead vs Greedy,133,23261046,0,Lookahead,Greedy,north,commander_capture,69,True,False,0
Lookahead vs Greedy,133,23261046,1,Greedy,Lookahead,south,commander_capture,44,True,False,0
Lookahead vs Greedy,134,23261047,0,Lookahead,Greedy,north,commander_capture,25,True,False,0
Lookahead vs Greedy,134,23261047,1,Greedy,Lookahead,south,commander_capture,102,True,False,0
Lookahead vs Greedy,135,23261048,0,Lookahead,Greedy,north,commander_capture,13,True,False,0
Lookahead vs Greedy,135,23261048,1,Greedy,Lookahead,south,commander_capture,58,True,False,0
Lookahead vs Greedy,136,23261049,0,Lookahead,Greedy,north,commander_capture,73,True,False,0
Lookahead vs Greedy,136,23261049,1,Greedy,Lookahead,south,commander_capture,30,True,False,0
Lookahead vs Greedy,137,23261050,0,Lookahead,Greedy,south,commander_capture,90,True,False,0
Lookahead vs Greedy,137,23261050,1,Greedy,Lookahead,south,commander_capture,72,True,False,0
Lookahead vs Greedy,138,23261051,0,Lookahead,Greedy,south,commander_capture,54,True,False,0
Lookahead vs Greedy,138,23261051,1,Greedy,Lookahead,south,commander_capture,98,True,False,0
Lookahead vs Greedy,139,23261052,0,Lookahead,Greedy,north,commander_capture,69,True,False,0
Lookahead vs Greedy,139,23261052,1,Greedy,Lookahead,south,commander_capture,32,True,False,0
Lookahead vs Greedy,140,23261053,0,Lookahead,Greedy,north,commander_capture,71,True,False,0
Lookahead vs Greedy,140,23261053,1,Greedy,Lookahead,south,commander_capture,32,True,False,0
Lookahead vs Greedy,141,23261054,0,Lookahead,Greedy,north,commander_capture,43,True,False,0
Lookahead vs Greedy,141,23261054,1,Greedy,Lookahead,south,commander_capture,54,True,False,0
Lookahead vs Greedy,142,23261055,0,Lookahead,Greedy,north,commander_capture,57,True,False,0
Lookahead vs Greedy,142,23261055,1,Greedy,Lookahead,south,commander_capture,42,True,False,0
Lookahead vs Greedy,143,23261056,0,Lookahead,Greedy,north,commander_capture,21,True,False,0
Lookahead vs Greedy,143,23261056,1,Greedy,Lookahead,south,commander_capture,112,True,False,0
Lookahead vs Greedy,144,23261057,0,Lookahead,Greedy,north,commander_capture,59,True,False,0
Lookahead vs Greedy,144,23261057,1,Greedy,Lookahead,south,commander_capture,42,True,False,0
Lookahead vs Greedy,145,23261058,0,Lookahead,Greedy,north,commander_capture,55,True,False,0
Lookahead vs Greedy,145,23261058,1,Greedy,Lookahead,south,commander_capture,38,True,False,0
Lookahead vs Greedy,146,23261059,0,Lookahead,Greedy,north,commander_capture,95,True,False,0
Lookahead vs Greedy,146,23261059,1,Greedy,Lookahead,south,commander_capture,106,True,False,0
Lookahead vs Greedy,147,23261060,0,Lookahead,Greedy,north,commander_capture,51,True,False,0
Lookahead vs Greedy,147,23261060,1,Greedy,Lookahead,south,commander_capture,56,True,False,0
Lookahead vs Greedy,148,23261061,0,Lookahead,Greedy,north,commander_capture,15,True,False,0
Lookahead vs Greedy,148,23261061,1,Greedy,Lookahead,south,commander_capture,50,True,False,0
Lookahead vs Greedy,149,23261062,0,Lookahead,Greedy,north,commander_capture,67,True,False,0
Lookahead vs Greedy,149,23261062,1,Greedy,Lookahead,south,commander_capture,78,True,False,0
Lookahead vs Greedy,150,23261063,0,Lookahead,Greedy,north,commander_capture,67,True,False,0
Lookahead vs Greedy,150,23261063,1,Greedy,Lookahead,south,commander_capture,34,True,False,0
Lookahead vs Greedy,151,23261064,0,Lookahead,Greedy,north,commander_capture,71,True,False,0
Lookahead vs Greedy,151,23261064,1,Greedy,Lookahead,south,commander_capture,30,True,False,0
Lookahead vs Greedy,152,23261065,0,Lookahead,Greedy,north,commander_capture,53,True,False,0
Lookahead vs Greedy,152,23261065,1,Greedy,Lookahead,south,commander_capture,72,True,False,0
Lookahead vs Greedy,153,23261066,0,Lookahead,Greedy,north,commander_capture,89,True,False,0
Lookahead vs Greedy,153,23261066,1,Greedy,Lookahead,south,commander_capture,96,True,False,0
Lookahead vs Greedy,154,23261067,0,Lookahead,Greedy,north,commander_capture,45,True,False,0
Lookahead vs Greedy,154,23261067,1,Greedy,Lookahead,south,commander_capture,36,True,False,0
Lookahead vs Greedy,155,23261068,0,Lookahead,Greedy,north,commander_capture,35,True,False,0
Lookahead vs Greedy,155,23261068,1,Greedy,Lookahead,south,commander_capture,80,True,False,0
Lookahead vs Greedy,156,23261069,0,Lookahead,Greedy,north,commander_capture,79,True,False,0
Lookahead vs Greedy,156,23261069,1,Greedy,Lookahead,south,commander_capture,34,True,False,0
Lookahead vs Greedy,157,23261070,0,Lookahead,Greedy,north,commander_capture,81,True,False,0
Lookahead vs Greedy,157,23261070,1,Greedy,Lookahead,south,commander_capture,82,True,False,0
Lookahead vs Greedy,158,23261071,0,Lookahead,Greedy,south,commander_capture,30,True,False,0
Lookahead vs Greedy,158,23261071,1,Greedy,Lookahead,south,commander_capture,44,True,False,0
Lookahead vs Greedy,159,23261072,0,Lookahead,Greedy,north,commander_capture,91,True,False,0
Lookahead vs Greedy,159,23261072,1,Greedy,Lookahead,south,commander_capture,30,True,False,0
Lookahead vs Greedy,160,23261073,0,Lookahead,Greedy,north,commander_capture,37,True,False,0
Lookahead vs Greedy,160,23261073,1,Greedy,Lookahead,south,commander_capture,120,True,False,0
Lookahead vs Greedy,161,23261074,0,Lookahead,Greedy,north,commander_capture,33,True,False,0
Lookahead vs Greedy,161,23261074,1,Greedy,Lookahead,south,commander_capture,46,True,False,0
Lookahead vs Greedy,162,23261075,0,Lookahead,Greedy,north,commander_capture,73,True,False,0
Lookahead vs Greedy,162,23261075,1,Greedy,Lookahead,south,commander_capture,120,True,False,0
Lookahead vs Greedy,163,23261076,0,Lookahead,Greedy,north,commander_capture,43,True,False,0
Lookahead vs Greedy,163,23261076,1,Greedy,Lookahead,south,commander_capture,104,True,False,0
Lookahead vs Greedy,164,23261077,0,Lookahead,Greedy,north,commander_capture,69,True,False,0
Lookahead vs Greedy,164,23261077,1,Greedy,Lookahead,south,commander_capture,70,True,False,0
Lookahead vs Greedy,165,23261078,0,Lookahead,Greedy,north,commander_capture,47,True,False,0
Lookahead vs Greedy,165,23261078,1,Greedy,Lookahead,south,commander_capture,30,True,False,0
Lookahead vs Greedy,166,23261079,0,Lookahead,Greedy,north,commander_capture,89,True,False,0
Lookahead vs Greedy,166,23261079,1,Greedy,Lookahead,south,commander_capture,112,True,False,0
Lookahead vs Greedy,167,23261080,0,Lookahead,Greedy,north,commander_capture,53,True,False,0
Lookahead vs Greedy,167,23261080,1,Greedy,Lookahead,south,commander_capture,78,True,False,0
Lookahead vs Greedy,168,23261081,0,Lookahead,Greedy,north,commander_capture,41,True,False,0
Lookahead vs Greedy,168,23261081,1,Greedy,Lookahead,south,commander_capture,108,True,False,0
Lookahead vs Greedy,169,23261082,0,Lookahead,Greedy,north,commander_capture,67,True,False,0
Lookahead vs Greedy,169,23261082,1,Greedy,Lookahead,south,commander_capture,12,True,False,0
Lookahead vs Greedy,170,23261083,0,Lookahead,Greedy,north,commander_capture,83,True,False,0
Lookahead vs Greedy,170,23261083,1,Greedy,Lookahead,south,commander_capture,26,True,False,0
Lookahead vs Greedy,171,23261084,0,Lookahead,Greedy,north,commander_capture,69,True,False,0
Lookahead vs Greedy,171,23261084,1,Greedy,Lookahead,south,commander_capture,62,True,False,0
Lookahead vs Greedy,172,23261085,0,Lookahead,Greedy,north,commander_capture,89,True,False,0
Lookahead vs Greedy,172,23261085,1,Greedy,Lookahead,south,commander_capture,56,True,False,0
Lookahead vs Greedy,173,23261086,0,Lookahead,Greedy,north,commander_capture,95,True,False,0
Lookahead vs Greedy,173,23261086,1,Greedy,Lookahead,south,commander_capture,42,True,False,0
Lookahead vs Greedy,174,23261087,0,Lookahead,Greedy,north,commander_capture,73,True,False,0
Lookahead vs Greedy,174,23261087,1,Greedy,Lookahead,south,commander_capture,108,True,False,0
Lookahead vs Greedy,175,23261088,0,Lookahead,Greedy,north,commander_capture,35,True,False,0
Lookahead vs Greedy,175,23261088,1,Greedy,Lookahead,south,commander_capture,70,True,False,0
Lookahead vs Greedy,176,23261089,0,Lookahead,Greedy,north,commander_capture,79,True,False,0
Lookahead vs Greedy,176,23261089,1,Greedy,Lookahead,south,commander_capture,92,True,False,0
Lookahead vs Greedy,177,23261090,0,Lookahead,Greedy,north,commander_capture,21,True,False,0
Lookahead vs Greedy,177,23261090,1,Greedy,Lookahead,south,commander_capture,86,True,False,0
Lookahead vs Greedy,178,23261091,0,Lookahead,Greedy,north,commander_capture,89,True,False,0
Lookahead vs Greedy,178,23261091,1,Greedy,Lookahead,south,commander_capture,66,True,False,0
Lookahead vs Greedy,179,23261092,0,Lookahead,Greedy,north,commander_capture,71,True,False,0
Lookahead vs Greedy,179,23261092,1,Greedy,Lookahead,south,commander_capture,72,True,False,0
Lookahead vs Greedy,180,23261093,0,Lookahead,Greedy,south,commander_capture,46,True,False,0
Lookahead vs Greedy,180,23261093,1,Greedy,Lookahead,south,commander_capture,62,True,False,0
Lookahead vs Greedy,181,23261094,0,Lookahead,Greedy,north,commander_capture,87,True,False,0
Lookahead vs Greedy,181,23261094,1,Greedy,Lookahead,south,commander_capture,42,True,False,0
Lookahead vs Greedy,182,23261095,0,Lookahead,Greedy,north,commander_capture,33,True,False,0
Lookahead vs Greedy,182,23261095,1,Greedy,Lookahead,south,commander_capture,64,True,False,0
Lookahead vs Greedy,183,23261096,0,Lookahead,Greedy,north,commander_capture,111,True,False,0
Lookahead vs Greedy,183,23261096,1,Greedy,Lookahead,south,commander_capture,64,True,False,0
Lookahead vs Greedy,184,23261097,0,Lookahead,Greedy,north,commander_capture,25,True,False,0
Lookahead vs Greedy,184,23261097,1,Greedy,Lookahead,south,commander_capture,100,True,False,0
Lookahead vs Greedy,185,23261098,0,Lookahead,Greedy,north,commander_capture,25,True,False,0
Lookahead vs Greedy,185,23261098,1,Greedy,Lookahead,south,commander_capture,58,True,False,0
Lookahead vs Greedy,186,23261099,0,Lookahead,Greedy,north,commander_capture,85,True,False,0
Lookahead vs Greedy,186,23261099,1,Greedy,Lookahead,south,commander_capture,48,True,False,0
Lookahead vs Greedy,187,23261100,0,Lookahead,Greedy,north,commander_capture,75,True,False,0
Lookahead vs Greedy,187,23261100,1,Greedy,Lookahead,south,commander_capture,44,True,False,0
Lookahead vs Greedy,188,23261101,0,Lookahead,Greedy,north,commander_capture,79,True,False,0
Lookahead vs Greedy,188,23261101,1,Greedy,Lookahead,north,commander_capture,47,True,False,0
Lookahead vs Greedy,189,23261102,0,Lookahead,Greedy,north,commander_capture,67,True,False,0
Lookahead vs Greedy,189,23261102,1,Greedy,Lookahead,south,commander_capture,50,True,False,0
Lookahead vs Greedy,190,23261103,0,Lookahead,Greedy,north,commander_capture,89,True,False,0
Lookahead vs Greedy,190,23261103,1,Greedy,Lookahead,south,commander_capture,62,True,False,0
Lookahead vs Greedy,191,23261104,0,Lookahead,Greedy,north,commander_capture,75,True,False,0
Lookahead vs Greedy,191,23261104,1,Greedy,Lookahead,south,commander_capture,66,True,False,0
Lookahead vs Greedy,192,23261105,0,Lookahead,Greedy,north,commander_capture,39,True,False,0
Lookahead vs Greedy,192,23261105,1,Greedy,Lookahead,south,commander_capture,58,True,False,0
Lookahead vs Greedy,193,23261106,0,Lookahead,Greedy,north,commander_capture,55,True,False,0
Lookahead vs Greedy,193,23261106,1,Greedy,Lookahead,south,commander_capture,74,True,False,0
Lookahead vs Greedy,194,23261107,0,Lookahead,Greedy,north,commander_capture,107,True,False,0
Lookahead vs Greedy,194,23261107,1,Greedy,Lookahead,south,commander_capture,52,True,False,0
Lookahead vs Greedy,195,23261108,0,Lookahead,Greedy,north,commander_capture,43,True,False,0
Lookahead vs Greedy,195,23261108,1,Greedy,Lookahead,south,commander_capture,58,True,False,0
Lookahead vs Greedy,196,23261109,0,Lookahead,Greedy,north,commander_capture,79,True,False,0
Lookahead vs Greedy,196,23261109,1,Greedy,Lookahead,south,commander_capture,64,True,False,0
Lookahead vs Greedy,197,23261110,0,Lookahead,Greedy,north,commander_capture,81,True,False,0
Lookahead vs Greedy,197,23261110,1,Greedy,Lookahead,south,commander_capture,64,True,False,0
Lookahead vs Greedy,198,23261111,0,Lookahead,Greedy,north,commander_capture,73,True,False,0
Lookahead vs Greedy,198,23261111,1,Greedy,Lookahead,south,commander_capture,90,True,False,0
Lookahead vs Greedy,199,23261112,0,Lookahead,Greedy,north,commander_capture,21,True,False,0
Lookahead vs Greedy,199,23261112,1,Greedy,Lookahead,south,commander_capture,32,True,False,0
Lookahead vs Greedy,200,23261113,0,Lookahead,Greedy,north,commander_capture,67,True,False,0
Lookahead vs Greedy,200,23261113,1,Greedy,Lookahead,south,commander_capture,48,True,False,0
Lookahead vs Greedy,201,23261114,0,Lookahead,Greedy,north,commander_capture,61,True,False,0
Lookahead vs Greedy,201,23261114,1,Greedy,Lookahead,south,commander_capture,72,True,False,0
Lookahead vs Greedy,202,23261115,0,Lookahead,Greedy,north,commander_capture,77,True,False,0
Lookahead vs Greedy,202,23261115,1,Greedy,Lookahead,north,commander_capture,29,True,False,0
Lookahead vs Greedy,203,23261116,0,Lookahead,Greedy,north,commander_capture,75,True,False,0
Lookahead vs Greedy,203,23261116,1,Greedy,Lookahead,south,commander_capture,68,True,False,0
Lookahead vs Greedy,204,23261117,0,Lookahead,Greedy,north,commander_capture,71,True,False,0
Lookahead vs Greedy,204,23261117,1,Greedy,Lookahead,south,commander_capture,70,True,False,0
Lookahead vs Greedy,205,23261118,0,Lookahead,Greedy,north,commander_capture,69,True,False,0
Lookahead vs Greedy,205,23261118,1,Greedy,Lookahead,south,commander_capture,80,True,False,0
Lookahead vs Greedy,206,23261119,0,Lookahead,Greedy,south,commander_capture,86,True,False,0
Lookahead vs Greedy,206,23261119,1,Greedy,Lookahead,south,commander_capture,52,True,False,0
Lookahead vs Greedy,207,23261120,0,Lookahead,Greedy,north,commander_capture,67,True,False,0
Lookahead vs Greedy,207,23261120,1,Greedy,Lookahead,north,commander_capture,51,True,False,0
Lookahead vs Greedy,208,23261121,0,Lookahead,Greedy,north,commander_capture,79,True,False,0
Lookahead vs Greedy,208,23261121,1,Greedy,Lookahead,south,commander_capture,84,True,False,0
Lookahead vs Greedy,209,23261122,0,Lookahead,Greedy,north,commander_capture,53,True,False,0
Lookahead vs Greedy,209,23261122,1,Greedy,Lookahead,north,commander_capture,19,True,False,0
Lookahead vs Greedy,210,23261123,0,Lookahead,Greedy,north,commander_capture,87,True,False,0
Lookahead vs Greedy,210,23261123,1,Greedy,Lookahead,south,commander_capture,84,True,False,0
Lookahead vs Greedy,211,23261124,0,Lookahead,Greedy,north,commander_capture,73,True,False,0
Lookahead vs Greedy,211,23261124,1,Greedy,Lookahead,south,commander_capture,76,True,False,0
Lookahead vs Greedy,212,23261125,0,Lookahead,Greedy,north,commander_capture,51,True,False,0
Lookahead vs Greedy,212,23261125,1,Greedy,Lookahead,south,commander_capture,42,True,False,0
Lookahead vs Greedy,213,23261126,0,Lookahead,Greedy,north,commander_capture,95,True,False,0
Lookahead vs Greedy,213,23261126,1,Greedy,Lookahead,south,commander_capture,100,True,False,0
Lookahead vs Greedy,214,23261127,0,Lookahead,Greedy,north,commander_capture,59,True,False,0
Lookahead vs Greedy,214,23261127,1,Greedy,Lookahead,north,commander_capture,31,True,False,0
Lookahead vs Greedy,215,23261128,0,Lookahead,Greedy,north,commander_capture,63,True,False,0
Lookahead vs Greedy,215,23261128,1,Greedy,Lookahead,north,commander_capture,59,True,False,0
Lookahead vs Greedy,216,23261129,0,Lookahead,Greedy,north,commander_capture,71,True,False,0
Lookahead vs Greedy,216,23261129,1,Greedy,Lookahead,north,commander_capture,69,True,False,0
Lookahead vs Greedy,217,23261130,0,Lookahead,Greedy,north,commander_capture,33,True,False,0
Lookahead vs Greedy,217,23261130,1,Greedy,Lookahead,south,commander_capture,58,True,False,0
Lookahead vs Greedy,218,23261131,0,Lookahead,Greedy,north,commander_capture,99,True,False,0
Lookahead vs Greedy,218,23261131,1,Greedy,Lookahead,south,commander_capture,80,True,False,0
Lookahead vs Greedy,219,23261132,0,Lookahead,Greedy,north,commander_capture,89,True,False,0
Lookahead vs Greedy,219,23261132,1,Greedy,Lookahead,north,commander_capture,51,True,False,0
Lookahead vs Greedy,220,23261133,0,Lookahead,Greedy,north,commander_capture,105,True,False,0
Lookahead vs Greedy,220,23261133,1,Greedy,Lookahead,south,commander_capture,108,True,False,0
Lookahead vs Greedy,221,23261134,0,Lookahead,Greedy,north,commander_capture,87,True,False,0
Lookahead vs Greedy,221,23261134,1,Greedy,Lookahead,south,commander_capture,58,True,False,0
Lookahead vs Greedy,222,23261135,0,Lookahead,Greedy,north,commander_capture,93,True,False,0
Lookahead vs Greedy,222,23261135,1,Greedy,Lookahead,south,commander_capture,86,True,False,0
Lookahead vs Greedy,223,23261136,0,Lookahead,Greedy,north,commander_capture,107,True,False,0
Lookahead vs Greedy,223,23261136,1,Greedy,Lookahead,south,commander_capture,30,True,False,0
Lookahead vs Greedy,224,23261137,0,Lookahead,Greedy,north,commander_capture,67,True,False,0
Lookahead vs Greedy,224,23261137,1,Greedy,Lookahead,south,commander_capture,42,True,False,0
Lookahead vs Greedy,225,23261138,0,Lookahead,Greedy,north,commander_capture,23,True,False,0
Lookahead vs Greedy,225,23261138,1,Greedy,Lookahead,south,commander_capture,74,True,False,0
Lookahead vs Greedy,226,23261139,0,Lookahead,Greedy,north,commander_capture,71,True,False,0
Lookahead vs Greedy,226,23261139,1,Greedy,Lookahead,south,commander_capture,78,True,False,0
Lookahead vs Greedy,227,23261140,0,Lookahead,Greedy,north,commander_capture,81,True,False,0
Lookahead vs Greedy,227,23261140,1,Greedy,Lookahead,south,commander_capture,82,True,False,0
Lookahead vs Greedy,228,23261141,0,Lookahead,Greedy,north,commander_capture,53,True,False,0
Lookahead vs Greedy,228,23261141,1,Greedy,Lookahead,south,commander_capture,60,True,False,0
Lookahead vs Greedy,229,23261142,0,Lookahead,Greedy,north,commander_capture,75,True,False,0
Lookahead vs Greedy,229,23261142,1,Greedy,Lookahead,south,commander_capture,74,True,False,0
Lookahead vs Greedy,230,23261143,0,Lookahead,Greedy,north,commander_capture,25,True,False,0
Lookahead vs Greedy,230,23261143,1,Greedy,Lookahead,south,commander_capture,110,True,False,0
Lookahead vs Greedy,231,23261144,0,Lookahead,Greedy,north,commander_capture,23,True,False,0
Lookahead vs Greedy,231,23261144,1,Greedy,Lookahead,south,commander_capture,64,True,False,0
Lookahead vs Greedy,232,23261145,0,Lookahead,Greedy,north,commander_capture,55,True,False,0
Lookahead vs Greedy,232,23261145,1,Greedy,Lookahead,south,commander_capture,80,True,False,0
Lookahead vs Greedy,233,23261146,0,Lookahead,Greedy,north,commander_capture,77,True,False,0
Lookahead vs Greedy,233,23261146,1,Greedy,Lookahead,south,commander_capture,24,True,False,0
Lookahead vs Greedy,234,23261147,0,Lookahead,Greedy,north,commander_capture,59,True,False,0
Lookahead vs Greedy,234,23261147,1,Greedy,Lookahead,south,commander_capture,68,True,False,0
Lookahead vs Greedy,235,23261148,0,Lookahead,Greedy,north,commander_capture,65,True,False,0
Lookahead vs Greedy,235,23261148,1,Greedy,Lookahead,south,commander_capture,68,True,False,0
Lookahead vs Greedy,236,23261149,0,Lookahead,Greedy,north,commander_capture,37,True,False,0
Lookahead vs Greedy,236,23261149,1,Greedy,Lookahead,south,commander_capture,52,True,False,0
Lookahead vs Greedy,237,23261150,0,Lookahead,Greedy,north,commander_capture,69,True,False,0
Lookahead vs Greedy,237,23261150,1,Greedy,Lookahead,south,commander_capture,78,True,False,0
Lookahead vs Greedy,238,23261151,0,Lookahead,Greedy,north,commander_capture,37,True,False,0
Lookahead vs Greedy,238,23261151,1,Greedy,Lookahead,south,commander_capture,24,True,False,0
Lookahead vs Greedy,239,23261152,0,Lookahead,Greedy,north,commander_capture,37,True,False,0
Lookahead vs Greedy,239,23261152,1,Greedy,Lookahead,south,commander_capture,74,True,False,0
Lookahead vs Greedy,240,23261153,0,Lookahead,Greedy,north,commander_capture,93,True,False,0
Lookahead vs Greedy,240,23261153,1,Greedy,Lookahead,south,commander_capture,84,True,False,0
Lookahead vs Greedy,241,23261154,0,Lookahead,Greedy,north,commander_capture,37,True,False,0
Lookahead vs Greedy,241,23261154,1,Greedy,Lookahead,south,commander_capture,100,True,False,0
Lookahead vs Greedy,242,23261155,0,Lookahead,Greedy,north,commander_capture,39,True,False,0
Lookahead vs Greedy,242,23261155,1,Greedy,Lookahead,north,commander_capture,69,True,False,0
Lookahead vs Greedy,243,23261156,0,Lookahead,Greedy,north,commander_capture,83,True,False,0
Lookahead vs Greedy,243,23261156,1,Greedy,Lookahead,south,commander_capture,90,True,False,0
Lookahead vs Greedy,244,23261157,0,Lookahead,Greedy,north,commander_capture,63,True,False,0
Lookahead vs Greedy,244,23261157,1,Greedy,Lookahead,south,commander_capture,44,True,False,0
Lookahead vs Greedy,245,23261158,0,Lookahead,Greedy,north,commander_capture,19,True,False,0
Lookahead vs Greedy,245,23261158,1,Greedy,Lookahead,south,commander_capture,102,True,False,0
Lookahead vs Greedy,246,23261159,0,Lookahead,Greedy,north,commander_capture,79,True,False,0
Lookahead vs Greedy,246,23261159,1,Greedy,Lookahead,south,commander_capture,54,True,False,0
Lookahead vs Greedy,247,23261160,0,Lookahead,Greedy,north,commander_capture,29,True,False,0
Lookahead vs Greedy,247,23261160,1,Greedy,Lookahead,south,commander_capture,102,True,False,0
Lookahead vs Greedy,248,23261161,0,Lookahead,Greedy,north,commander_capture,23,True,False,0
Lookahead vs Greedy,248,23261161,1,Greedy,Lookahead,south,commander_capture,56,True,False,0
Lookahead vs Greedy,249,23261162,0,Lookahead,Greedy,north,commander_capture,87,True,False,0
Lookahead vs Greedy,249,23261162,1,Greedy,Lookahead,south,commander_capture,38,True,False,0
Lookahead vs Lookahead,0,24260913,0,Lookahead,Lookahead,south,commander_capture,62,True,False,0
Lookahead vs Lookahead,0,24260913,1,Lookahead,Lookahead,,ply_limit,512,False,True,0
Lookahead vs Lookahead,1,24260914,0,Lookahead,Lookahead,south,commander_capture,114,True,False,0
Lookahead vs Lookahead,1,24260914,1,Lookahead,Lookahead,,ply_limit,512,False,True,0
Lookahead vs Lookahead,2,24260915,0,Lookahead,Lookahead,,ply_limit,512,False,True,0
Lookahead vs Lookahead,2,24260915,1,Lookahead,Lookahead,,ply_limit,512,False,True,0
Lookahead vs Lookahead,3,24260916,0,Lookahead,Lookahead,north,commander_capture,65,True,False,0
Lookahead vs Lookahead,3,24260916,1,Lookahead,Lookahead,,ply_limit,512,False,True,0
Lookahead vs Lookahead,4,24260917,0,Lookahead,Lookahead,,ply_limit,512,False,True,0
Lookahead vs Lookahead,4,24260917,1,Lookahead,Lookahead,north,commander_capture,59,True,False,0
Lookahead vs Lookahead,5,24260918,0,Lookahead,Lookahead,north,commander_capture,47,True,False,0
Lookahead vs Lookahead,5,24260918,1,Lookahead,Lookahead,,ply_limit,512,False,True,0
Lookahead vs Lookahead,6,24260919,0,Lookahead,Lookahead,,ply_limit,512,False,True,0
Lookahead vs Lookahead,6,24260919,1,Lookahead,Lookahead,draw,threefold_repetition,280,True,False,0
Lookahead vs Lookahead,7,24260920,0,Lookahead,Lookahead,,ply_limit,512,False,True,0
Lookahead vs Lookahead,7,24260920,1,Lookahead,Lookahead,,ply_limit,512,False,True,0
Lookahead vs Lookahead,8,24260921,0,Lookahead,Lookahead,north,commander_capture,27,True,False,0
Lookahead vs Lookahead,8,24260921,1,Lookahead,Lookahead,south,commander_capture,26,True,False,0
Lookahead vs Lookahead,9,24260922,0,Lookahead,Lookahead,draw,threefold_repetition,53,True,False,0
Lookahead vs Lookahead,9,24260922,1,Lookahead,Lookahead,,ply_limit,512,False,True,0
Lookahead vs Lookahead,10,24260923,0,Lookahead,Lookahead,south,commander_capture,78,True,False,0
Lookahead vs Lookahead,10,24260923,1,Lookahead,Lookahead,south,commander_capture,152,True,False,0
Lookahead vs Lookahead,11,24260924,0,Lookahead,Lookahead,,ply_limit,512,False,True,0
Lookahead vs Lookahead,11,24260924,1,Lookahead,Lookahead,north,commander_capture,81,True,False,0
Lookahead vs Lookahead,12,24260925,0,Lookahead,Lookahead,,ply_limit,512,False,True,0
Lookahead vs Lookahead,12,24260925,1,Lookahead,Lookahead,,ply_limit,512,False,True,0
Lookahead vs Lookahead,13,24260926,0,Lookahead,Lookahead,north,commander_capture,123,True,False,0
Lookahead vs Lookahead,13,24260926,1,Lookahead,Lookahead,,ply_limit,512,False,True,0
Lookahead vs Lookahead,14,24260927,0,Lookahead,Lookahead,north,commander_capture,57,True,False,0
Lookahead vs Lookahead,14,24260927,1,Lookahead,Lookahead,south,commander_capture,98,True,False,0
Lookahead vs Lookahead,15,24260928,0,Lookahead,Lookahead,,ply_limit,512,False,True,0
Lookahead vs Lookahead,15,24260928,1,Lookahead,Lookahead,north,commander_capture,65,True,False,0
Lookahead vs Lookahead,16,24260929,0,Lookahead,Lookahead,,ply_limit,512,False,True,0
Lookahead vs Lookahead,16,24260929,1,Lookahead,Lookahead,,ply_limit,512,False,True,0
Lookahead vs Lookahead,17,24260930,0,Lookahead,Lookahead,,ply_limit,512,False,True,0
Lookahead vs Lookahead,17,24260930,1,Lookahead,Lookahead,,ply_limit,512,False,True,0
Lookahead vs Lookahead,18,24260931,0,Lookahead,Lookahead,,ply_limit,512,False,True,0
Lookahead vs Lookahead,18,24260931,1,Lookahead,Lookahead,,ply_limit,512,False,True,0
Lookahead vs Lookahead,19,24260932,0,Lookahead,Lookahead,north,commander_capture,43,True,False,0
Lookahead vs Lookahead,19,24260932,1,Lookahead,Lookahead,,ply_limit,512,False,True,0
Lookahead vs Lookahead,20,24260933,0,Lookahead,Lookahead,south,commander_capture,62,True,False,0
Lookahead vs Lookahead,20,24260933,1,Lookahead,Lookahead,,ply_limit,512,False,True,0
Lookahead vs Lookahead,21,24260934,0,Lookahead,Lookahead,,ply_limit,512,False,True,0
Lookahead vs Lookahead,21,24260934,1,Lookahead,Lookahead,,ply_limit,512,False,True,0
Lookahead vs Lookahead,22,24260935,0,Lookahead,Lookahead,,ply_limit,512,False,True,0
Lookahead vs Lookahead,22,24260935,1,Lookahead,Lookahead,south,commander_capture,82,True,False,0
Lookahead vs Lookahead,23,24260936,0,Lookahead,Lookahead,south,commander_capture,54,True,False,0
Lookahead vs Lookahead,23,24260936,1,Lookahead,Lookahead,,ply_limit,512,False,True,0
Lookahead vs Lookahead,24,24260937,0,Lookahead,Lookahead,,ply_limit,512,False,True,0
Lookahead vs Lookahead,24,24260937,1,Lookahead,Lookahead,,ply_limit,512,False,True,0
Lookahead vs Lookahead,25,24260938,0,Lookahead,Lookahead,,ply_limit,512,False,True,0
Lookahead vs Lookahead,25,24260938,1,Lookahead,Lookahead,,ply_limit,512,False,True,0
Lookahead vs Lookahead,26,24260939,0,Lookahead,Lookahead,,ply_limit,512,False,True,0
Lookahead vs Lookahead,26,24260939,1,Lookahead,Lookahead,,ply_limit,512,False,True,0
Lookahead vs Lookahead,27,24260940,0,Lookahead,Lookahead,,ply_limit,512,False,True,0
Lookahead vs Lookahead,27,24260940,1,Lookahead,Lookahead,north,commander_capture,43,True,False,0
Lookahead vs Lookahead,28,24260941,0,Lookahead,Lookahead,south,commander_capture,18,True,False,0
Lookahead vs Lookahead,28,24260941,1,Lookahead,Lookahead,,ply_limit,512,False,True,0
Lookahead vs Lookahead,29,24260942,0,Lookahead,Lookahead,,ply_limit,512,False,True,0
Lookahead vs Lookahead,29,24260942,1,Lookahead,Lookahead,north,commander_capture,45,True,False,0
Lookahead vs Lookahead,30,24260943,0,Lookahead,Lookahead,south,commander_capture,106,True,False,0
Lookahead vs Lookahead,30,24260943,1,Lookahead,Lookahead,,ply_limit,512,False,True,0
Lookahead vs Lookahead,31,24260944,0,Lookahead,Lookahead,,ply_limit,512,False,True,0
Lookahead vs Lookahead,31,24260944,1,Lookahead,Lookahead,,ply_limit,512,False,True,0
Lookahead vs Lookahead,32,24260945,0,Lookahead,Lookahead,,ply_limit,512,False,True,0
Lookahead vs Lookahead,32,24260945,1,Lookahead,Lookahead,,ply_limit,512,False,True,0
Lookahead vs Lookahead,33,24260946,0,Lookahead,Lookahead,,ply_limit,512,False,True,0
Lookahead vs Lookahead,33,24260946,1,Lookahead,Lookahead,,ply_limit,512,False,True,0
Lookahead vs Lookahead,34,24260947,0,Lookahead,Lookahead,,ply_limit,512,False,True,0
Lookahead vs Lookahead,34,24260947,1,Lookahead,Lookahead,,ply_limit,512,False,True,0
Lookahead vs Lookahead,35,24260948,0,Lookahead,Lookahead,,ply_limit,512,False,True,0
Lookahead vs Lookahead,35,24260948,1,Lookahead,Lookahead,,ply_limit,512,False,True,0
Lookahead vs Lookahead,36,24260949,0,Lookahead,Lookahead,north,commander_capture,43,True,False,0
Lookahead vs Lookahead,36,24260949,1,Lookahead,Lookahead,south,commander_capture,28,True,False,0
Lookahead vs Lookahead,37,24260950,0,Lookahead,Lookahead,north,commander_capture,41,True,False,0
Lookahead vs Lookahead,37,24260950,1,Lookahead,Lookahead,,ply_limit,512,False,True,0
Lookahead vs Lookahead,38,24260951,0,Lookahead,Lookahead,,ply_limit,512,False,True,0
Lookahead vs Lookahead,38,24260951,1,Lookahead,Lookahead,,ply_limit,512,False,True,0
Lookahead vs Lookahead,39,24260952,0,Lookahead,Lookahead,north,commander_capture,125,True,False,0
Lookahead vs Lookahead,39,24260952,1,Lookahead,Lookahead,,ply_limit,512,False,True,0
Lookahead vs Lookahead,40,24260953,0,Lookahead,Lookahead,draw,threefold_repetition,440,True,False,0
Lookahead vs Lookahead,40,24260953,1,Lookahead,Lookahead,north,commander_capture,123,True,False,0
Lookahead vs Lookahead,41,24260954,0,Lookahead,Lookahead,south,commander_capture,88,True,False,0
Lookahead vs Lookahead,41,24260954,1,Lookahead,Lookahead,,ply_limit,512,False,True,0
Lookahead vs Lookahead,42,24260955,0,Lookahead,Lookahead,,ply_limit,512,False,True,0
Lookahead vs Lookahead,42,24260955,1,Lookahead,Lookahead,,ply_limit,512,False,True,0
Lookahead vs Lookahead,43,24260956,0,Lookahead,Lookahead,north,commander_capture,109,True,False,0
Lookahead vs Lookahead,43,24260956,1,Lookahead,Lookahead,,ply_limit,512,False,True,0
Lookahead vs Lookahead,44,24260957,0,Lookahead,Lookahead,,ply_limit,512,False,True,0
Lookahead vs Lookahead,44,24260957,1,Lookahead,Lookahead,,ply_limit,512,False,True,0
Lookahead vs Lookahead,45,24260958,0,Lookahead,Lookahead,,ply_limit,512,False,True,0
Lookahead vs Lookahead,45,24260958,1,Lookahead,Lookahead,,ply_limit,512,False,True,0
Lookahead vs Lookahead,46,24260959,0,Lookahead,Lookahead,,ply_limit,512,False,True,0
Lookahead vs Lookahead,46,24260959,1,Lookahead,Lookahead,,ply_limit,512,False,True,0
Lookahead vs Lookahead,47,24260960,0,Lookahead,Lookahead,south,commander_capture,82,True,False,0
Lookahead vs Lookahead,47,24260960,1,Lookahead,Lookahead,,ply_limit,512,False,True,0
Lookahead vs Lookahead,48,24260961,0,Lookahead,Lookahead,,ply_limit,512,False,True,0
Lookahead vs Lookahead,48,24260961,1,Lookahead,Lookahead,south,commander_capture,34,True,False,0
Lookahead vs Lookahead,49,24260962,0,Lookahead,Lookahead,,ply_limit,512,False,True,0
Lookahead vs Lookahead,49,24260962,1,Lookahead,Lookahead,,ply_limit,512,False,True,0
Lookahead vs Lookahead,50,24260963,0,Lookahead,Lookahead,,ply_limit,512,False,True,0
Lookahead vs Lookahead,50,24260963,1,Lookahead,Lookahead,,ply_limit,512,False,True,0
Lookahead vs Lookahead,51,24260964,0,Lookahead,Lookahead,,ply_limit,512,False,True,0
Lookahead vs Lookahead,51,24260964,1,Lookahead,Lookahead,,ply_limit,512,False,True,0
Lookahead vs Lookahead,52,24260965,0,Lookahead,Lookahead,,ply_limit,512,False,True,0
Lookahead vs Lookahead,52,24260965,1,Lookahead,Lookahead,,ply_limit,512,False,True,0
Lookahead vs Lookahead,53,24260966,0,Lookahead,Lookahead,,ply_limit,512,False,True,0
Lookahead vs Lookahead,53,24260966,1,Lookahead,Lookahead,,ply_limit,512,False,True,0
Lookahead vs Lookahead,54,24260967,0,Lookahead,Lookahead,,ply_limit,512,False,True,0
Lookahead vs Lookahead,54,24260967,1,Lookahead,Lookahead,,ply_limit,512,False,True,0
Lookahead vs Lookahead,55,24260968,0,Lookahead,Lookahead,,ply_limit,512,False,True,0
Lookahead vs Lookahead,55,24260968,1,Lookahead,Lookahead,south,commander_capture,56,True,False,0
Lookahead vs Lookahead,56,24260969,0,Lookahead,Lookahead,north,commander_capture,103,True,False,0
Lookahead vs Lookahead,56,24260969,1,Lookahead,Lookahead,,ply_limit,512,False,True,0
Lookahead vs Lookahead,57,24260970,0,Lookahead,Lookahead,,ply_limit,512,False,True,0
Lookahead vs Lookahead,57,24260970,1,Lookahead,Lookahead,south,commander_capture,32,True,False,0
Lookahead vs Lookahead,58,24260971,0,Lookahead,Lookahead,,ply_limit,512,False,True,0
Lookahead vs Lookahead,58,24260971,1,Lookahead,Lookahead,,ply_limit,512,False,True,0
Lookahead vs Lookahead,59,24260972,0,Lookahead,Lookahead,,ply_limit,512,False,True,0
Lookahead vs Lookahead,59,24260972,1,Lookahead,Lookahead,,ply_limit,512,False,True,0
Lookahead vs Lookahead,60,24260973,0,Lookahead,Lookahead,,ply_limit,512,False,True,0
Lookahead vs Lookahead,60,24260973,1,Lookahead,Lookahead,,ply_limit,512,False,True,0
Lookahead vs Lookahead,61,24260974,0,Lookahead,Lookahead,,ply_limit,512,False,True,0
Lookahead vs Lookahead,61,24260974,1,Lookahead,Lookahead,,ply_limit,512,False,True,0
Lookahead vs Lookahead,62,24260975,0,Lookahead,Lookahead,,ply_limit,512,False,True,0
Lookahead vs Lookahead,62,24260975,1,Lookahead,Lookahead,,ply_limit,512,False,True,0
Lookahead vs Lookahead,63,24260976,0,Lookahead,Lookahead,north,commander_capture,99,True,False,0
Lookahead vs Lookahead,63,24260976,1,Lookahead,Lookahead,draw,threefold_repetition,323,True,False,0
Lookahead vs Lookahead,64,24260977,0,Lookahead,Lookahead,,ply_limit,512,False,True,0
Lookahead vs Lookahead,64,24260977,1,Lookahead,Lookahead,,ply_limit,512,False,True,0
Lookahead vs Lookahead,65,24260978,0,Lookahead,Lookahead,south,commander_capture,50,True,False,0
Lookahead vs Lookahead,65,24260978,1,Lookahead,Lookahead,south,commander_capture,90,True,False,0
Lookahead vs Lookahead,66,24260979,0,Lookahead,Lookahead,,ply_limit,512,False,True,0
Lookahead vs Lookahead,66,24260979,1,Lookahead,Lookahead,,ply_limit,512,False,True,0
Lookahead vs Lookahead,67,24260980,0,Lookahead,Lookahead,,ply_limit,512,False,True,0
Lookahead vs Lookahead,67,24260980,1,Lookahead,Lookahead,,ply_limit,512,False,True,0
Lookahead vs Lookahead,68,24260981,0,Lookahead,Lookahead,,ply_limit,512,False,True,0
Lookahead vs Lookahead,68,24260981,1,Lookahead,Lookahead,south,commander_capture,60,True,False,0
Lookahead vs Lookahead,69,24260982,0,Lookahead,Lookahead,south,commander_capture,50,True,False,0
Lookahead vs Lookahead,69,24260982,1,Lookahead,Lookahead,south,commander_capture,88,True,False,0
Lookahead vs Lookahead,70,24260983,0,Lookahead,Lookahead,,ply_limit,512,False,True,0
Lookahead vs Lookahead,70,24260983,1,Lookahead,Lookahead,,ply_limit,512,False,True,0
Lookahead vs Lookahead,71,24260984,0,Lookahead,Lookahead,,ply_limit,512,False,True,0
Lookahead vs Lookahead,71,24260984,1,Lookahead,Lookahead,south,commander_capture,180,True,False,0
Lookahead vs Lookahead,72,24260985,0,Lookahead,Lookahead,,ply_limit,512,False,True,0
Lookahead vs Lookahead,72,24260985,1,Lookahead,Lookahead,,ply_limit,512,False,True,0
Lookahead vs Lookahead,73,24260986,0,Lookahead,Lookahead,,ply_limit,512,False,True,0
Lookahead vs Lookahead,73,24260986,1,Lookahead,Lookahead,south,commander_capture,66,True,False,0
Lookahead vs Lookahead,74,24260987,0,Lookahead,Lookahead,,ply_limit,512,False,True,0
Lookahead vs Lookahead,74,24260987,1,Lookahead,Lookahead,,ply_limit,512,False,True,0
Lookahead vs Lookahead,75,24260988,0,Lookahead,Lookahead,south,commander_capture,26,True,False,0
Lookahead vs Lookahead,75,24260988,1,Lookahead,Lookahead,,ply_limit,512,False,True,0
Lookahead vs Lookahead,76,24260989,0,Lookahead,Lookahead,,ply_limit,512,False,True,0
Lookahead vs Lookahead,76,24260989,1,Lookahead,Lookahead,south,commander_capture,82,True,False,0
Lookahead vs Lookahead,77,24260990,0,Lookahead,Lookahead,,ply_limit,512,False,True,0
Lookahead vs Lookahead,77,24260990,1,Lookahead,Lookahead,north,commander_capture,47,True,False,0
Lookahead vs Lookahead,78,24260991,0,Lookahead,Lookahead,,ply_limit,512,False,True,0
Lookahead vs Lookahead,78,24260991,1,Lookahead,Lookahead,,ply_limit,512,False,True,0
Lookahead vs Lookahead,79,24260992,0,Lookahead,Lookahead,,ply_limit,512,False,True,0
Lookahead vs Lookahead,79,24260992,1,Lookahead,Lookahead,,ply_limit,512,False,True,0
Lookahead vs Lookahead,80,24260993,0,Lookahead,Lookahead,,ply_limit,512,False,True,0
Lookahead vs Lookahead,80,24260993,1,Lookahead,Lookahead,,ply_limit,512,False,True,0
Lookahead vs Lookahead,81,24260994,0,Lookahead,Lookahead,,ply_limit,512,False,True,0
Lookahead vs Lookahead,81,24260994,1,Lookahead,Lookahead,south,commander_capture,74,True,False,0
Lookahead vs Lookahead,82,24260995,0,Lookahead,Lookahead,,ply_limit,512,False,True,0
Lookahead vs Lookahead,82,24260995,1,Lookahead,Lookahead,south,commander_capture,44,True,False,0
Lookahead vs Lookahead,83,24260996,0,Lookahead,Lookahead,,ply_limit,512,False,True,0
Lookahead vs Lookahead,83,24260996,1,Lookahead,Lookahead,,ply_limit,512,False,True,0
Lookahead vs Lookahead,84,24260997,0,Lookahead,Lookahead,,ply_limit,512,False,True,0
Lookahead vs Lookahead,84,24260997,1,Lookahead,Lookahead,north,commander_capture,77,True,False,0
Lookahead vs Lookahead,85,24260998,0,Lookahead,Lookahead,,ply_limit,512,False,True,0
Lookahead vs Lookahead,85,24260998,1,Lookahead,Lookahead,,ply_limit,512,False,True,0
Lookahead vs Lookahead,86,24260999,0,Lookahead,Lookahead,,ply_limit,512,False,True,0
Lookahead vs Lookahead,86,24260999,1,Lookahead,Lookahead,south,commander_capture,68,True,False,0
Lookahead vs Lookahead,87,24261000,0,Lookahead,Lookahead,,ply_limit,512,False,True,0
Lookahead vs Lookahead,87,24261000,1,Lookahead,Lookahead,north,commander_capture,155,True,False,0
Lookahead vs Lookahead,88,24261001,0,Lookahead,Lookahead,,ply_limit,512,False,True,0
Lookahead vs Lookahead,88,24261001,1,Lookahead,Lookahead,,ply_limit,512,False,True,0
Lookahead vs Lookahead,89,24261002,0,Lookahead,Lookahead,south,commander_capture,60,True,False,0
Lookahead vs Lookahead,89,24261002,1,Lookahead,Lookahead,,ply_limit,512,False,True,0
Lookahead vs Lookahead,90,24261003,0,Lookahead,Lookahead,,ply_limit,512,False,True,0
Lookahead vs Lookahead,90,24261003,1,Lookahead,Lookahead,,ply_limit,512,False,True,0
Lookahead vs Lookahead,91,24261004,0,Lookahead,Lookahead,,ply_limit,512,False,True,0
Lookahead vs Lookahead,91,24261004,1,Lookahead,Lookahead,,ply_limit,512,False,True,0
Lookahead vs Lookahead,92,24261005,0,Lookahead,Lookahead,,ply_limit,512,False,True,0
Lookahead vs Lookahead,92,24261005,1,Lookahead,Lookahead,north,commander_capture,145,True,False,0
Lookahead vs Lookahead,93,24261006,0,Lookahead,Lookahead,south,commander_capture,62,True,False,0
Lookahead vs Lookahead,93,24261006,1,Lookahead,Lookahead,,ply_limit,512,False,True,0
Lookahead vs Lookahead,94,24261007,0,Lookahead,Lookahead,,ply_limit,512,False,True,0
Lookahead vs Lookahead,94,24261007,1,Lookahead,Lookahead,south,commander_capture,68,True,False,0
Lookahead vs Lookahead,95,24261008,0,Lookahead,Lookahead,,ply_limit,512,False,True,0
Lookahead vs Lookahead,95,24261008,1,Lookahead,Lookahead,,ply_limit,512,False,True,0
Lookahead vs Lookahead,96,24261009,0,Lookahead,Lookahead,,ply_limit,512,False,True,0
Lookahead vs Lookahead,96,24261009,1,Lookahead,Lookahead,,ply_limit,512,False,True,0
Lookahead vs Lookahead,97,24261010,0,Lookahead,Lookahead,south,commander_capture,78,True,False,0
Lookahead vs Lookahead,97,24261010,1,Lookahead,Lookahead,,ply_limit,512,False,True,0
Lookahead vs Lookahead,98,24261011,0,Lookahead,Lookahead,,ply_limit,512,False,True,0
Lookahead vs Lookahead,98,24261011,1,Lookahead,Lookahead,,ply_limit,512,False,True,0
Lookahead vs Lookahead,99,24261012,0,Lookahead,Lookahead,,ply_limit,512,False,True,0
Lookahead vs Lookahead,99,24261012,1,Lookahead,Lookahead,south,commander_capture,104,True,False,0
Lookahead vs Lookahead,100,24261013,0,Lookahead,Lookahead,,ply_limit,512,False,True,0
Lookahead vs Lookahead,100,24261013,1,Lookahead,Lookahead,,ply_limit,512,False,True,0
Lookahead vs Lookahead,101,24261014,0,Lookahead,Lookahead,south,commander_capture,22,True,False,0
Lookahead vs Lookahead,101,24261014,1,Lookahead,Lookahead,,ply_limit,512,False,True,0
Lookahead vs Lookahead,102,24261015,0,Lookahead,Lookahead,,ply_limit,512,False,True,0
Lookahead vs Lookahead,102,24261015,1,Lookahead,Lookahead,north,commander_capture,49,True,False,0
Lookahead vs Lookahead,103,24261016,0,Lookahead,Lookahead,,ply_limit,512,False,True,0
Lookahead vs Lookahead,103,24261016,1,Lookahead,Lookahead,,ply_limit,512,False,True,0
Lookahead vs Lookahead,104,24261017,0,Lookahead,Lookahead,north,commander_capture,51,True,False,0
Lookahead vs Lookahead,104,24261017,1,Lookahead,Lookahead,south,commander_capture,76,True,False,0
Lookahead vs Lookahead,105,24261018,0,Lookahead,Lookahead,,ply_limit,512,False,True,0
Lookahead vs Lookahead,105,24261018,1,Lookahead,Lookahead,north,commander_capture,49,True,False,0
Lookahead vs Lookahead,106,24261019,0,Lookahead,Lookahead,north,commander_capture,51,True,False,0
Lookahead vs Lookahead,106,24261019,1,Lookahead,Lookahead,,ply_limit,512,False,True,0
Lookahead vs Lookahead,107,24261020,0,Lookahead,Lookahead,south,commander_capture,58,True,False,0
Lookahead vs Lookahead,107,24261020,1,Lookahead,Lookahead,,ply_limit,512,False,True,0
Lookahead vs Lookahead,108,24261021,0,Lookahead,Lookahead,,ply_limit,512,False,True,0
Lookahead vs Lookahead,108,24261021,1,Lookahead,Lookahead,,ply_limit,512,False,True,0
Lookahead vs Lookahead,109,24261022,0,Lookahead,Lookahead,,ply_limit,512,False,True,0
Lookahead vs Lookahead,109,24261022,1,Lookahead,Lookahead,,ply_limit,512,False,True,0
Lookahead vs Lookahead,110,24261023,0,Lookahead,Lookahead,north,commander_capture,33,True,False,0
Lookahead vs Lookahead,110,24261023,1,Lookahead,Lookahead,,ply_limit,512,False,True,0
Lookahead vs Lookahead,111,24261024,0,Lookahead,Lookahead,,ply_limit,512,False,True,0
Lookahead vs Lookahead,111,24261024,1,Lookahead,Lookahead,north,commander_capture,47,True,False,0
Lookahead vs Lookahead,112,24261025,0,Lookahead,Lookahead,,ply_limit,512,False,True,0
Lookahead vs Lookahead,112,24261025,1,Lookahead,Lookahead,,ply_limit,512,False,True,0
Lookahead vs Lookahead,113,24261026,0,Lookahead,Lookahead,,ply_limit,512,False,True,0
Lookahead vs Lookahead,113,24261026,1,Lookahead,Lookahead,,ply_limit,512,False,True,0
Lookahead vs Lookahead,114,24261027,0,Lookahead,Lookahead,,ply_limit,512,False,True,0
Lookahead vs Lookahead,114,24261027,1,Lookahead,Lookahead,south,commander_capture,46,True,False,0
Lookahead vs Lookahead,115,24261028,0,Lookahead,Lookahead,,ply_limit,512,False,True,0
Lookahead vs Lookahead,115,24261028,1,Lookahead,Lookahead,,ply_limit,512,False,True,0
Lookahead vs Lookahead,116,24261029,0,Lookahead,Lookahead,,ply_limit,512,False,True,0
Lookahead vs Lookahead,116,24261029,1,Lookahead,Lookahead,north,commander_capture,65,True,False,0
Lookahead vs Lookahead,117,24261030,0,Lookahead,Lookahead,,ply_limit,512,False,True,0
Lookahead vs Lookahead,117,24261030,1,Lookahead,Lookahead,,ply_limit,512,False,True,0
Lookahead vs Lookahead,118,24261031,0,Lookahead,Lookahead,,ply_limit,512,False,True,0
Lookahead vs Lookahead,118,24261031,1,Lookahead,Lookahead,,ply_limit,512,False,True,0
Lookahead vs Lookahead,119,24261032,0,Lookahead,Lookahead,,ply_limit,512,False,True,0
Lookahead vs Lookahead,119,24261032,1,Lookahead,Lookahead,,ply_limit,512,False,True,0
Lookahead vs Lookahead,120,24261033,0,Lookahead,Lookahead,,ply_limit,512,False,True,0
Lookahead vs Lookahead,120,24261033,1,Lookahead,Lookahead,,ply_limit,512,False,True,0
Lookahead vs Lookahead,121,24261034,0,Lookahead,Lookahead,,ply_limit,512,False,True,0
Lookahead vs Lookahead,121,24261034,1,Lookahead,Lookahead,,ply_limit,512,False,True,0
Lookahead vs Lookahead,122,24261035,0,Lookahead,Lookahead,,ply_limit,512,False,True,0
Lookahead vs Lookahead,122,24261035,1,Lookahead,Lookahead,,ply_limit,512,False,True,0
Lookahead vs Lookahead,123,24261036,0,Lookahead,Lookahead,,ply_limit,512,False,True,0
Lookahead vs Lookahead,123,24261036,1,Lookahead,Lookahead,,ply_limit,512,False,True,0
Lookahead vs Lookahead,124,24261037,0,Lookahead,Lookahead,,ply_limit,512,False,True,0
Lookahead vs Lookahead,124,24261037,1,Lookahead,Lookahead,,ply_limit,512,False,True,0
Lookahead vs Lookahead,125,24261038,0,Lookahead,Lookahead,south,commander_capture,80,True,False,0
Lookahead vs Lookahead,125,24261038,1,Lookahead,Lookahead,,ply_limit,512,False,True,0
Lookahead vs Lookahead,126,24261039,0,Lookahead,Lookahead,,ply_limit,512,False,True,0
Lookahead vs Lookahead,126,24261039,1,Lookahead,Lookahead,south,commander_capture,60,True,False,0
Lookahead vs Lookahead,127,24261040,0,Lookahead,Lookahead,,ply_limit,512,False,True,0
Lookahead vs Lookahead,127,24261040,1,Lookahead,Lookahead,north,commander_capture,47,True,False,0
Lookahead vs Lookahead,128,24261041,0,Lookahead,Lookahead,north,commander_capture,55,True,False,0
Lookahead vs Lookahead,128,24261041,1,Lookahead,Lookahead,south,commander_capture,58,True,False,0
Lookahead vs Lookahead,129,24261042,0,Lookahead,Lookahead,north,commander_capture,87,True,False,0
Lookahead vs Lookahead,129,24261042,1,Lookahead,Lookahead,south,commander_capture,80,True,False,0
Lookahead vs Lookahead,130,24261043,0,Lookahead,Lookahead,,ply_limit,512,False,True,0
Lookahead vs Lookahead,130,24261043,1,Lookahead,Lookahead,,ply_limit,512,False,True,0
Lookahead vs Lookahead,131,24261044,0,Lookahead,Lookahead,north,commander_capture,103,True,False,0
Lookahead vs Lookahead,131,24261044,1,Lookahead,Lookahead,,ply_limit,512,False,True,0
Lookahead vs Lookahead,132,24261045,0,Lookahead,Lookahead,,ply_limit,512,False,True,0
Lookahead vs Lookahead,132,24261045,1,Lookahead,Lookahead,,ply_limit,512,False,True,0
Lookahead vs Lookahead,133,24261046,0,Lookahead,Lookahead,draw,threefold_repetition,502,True,False,0
Lookahead vs Lookahead,133,24261046,1,Lookahead,Lookahead,,ply_limit,512,False,True,0
Lookahead vs Lookahead,134,24261047,0,Lookahead,Lookahead,,ply_limit,512,False,True,0
Lookahead vs Lookahead,134,24261047,1,Lookahead,Lookahead,,ply_limit,512,False,True,0
Lookahead vs Lookahead,135,24261048,0,Lookahead,Lookahead,north,commander_capture,73,True,False,0
Lookahead vs Lookahead,135,24261048,1,Lookahead,Lookahead,south,commander_capture,74,True,False,0
Lookahead vs Lookahead,136,24261049,0,Lookahead,Lookahead,,ply_limit,512,False,True,0
Lookahead vs Lookahead,136,24261049,1,Lookahead,Lookahead,,ply_limit,512,False,True,0
Lookahead vs Lookahead,137,24261050,0,Lookahead,Lookahead,,ply_limit,512,False,True,0
Lookahead vs Lookahead,137,24261050,1,Lookahead,Lookahead,,ply_limit,512,False,True,0
Lookahead vs Lookahead,138,24261051,0,Lookahead,Lookahead,north,commander_capture,69,True,False,0
Lookahead vs Lookahead,138,24261051,1,Lookahead,Lookahead,,ply_limit,512,False,True,0
Lookahead vs Lookahead,139,24261052,0,Lookahead,Lookahead,,ply_limit,512,False,True,0
Lookahead vs Lookahead,139,24261052,1,Lookahead,Lookahead,,ply_limit,512,False,True,0
Lookahead vs Lookahead,140,24261053,0,Lookahead,Lookahead,north,commander_capture,31,True,False,0
Lookahead vs Lookahead,140,24261053,1,Lookahead,Lookahead,,ply_limit,512,False,True,0
Lookahead vs Lookahead,141,24261054,0,Lookahead,Lookahead,north,commander_capture,79,True,False,0
Lookahead vs Lookahead,141,24261054,1,Lookahead,Lookahead,,ply_limit,512,False,True,0
Lookahead vs Lookahead,142,24261055,0,Lookahead,Lookahead,,ply_limit,512,False,True,0
Lookahead vs Lookahead,142,24261055,1,Lookahead,Lookahead,,ply_limit,512,False,True,0
Lookahead vs Lookahead,143,24261056,0,Lookahead,Lookahead,north,commander_capture,101,True,False,0
Lookahead vs Lookahead,143,24261056,1,Lookahead,Lookahead,north,commander_capture,79,True,False,0
Lookahead vs Lookahead,144,24261057,0,Lookahead,Lookahead,,ply_limit,512,False,True,0
Lookahead vs Lookahead,144,24261057,1,Lookahead,Lookahead,,ply_limit,512,False,True,0
Lookahead vs Lookahead,145,24261058,0,Lookahead,Lookahead,draw,threefold_repetition,427,True,False,0
Lookahead vs Lookahead,145,24261058,1,Lookahead,Lookahead,north,commander_capture,73,True,False,0
Lookahead vs Lookahead,146,24261059,0,Lookahead,Lookahead,,ply_limit,512,False,True,0
Lookahead vs Lookahead,146,24261059,1,Lookahead,Lookahead,,ply_limit,512,False,True,0
Lookahead vs Lookahead,147,24261060,0,Lookahead,Lookahead,,ply_limit,512,False,True,0
Lookahead vs Lookahead,147,24261060,1,Lookahead,Lookahead,,ply_limit,512,False,True,0
Lookahead vs Lookahead,148,24261061,0,Lookahead,Lookahead,,ply_limit,512,False,True,0
Lookahead vs Lookahead,148,24261061,1,Lookahead,Lookahead,north,commander_capture,45,True,False,0
Lookahead vs Lookahead,149,24261062,0,Lookahead,Lookahead,,ply_limit,512,False,True,0
Lookahead vs Lookahead,149,24261062,1,Lookahead,Lookahead,north,commander_capture,85,True,False,0
Lookahead vs Lookahead,150,24261063,0,Lookahead,Lookahead,south,commander_capture,62,True,False,0
Lookahead vs Lookahead,150,24261063,1,Lookahead,Lookahead,,ply_limit,512,False,True,0
Lookahead vs Lookahead,151,24261064,0,Lookahead,Lookahead,north,commander_capture,45,True,False,0
Lookahead vs Lookahead,151,24261064,1,Lookahead,Lookahead,,ply_limit,512,False,True,0
Lookahead vs Lookahead,152,24261065,0,Lookahead,Lookahead,north,commander_capture,59,True,False,0
Lookahead vs Lookahead,152,24261065,1,Lookahead,Lookahead,,ply_limit,512,False,True,0
Lookahead vs Lookahead,153,24261066,0,Lookahead,Lookahead,south,commander_capture,64,True,False,0
Lookahead vs Lookahead,153,24261066,1,Lookahead,Lookahead,,ply_limit,512,False,True,0
Lookahead vs Lookahead,154,24261067,0,Lookahead,Lookahead,south,commander_capture,70,True,False,0
Lookahead vs Lookahead,154,24261067,1,Lookahead,Lookahead,,ply_limit,512,False,True,0
Lookahead vs Lookahead,155,24261068,0,Lookahead,Lookahead,south,commander_capture,24,True,False,0
Lookahead vs Lookahead,155,24261068,1,Lookahead,Lookahead,south,commander_capture,62,True,False,0
Lookahead vs Lookahead,156,24261069,0,Lookahead,Lookahead,,ply_limit,512,False,True,0
Lookahead vs Lookahead,156,24261069,1,Lookahead,Lookahead,south,commander_capture,44,True,False,0
Lookahead vs Lookahead,157,24261070,0,Lookahead,Lookahead,north,commander_capture,23,True,False,0
Lookahead vs Lookahead,157,24261070,1,Lookahead,Lookahead,,ply_limit,512,False,True,0
Lookahead vs Lookahead,158,24261071,0,Lookahead,Lookahead,,ply_limit,512,False,True,0
Lookahead vs Lookahead,158,24261071,1,Lookahead,Lookahead,,ply_limit,512,False,True,0
Lookahead vs Lookahead,159,24261072,0,Lookahead,Lookahead,south,commander_capture,62,True,False,0
Lookahead vs Lookahead,159,24261072,1,Lookahead,Lookahead,,ply_limit,512,False,True,0
Lookahead vs Lookahead,160,24261073,0,Lookahead,Lookahead,north,commander_capture,47,True,False,0
Lookahead vs Lookahead,160,24261073,1,Lookahead,Lookahead,,ply_limit,512,False,True,0
Lookahead vs Lookahead,161,24261074,0,Lookahead,Lookahead,,ply_limit,512,False,True,0
Lookahead vs Lookahead,161,24261074,1,Lookahead,Lookahead,draw,threefold_repetition,71,True,False,0
Lookahead vs Lookahead,162,24261075,0,Lookahead,Lookahead,,ply_limit,512,False,True,0
Lookahead vs Lookahead,162,24261075,1,Lookahead,Lookahead,north,commander_capture,51,True,False,0
Lookahead vs Lookahead,163,24261076,0,Lookahead,Lookahead,south,commander_capture,142,True,False,0
Lookahead vs Lookahead,163,24261076,1,Lookahead,Lookahead,,ply_limit,512,False,True,0
Lookahead vs Lookahead,164,24261077,0,Lookahead,Lookahead,north,commander_capture,69,True,False,0
Lookahead vs Lookahead,164,24261077,1,Lookahead,Lookahead,,ply_limit,512,False,True,0
Lookahead vs Lookahead,165,24261078,0,Lookahead,Lookahead,,ply_limit,512,False,True,0
Lookahead vs Lookahead,165,24261078,1,Lookahead,Lookahead,,ply_limit,512,False,True,0
Lookahead vs Lookahead,166,24261079,0,Lookahead,Lookahead,,ply_limit,512,False,True,0
Lookahead vs Lookahead,166,24261079,1,Lookahead,Lookahead,,ply_limit,512,False,True,0
Lookahead vs Lookahead,167,24261080,0,Lookahead,Lookahead,,ply_limit,512,False,True,0
Lookahead vs Lookahead,167,24261080,1,Lookahead,Lookahead,,ply_limit,512,False,True,0
Lookahead vs Lookahead,168,24261081,0,Lookahead,Lookahead,north,commander_capture,29,True,False,0
Lookahead vs Lookahead,168,24261081,1,Lookahead,Lookahead,north,commander_capture,75,True,False,0
Lookahead vs Lookahead,169,24261082,0,Lookahead,Lookahead,draw,threefold_repetition,441,True,False,0
Lookahead vs Lookahead,169,24261082,1,Lookahead,Lookahead,south,commander_capture,40,True,False,0
Lookahead vs Lookahead,170,24261083,0,Lookahead,Lookahead,north,commander_capture,29,True,False,0
Lookahead vs Lookahead,170,24261083,1,Lookahead,Lookahead,north,commander_capture,55,True,False,0
Lookahead vs Lookahead,171,24261084,0,Lookahead,Lookahead,south,commander_capture,62,True,False,0
Lookahead vs Lookahead,171,24261084,1,Lookahead,Lookahead,,ply_limit,512,False,True,0
Lookahead vs Lookahead,172,24261085,0,Lookahead,Lookahead,north,commander_capture,55,True,False,0
Lookahead vs Lookahead,172,24261085,1,Lookahead,Lookahead,,ply_limit,512,False,True,0
Lookahead vs Lookahead,173,24261086,0,Lookahead,Lookahead,,ply_limit,512,False,True,0
Lookahead vs Lookahead,173,24261086,1,Lookahead,Lookahead,,ply_limit,512,False,True,0
Lookahead vs Lookahead,174,24261087,0,Lookahead,Lookahead,,ply_limit,512,False,True,0
Lookahead vs Lookahead,174,24261087,1,Lookahead,Lookahead,,ply_limit,512,False,True,0
Lookahead vs Lookahead,175,24261088,0,Lookahead,Lookahead,,ply_limit,512,False,True,0
Lookahead vs Lookahead,175,24261088,1,Lookahead,Lookahead,,ply_limit,512,False,True,0
Lookahead vs Lookahead,176,24261089,0,Lookahead,Lookahead,south,commander_capture,112,True,False,0
Lookahead vs Lookahead,176,24261089,1,Lookahead,Lookahead,north,commander_capture,69,True,False,0
Lookahead vs Lookahead,177,24261090,0,Lookahead,Lookahead,,ply_limit,512,False,True,0
Lookahead vs Lookahead,177,24261090,1,Lookahead,Lookahead,,ply_limit,512,False,True,0
Lookahead vs Lookahead,178,24261091,0,Lookahead,Lookahead,north,commander_capture,55,True,False,0
Lookahead vs Lookahead,178,24261091,1,Lookahead,Lookahead,north,commander_capture,45,True,False,0
Lookahead vs Lookahead,179,24261092,0,Lookahead,Lookahead,,ply_limit,512,False,True,0
Lookahead vs Lookahead,179,24261092,1,Lookahead,Lookahead,,ply_limit,512,False,True,0
Lookahead vs Lookahead,180,24261093,0,Lookahead,Lookahead,,ply_limit,512,False,True,0
Lookahead vs Lookahead,180,24261093,1,Lookahead,Lookahead,south,commander_capture,112,True,False,0
Lookahead vs Lookahead,181,24261094,0,Lookahead,Lookahead,south,commander_capture,82,True,False,0
Lookahead vs Lookahead,181,24261094,1,Lookahead,Lookahead,,ply_limit,512,False,True,0
Lookahead vs Lookahead,182,24261095,0,Lookahead,Lookahead,south,commander_capture,54,True,False,0
Lookahead vs Lookahead,182,24261095,1,Lookahead,Lookahead,,ply_limit,512,False,True,0
Lookahead vs Lookahead,183,24261096,0,Lookahead,Lookahead,,ply_limit,512,False,True,0
Lookahead vs Lookahead,183,24261096,1,Lookahead,Lookahead,north,commander_capture,127,True,False,0
Lookahead vs Lookahead,184,24261097,0,Lookahead,Lookahead,,ply_limit,512,False,True,0
Lookahead vs Lookahead,184,24261097,1,Lookahead,Lookahead,,ply_limit,512,False,True,0
Lookahead vs Lookahead,185,24261098,0,Lookahead,Lookahead,draw,threefold_repetition,333,True,False,0
Lookahead vs Lookahead,185,24261098,1,Lookahead,Lookahead,,ply_limit,512,False,True,0
Lookahead vs Lookahead,186,24261099,0,Lookahead,Lookahead,south,commander_capture,68,True,False,0
Lookahead vs Lookahead,186,24261099,1,Lookahead,Lookahead,,ply_limit,512,False,True,0
Lookahead vs Lookahead,187,24261100,0,Lookahead,Lookahead,,ply_limit,512,False,True,0
Lookahead vs Lookahead,187,24261100,1,Lookahead,Lookahead,,ply_limit,512,False,True,0
Lookahead vs Lookahead,188,24261101,0,Lookahead,Lookahead,south,commander_capture,182,True,False,0
Lookahead vs Lookahead,188,24261101,1,Lookahead,Lookahead,,ply_limit,512,False,True,0
Lookahead vs Lookahead,189,24261102,0,Lookahead,Lookahead,,ply_limit,512,False,True,0
Lookahead vs Lookahead,189,24261102,1,Lookahead,Lookahead,,ply_limit,512,False,True,0
Lookahead vs Lookahead,190,24261103,0,Lookahead,Lookahead,north,commander_capture,25,True,False,0
Lookahead vs Lookahead,190,24261103,1,Lookahead,Lookahead,,ply_limit,512,False,True,0
Lookahead vs Lookahead,191,24261104,0,Lookahead,Lookahead,,ply_limit,512,False,True,0
Lookahead vs Lookahead,191,24261104,1,Lookahead,Lookahead,,ply_limit,512,False,True,0
Lookahead vs Lookahead,192,24261105,0,Lookahead,Lookahead,,ply_limit,512,False,True,0
Lookahead vs Lookahead,192,24261105,1,Lookahead,Lookahead,,ply_limit,512,False,True,0
Lookahead vs Lookahead,193,24261106,0,Lookahead,Lookahead,,ply_limit,512,False,True,0
Lookahead vs Lookahead,193,24261106,1,Lookahead,Lookahead,,ply_limit,512,False,True,0
Lookahead vs Lookahead,194,24261107,0,Lookahead,Lookahead,,ply_limit,512,False,True,0
Lookahead vs Lookahead,194,24261107,1,Lookahead,Lookahead,,ply_limit,512,False,True,0
Lookahead vs Lookahead,195,24261108,0,Lookahead,Lookahead,,ply_limit,512,False,True,0
Lookahead vs Lookahead,195,24261108,1,Lookahead,Lookahead,,ply_limit,512,False,True,0
Lookahead vs Lookahead,196,24261109,0,Lookahead,Lookahead,,ply_limit,512,False,True,0
Lookahead vs Lookahead,196,24261109,1,Lookahead,Lookahead,,ply_limit,512,False,True,0
Lookahead vs Lookahead,197,24261110,0,Lookahead,Lookahead,,ply_limit,512,False,True,0
Lookahead vs Lookahead,197,24261110,1,Lookahead,Lookahead,,ply_limit,512,False,True,0
Lookahead vs Lookahead,198,24261111,0,Lookahead,Lookahead,,ply_limit,512,False,True,0
Lookahead vs Lookahead,198,24261111,1,Lookahead,Lookahead,south,commander_capture,118,True,False,0
Lookahead vs Lookahead,199,24261112,0,Lookahead,Lookahead,south,commander_capture,32,True,False,0
Lookahead vs Lookahead,199,24261112,1,Lookahead,Lookahead,,ply_limit,512,False,True,0
Lookahead vs Lookahead,200,24261113,0,Lookahead,Lookahead,,ply_limit,512,False,True,0
Lookahead vs Lookahead,200,24261113,1,Lookahead,Lookahead,north,commander_capture,95,True,False,0
Lookahead vs Lookahead,201,24261114,0,Lookahead,Lookahead,,ply_limit,512,False,True,0
Lookahead vs Lookahead,201,24261114,1,Lookahead,Lookahead,,ply_limit,512,False,True,0
Lookahead vs Lookahead,202,24261115,0,Lookahead,Lookahead,,ply_limit,512,False,True,0
Lookahead vs Lookahead,202,24261115,1,Lookahead,Lookahead,,ply_limit,512,False,True,0
Lookahead vs Lookahead,203,24261116,0,Lookahead,Lookahead,,ply_limit,512,False,True,0
Lookahead vs Lookahead,203,24261116,1,Lookahead,Lookahead,,ply_limit,512,False,True,0
Lookahead vs Lookahead,204,24261117,0,Lookahead,Lookahead,,ply_limit,512,False,True,0
Lookahead vs Lookahead,204,24261117,1,Lookahead,Lookahead,,ply_limit,512,False,True,0
Lookahead vs Lookahead,205,24261118,0,Lookahead,Lookahead,,ply_limit,512,False,True,0
Lookahead vs Lookahead,205,24261118,1,Lookahead,Lookahead,,ply_limit,512,False,True,0
Lookahead vs Lookahead,206,24261119,0,Lookahead,Lookahead,south,commander_capture,30,True,False,0
Lookahead vs Lookahead,206,24261119,1,Lookahead,Lookahead,north,commander_capture,97,True,False,0
Lookahead vs Lookahead,207,24261120,0,Lookahead,Lookahead,,ply_limit,512,False,True,0
Lookahead vs Lookahead,207,24261120,1,Lookahead,Lookahead,south,commander_capture,26,True,False,0
Lookahead vs Lookahead,208,24261121,0,Lookahead,Lookahead,,ply_limit,512,False,True,0
Lookahead vs Lookahead,208,24261121,1,Lookahead,Lookahead,,ply_limit,512,False,True,0
Lookahead vs Lookahead,209,24261122,0,Lookahead,Lookahead,,ply_limit,512,False,True,0
Lookahead vs Lookahead,209,24261122,1,Lookahead,Lookahead,,ply_limit,512,False,True,0
Lookahead vs Lookahead,210,24261123,0,Lookahead,Lookahead,,ply_limit,512,False,True,0
Lookahead vs Lookahead,210,24261123,1,Lookahead,Lookahead,,ply_limit,512,False,True,0
Lookahead vs Lookahead,211,24261124,0,Lookahead,Lookahead,south,commander_capture,86,True,False,0
Lookahead vs Lookahead,211,24261124,1,Lookahead,Lookahead,,ply_limit,512,False,True,0
Lookahead vs Lookahead,212,24261125,0,Lookahead,Lookahead,north,commander_capture,45,True,False,0
Lookahead vs Lookahead,212,24261125,1,Lookahead,Lookahead,,ply_limit,512,False,True,0
Lookahead vs Lookahead,213,24261126,0,Lookahead,Lookahead,south,commander_capture,116,True,False,0
Lookahead vs Lookahead,213,24261126,1,Lookahead,Lookahead,north,commander_capture,61,True,False,0
Lookahead vs Lookahead,214,24261127,0,Lookahead,Lookahead,south,commander_capture,80,True,False,0
Lookahead vs Lookahead,214,24261127,1,Lookahead,Lookahead,south,commander_capture,24,True,False,0
Lookahead vs Lookahead,215,24261128,0,Lookahead,Lookahead,,ply_limit,512,False,True,0
Lookahead vs Lookahead,215,24261128,1,Lookahead,Lookahead,,ply_limit,512,False,True,0
Lookahead vs Lookahead,216,24261129,0,Lookahead,Lookahead,north,commander_capture,47,True,False,0
Lookahead vs Lookahead,216,24261129,1,Lookahead,Lookahead,,ply_limit,512,False,True,0
Lookahead vs Lookahead,217,24261130,0,Lookahead,Lookahead,,ply_limit,512,False,True,0
Lookahead vs Lookahead,217,24261130,1,Lookahead,Lookahead,,ply_limit,512,False,True,0
Lookahead vs Lookahead,218,24261131,0,Lookahead,Lookahead,,ply_limit,512,False,True,0
Lookahead vs Lookahead,218,24261131,1,Lookahead,Lookahead,,ply_limit,512,False,True,0
Lookahead vs Lookahead,219,24261132,0,Lookahead,Lookahead,,ply_limit,512,False,True,0
Lookahead vs Lookahead,219,24261132,1,Lookahead,Lookahead,north,commander_capture,37,True,False,0
Lookahead vs Lookahead,220,24261133,0,Lookahead,Lookahead,north,commander_capture,67,True,False,0
Lookahead vs Lookahead,220,24261133,1,Lookahead,Lookahead,,ply_limit,512,False,True,0
Lookahead vs Lookahead,221,24261134,0,Lookahead,Lookahead,,ply_limit,512,False,True,0
Lookahead vs Lookahead,221,24261134,1,Lookahead,Lookahead,,ply_limit,512,False,True,0
Lookahead vs Lookahead,222,24261135,0,Lookahead,Lookahead,,ply_limit,512,False,True,0
Lookahead vs Lookahead,222,24261135,1,Lookahead,Lookahead,south,commander_capture,80,True,False,0
Lookahead vs Lookahead,223,24261136,0,Lookahead,Lookahead,,ply_limit,512,False,True,0
Lookahead vs Lookahead,223,24261136,1,Lookahead,Lookahead,,ply_limit,512,False,True,0
Lookahead vs Lookahead,224,24261137,0,Lookahead,Lookahead,,ply_limit,512,False,True,0
Lookahead vs Lookahead,224,24261137,1,Lookahead,Lookahead,south,commander_capture,110,True,False,0
Lookahead vs Lookahead,225,24261138,0,Lookahead,Lookahead,north,commander_capture,97,True,False,0
Lookahead vs Lookahead,225,24261138,1,Lookahead,Lookahead,,ply_limit,512,False,True,0
Lookahead vs Lookahead,226,24261139,0,Lookahead,Lookahead,,ply_limit,512,False,True,0
Lookahead vs Lookahead,226,24261139,1,Lookahead,Lookahead,north,commander_capture,123,True,False,0
Lookahead vs Lookahead,227,24261140,0,Lookahead,Lookahead,,ply_limit,512,False,True,0
Lookahead vs Lookahead,227,24261140,1,Lookahead,Lookahead,,ply_limit,512,False,True,0
Lookahead vs Lookahead,228,24261141,0,Lookahead,Lookahead,,ply_limit,512,False,True,0
Lookahead vs Lookahead,228,24261141,1,Lookahead,Lookahead,south,commander_capture,64,True,False,0
Lookahead vs Lookahead,229,24261142,0,Lookahead,Lookahead,,ply_limit,512,False,True,0
Lookahead vs Lookahead,229,24261142,1,Lookahead,Lookahead,south,commander_capture,84,True,False,0
Lookahead vs Lookahead,230,24261143,0,Lookahead,Lookahead,,ply_limit,512,False,True,0
Lookahead vs Lookahead,230,24261143,1,Lookahead,Lookahead,,ply_limit,512,False,True,0
Lookahead vs Lookahead,231,24261144,0,Lookahead,Lookahead,south,commander_capture,80,True,False,0
Lookahead vs Lookahead,231,24261144,1,Lookahead,Lookahead,,ply_limit,512,False,True,0
Lookahead vs Lookahead,232,24261145,0,Lookahead,Lookahead,,ply_limit,512,False,True,0
Lookahead vs Lookahead,232,24261145,1,Lookahead,Lookahead,,ply_limit,512,False,True,0
Lookahead vs Lookahead,233,24261146,0,Lookahead,Lookahead,south,commander_capture,100,True,False,0
Lookahead vs Lookahead,233,24261146,1,Lookahead,Lookahead,north,commander_capture,31,True,False,0
Lookahead vs Lookahead,234,24261147,0,Lookahead,Lookahead,,ply_limit,512,False,True,0
Lookahead vs Lookahead,234,24261147,1,Lookahead,Lookahead,south,commander_capture,48,True,False,0
Lookahead vs Lookahead,235,24261148,0,Lookahead,Lookahead,,ply_limit,512,False,True,0
Lookahead vs Lookahead,235,24261148,1,Lookahead,Lookahead,,ply_limit,512,False,True,0
Lookahead vs Lookahead,236,24261149,0,Lookahead,Lookahead,,ply_limit,512,False,True,0
Lookahead vs Lookahead,236,24261149,1,Lookahead,Lookahead,,ply_limit,512,False,True,0
Lookahead vs Lookahead,237,24261150,0,Lookahead,Lookahead,,ply_limit,512,False,True,0
Lookahead vs Lookahead,237,24261150,1,Lookahead,Lookahead,,ply_limit,512,False,True,0
Lookahead vs Lookahead,238,24261151,0,Lookahead,Lookahead,,ply_limit,512,False,True,0
Lookahead vs Lookahead,238,24261151,1,Lookahead,Lookahead,north,commander_capture,51,True,False,0
Lookahead vs Lookahead,239,24261152,0,Lookahead,Lookahead,,ply_limit,512,False,True,0
Lookahead vs Lookahead,239,24261152,1,Lookahead,Lookahead,,ply_limit,512,False,True,0
Lookahead vs Lookahead,240,24261153,0,Lookahead,Lookahead,north,commander_capture,65,True,False,0
Lookahead vs Lookahead,240,24261153,1,Lookahead,Lookahead,north,commander_capture,77,True,False,0
Lookahead vs Lookahead,241,24261154,0,Lookahead,Lookahead,,ply_limit,512,False,True,0
Lookahead vs Lookahead,241,24261154,1,Lookahead,Lookahead,,ply_limit,512,False,True,0
Lookahead vs Lookahead,242,24261155,0,Lookahead,Lookahead,,ply_limit,512,False,True,0
Lookahead vs Lookahead,242,24261155,1,Lookahead,Lookahead,north,commander_capture,83,True,False,0
Lookahead vs Lookahead,243,24261156,0,Lookahead,Lookahead,south,commander_capture,156,True,False,0
Lookahead vs Lookahead,243,24261156,1,Lookahead,Lookahead,,ply_limit,512,False,True,0
Lookahead vs Lookahead,244,24261157,0,Lookahead,Lookahead,,ply_limit,512,False,True,0
Lookahead vs Lookahead,244,24261157,1,Lookahead,Lookahead,south,commander_capture,58,True,False,0
Lookahead vs Lookahead,245,24261158,0,Lookahead,Lookahead,,ply_limit,512,False,True,0
Lookahead vs Lookahead,245,24261158,1,Lookahead,Lookahead,north,commander_capture,85,True,False,0
Lookahead vs Lookahead,246,24261159,0,Lookahead,Lookahead,,ply_limit,512,False,True,0
Lookahead vs Lookahead,246,24261159,1,Lookahead,Lookahead,,ply_limit,512,False,True,0
Lookahead vs Lookahead,247,24261160,0,Lookahead,Lookahead,north,commander_capture,43,True,False,0
Lookahead vs Lookahead,247,24261160,1,Lookahead,Lookahead,,ply_limit,512,False,True,0
Lookahead vs Lookahead,248,24261161,0,Lookahead,Lookahead,south,commander_capture,140,True,False,0
Lookahead vs Lookahead,248,24261161,1,Lookahead,Lookahead,,ply_limit,512,False,True,0
Lookahead vs Lookahead,249,24261162,0,Lookahead,Lookahead,north,commander_capture,71,True,False,0
Lookahead vs Lookahead,249,24261162,1,Lookahead,Lookahead,,ply_limit,512,False,True,0
