comparison,pair_id,seed,swap,north,south,winner,reason,plies,terminated,truncated,minimal_loss_turns
Random vs Random,0,20260913,0,Random,Random,south,king_move_forfeit,149,True,False,0
Random vs Random,0,20260913,1,Random,Random,south,commander_capture,94,True,False,0
Random vs Random,1,20260914,0,Random,Random,north,commander_capture,145,True,False,0
Random vs Random,1,20260914,1,Random,Random,south,commander_capture,172,True,False,0
Random vs Random,2,20260915,0,Random,Random,north,king_move_forfeit,186,True,False,0
Random vs Random,2,20260915,1,Random,Random,north,commander_capture,111,True,False,0
Random vs Random,3,20260916,0,Random,Random,south,commander_capture,108,True,False,0
Random vs Random,3,20260916,1,Random,Random,north,commander_capture,65,True,False,0
Random vs Random,4,20260917,0,Random,Random,south,king_move_forfeit,213,True,False,0
Random vs Random,4,20260917,1,Random,Random,south,commander_capture,150,True,False,0
Random vs Random,5,20260918,0,Random,Random,south,commander_capture,118,True,False,0
Random vs Random,5,20260918,1,Random,Random,south,commander_capture,148,True,False,0
Random vs Random,6,20260919,0,Random,Random,north,king_move_forfeit,100,True,False,0
Random vs Random,6,20260919,1,Random,Random,north,commander_capture,105,True,False,0
Random vs Random,7,20260920,0,Random,Random,south,commander_capture,214,True,False,0
Random vs Random,7,20260920,1,Random,Random,north,commander_capture,75,True,False,0
Random vs Random,8,20260921,0,Random,Random,,ply_limit,256,False,True,0
Random vs Random,8,20260921,1,Random,Random,south,commander_capture,134,True,False,0
Random vs Random,9,20260922,0,Random,Random,,ply_limit,256,False,True,0
Random vs Random,9,20260922,1,Random,Random,north,commander_capture,89,True,False,0
Random vs Random,10,20260923,0,Random,Random,north,king_move_forfeit,154,True,False,0
Random vs Random,10,20260923,1,Random,Random,south,commander_capture,56,True,False,0
Random vs Random,11,20260924,0,Random,Random,north,commander_capture,83,True,False,0
Random vs Random,11,20260924,1,Random,Random,south,lone_commander,128,True,False,0
Random vs Random,12,20260925,0,Random,Random,south,commander_capture,62,True,False,0
Random vs Random,12,20260925,1,Random,Random,south,commander_capture,52,True,False,0
Random vs Random,13,20260926,0,Random,Random,south,commander_capture,108,True,False,0
Random vs Random,13,20260926,1,Random,Random,south,king_move_forfeit,243,True,False,0
Random vs Random,14,20260927,0,Random,Random,south,commander_capture,66,True,False,0
Random vs Random,14,20260927,1,Random,Random,south,commander_capture,180,True,False,0
Random vs Random,15,20260928,0,Random,Random,north,commander_capture,105,True,False,0
Random vs Random,15,20260928,1,Random,Random,south,commander_capture,80,True,False,0
Random vs Random,16,20260929,0,Random,Random,north,commander_capture,47,True,False,0
Random vs Random,16,20260929,1,Random,Random,south,commander_capture,100,True,False,0
Random vs Random,17,20260930,0,Random,Random,north,king_move_forfeit,150,True,False,0
Random vs Random,17,20260930,1,Random,Random,south,commander_capture,56,True,False,0
Random vs Random,18,20260931,0,Random,Random,north,commander_capture,103,True,False,0
Random vs Random,18,20260931,1,Random,Random,north,commander_retreat_forfeit,158,True,False,0
Random vs Random,19,20260932,0,Random,Random,south,commander_capture,136,True,False,0
Random vs Random,19,20260932,1,Random,Random,south,commander_capture,70,True,False,0
Random vs Random,20,20260933,0,Random,Random,south,commander_capture,216,True,False,0
Random vs Random,20,20260933,1,Random,Random,south,king_move_forfeit,55,True,False,0
Random vs Random,21,20260934,0,Random,Random,south,commander_capture,76,True,False,0
Random vs Random,21,20260934,1,Random,Random,north,commander_capture,23,True,False,0
Random vs Random,22,20260935,0,Random,Random,north,commander_capture,89,True,False,0
Random vs Random,22,20260935,1,Random,Random,south,commander_capture,50,True,False,0
Random vs Random,23,20260936,0,Random,Random,north,commander_capture,17,True,False,0
Random vs Random,23,20260936,1,Random,Random,north,commander_capture,59,True,False,0
Random vs Random,24,20260937,0,Random,Random,north,commander_capture,111,True,False,0
Random vs Random,24,20260937,1,Random,Random,south,commander_capture,98,True,False,0
Random vs Random,25,20260938,0,Random,Random,south,commander_capture,90,True,False,0
Random vs Random,25,20260938,1,Random,Random,south,commander_capture,30,True,False,0
Random vs Random,26,20260939,0,Random,Random,north,commander_capture,97,True,False,0
Random vs Random,26,20260939,1,Random,Random,south,commander_capture,40,True,False,0
Random vs Random,27,20260940,0,Random,Random,south,commander_capture,86,True,False,0
Random vs Random,27,20260940,1,Random,Random,south,commander_capture,94,True,False,0
Random vs Random,28,20260941,0,Random,Random,north,king_move_forfeit,120,True,False,0
Random vs Random,28,20260941,1,Random,Random,north,king_move_forfeit,126,True,False,0
Random vs Random,29,20260942,0,Random,Random,south,commander_capture,16,True,False,0
Random vs Random,29,20260942,1,Random,Random,north,king_move_forfeit,106,True,False,0
Random vs Random,30,20260943,0,Random,Random,north,commander_capture,39,True,False,0
Random vs Random,30,20260943,1,Random,Random,south,commander_capture,128,True,False,0
Random vs Random,31,20260944,0,Random,Random,north,king_move_forfeit,122,True,False,0
Random vs Random,31,20260944,1,Random,Random,south,commander_capture,110,True,False,0
Random vs Random,32,20260945,0,Random,Random,south,commander_capture,108,True,False,0
Random vs Random,32,20260945,1,Random,Random,north,commander_capture,137,True,False,0
Random vs Random,33,20260946,0,Random,Random,north,commander_capture,85,True,False,0
Random vs Random,33,20260946,1,Random,Random,north,commander_capture,27,True,False,0
Random vs Random,34,20260947,0,Random,Random,north,commander_capture,93,True,False,0
Random vs Random,34,20260947,1,Random,Random,north,commander_capture,73,True,False,0
Random vs Random,35,20260948,0,Random,Random,south,commander_capture,108,True,False,0
Random vs Random,35,20260948,1,Random,Random,south,commander_capture,118,True,False,0
Random vs Random,36,20260949,0,Random,Random,north,commander_capture,175,True,False,0
Random vs Random,36,20260949,1,Random,Random,south,commander_capture,92,True,False,0
Random vs Random,37,20260950,0,Random,Random,north,commander_capture,93,True,False,0
Random vs Random,37,20260950,1,Random,Random,south,commander_capture,114,True,False,0
Random vs Random,38,20260951,0,Random,Random,south,commander_capture,108,True,False,0
Random vs Random,38,20260951,1,Random,Random,south,commander_capture,84,True,False,0
Random vs Random,39,20260952,0,Random,Random,north,commander_capture,113,True,False,0
Random vs Random,39,20260952,1,Random,Random,south,commander_capture,112,True,False,0
Random vs Random,40,20260953,0,Random,Random,south,commander_capture,64,True,False,0
Random vs Random,40,20260953,1,Random,Random,south,commander_capture,96,True,False,0
Random vs Random,41,20260954,0,Random,Random,south,commander_capture,76,True,False,0
Random vs Random,41,20260954,1,Random,Random,north,king_move_forfeit,176,True,False,0
Random vs Random,42,20260955,0,Random,Random,south,commander_capture,104,True,False,0
Random vs Random,42,20260955,1,Random,Random,south,commander_capture,102,True,False,0
Random vs Random,43,20260956,0,Random,Random,south,commander_capture,104,True,False,0
Random vs Random,43,20260956,1,Random,Random,north,commander_capture,89,True,False,0
Random vs Random,44,20260957,0,Random,Random,north,commander_capture,129,True,False,0
Random vs Random,44,20260957,1,Random,Random,south,commander_capture,136,True,False,0
Random vs Random,45,20260958,0,Random,Random,north,commander_capture,61,True,False,0
Random vs Random,45,20260958,1,Random,Random,north,king_move_forfeit,128,True,False,0
Random vs Random,46,20260959,0,Random,Random,north,commander_capture,83,True,False,0
Random vs Random,46,20260959,1,Random,Random,north,commander_capture,173,True,False,0
Random vs Random,47,20260960,0,Random,Random,north,king_move_forfeit,120,True,False,0
Random vs Random,47,20260960,1,Random,Random,south,commander_capture,112,True,False,0
Random vs Random,48,20260961,0,Random,Random,north,commander_capture,155,True,False,0
Random vs Random,48,20260961,1,Random,Random,north,commander_capture,49,True,False,0
Random vs Random,49,20260962,0,Random,Random,south,commander_capture,60,True,False,0
Random vs Random,49,20260962,1,Random,Random,north,commander_capture,73,True,False,0
Random vs Random,50,20260963,0,Random,Random,north,commander_capture,85,True,False,0
Random vs Random,50,20260963,1,Random,Random,south,commander_capture,176,True,False,0
Random vs Random,51,20260964,0,Random,Random,north,commander_capture,77,True,False,0
Random vs Random,51,20260964,1,Random,Random,north,commander_capture,63,True,False,0
Random vs Random,52,20260965,0,Random,Random,south,commander_capture,166,True,False,0
Random vs Random,52,20260965,1,Random,Random,south,commander_capture,120,True,False,0
Random vs Random,53,20260966,0,Random,Random,north,commander_capture,123,True,False,0
Random vs Random,53,20260966,1,Random,Random,,ply_limit,256,False,True,0
Random vs Random,54,20260967,0,Random,Random,north,commander_capture,49,True,False,0
Random vs Random,54,20260967,1,Random,Random,,ply_limit,256,False,True,0
Random vs Random,55,20260968,0,Random,Random,north,commander_capture,91,True,False,0
Random vs Random,55,20260968,1,Random,Random,north,commander_capture,49,True,False,0
Random vs Random,56,20260969,0,Random,Random,north,king_move_forfeit,126,True,False,0
Random vs Random,56,20260969,1,Random,Random,south,commander_capture,108,True,False,0
Random vs Random,57,20260970,0,Random,Random,south,commander_capture,76,True,False,0
Random vs Random,57,20260970,1,Random,Random,,ply_limit,256,False,True,0
Random vs Random,58,20260971,0,Random,Random,north,commander_capture,81,True,False,0
Random vs Random,58,20260971,1,Random,Random,north,commander_capture,197,True,False,0
Random vs Random,59,20260972,0,Random,Random,south,commander_capture,138,True,False,0
Random vs Random,59,20260972,1,Random,Random,south,commander_capture,182,True,False,0
Random vs Random,60,20260973,0,Random,Random,north,king_move_forfeit,116,True,False,0
Random vs Random,60,20260973,1,Random,Random,south,commander_capture,204,True,False,0
Random vs Random,61,20260974,0,Random,Random,south,commander_capture,92,True,False,0
Random vs Random,61,20260974,1,Random,Random,north,commander_capture,171,True,False,0
Random vs Random,62,20260975,0,Random,Random,north,commander_capture,33,True,False,0
Random vs Random,62,20260975,1,Random,Random,south,commander_capture,98,True,False,0
Random vs Random,63,20260976,0,Random,Random,south,commander_capture,138,True,False,0
Random vs Random,63,20260976,1,Random,Random,north,commander_capture,131,True,False,0
Random vs Random,64,20260977,0,Random,Random,south,commander_capture,244,True,False,0
Random vs Random,64,20260977,1,Random,Random,south,commander_capture,128,True,False,0
Random vs Random,65,20260978,0,Random,Random,north,commander_capture,91,True,False,0
Random vs Random,65,20260978,1,Random,Random,north,commander_capture,69,True,False,0
Random vs Random,66,20260979,0,Random,Random,south,commander_capture,104,True,False,0
Random vs Random,66,20260979,1,Random,Random,,ply_limit,256,False,True,0
Random vs Random,67,20260980,0,Random,Random,north,commander_capture,179,True,False,0
Random vs Random,67,20260980,1,Random,Random,south,commander_capture,50,True,False,0
Random vs Random,68,20260981,0,Random,Random,south,commander_capture,76,True,False,0
Random vs Random,68,20260981,1,Random,Random,north,commander_capture,55,True,False,0
Random vs Random,69,20260982,0,Random,Random,north,commander_capture,79,True,False,0
Random vs Random,69,20260982,1,Random,Random,south,commander_capture,132,True,False,0
Random vs Random,70,20260983,0,Random,Random,,ply_limit,256,False,True,0
Random vs Random,70,20260983,1,Random,Random,south,commander_capture,126,True,False,0
Random vs Random,71,20260984,0,Random,Random,south,commander_capture,50,True,False,0
Random vs Random,71,20260984,1,Random,Random,north,commander_capture,45,True,False,0
Random vs Random,72,20260985,0,Random,Random,south,commander_capture,68,True,False,0
Random vs Random,72,20260985,1,Random,Random,north,commander_capture,85,True,False,0
Random vs Random,73,20260986,0,Random,Random,,ply_limit,256,False,True,0
Random vs Random,73,20260986,1,Random,Random,south,commander_capture,110,True,False,0
Random vs Random,74,20260987,0,Random,Random,south,commander_capture,44,True,False,0
Random vs Random,74,20260987,1,Random,Random,north,king_move_forfeit,104,True,False,0
Random vs Random,75,20260988,0,Random,Random,north,commander_capture,125,True,False,0
Random vs Random,75,20260988,1,Random,Random,south,commander_capture,62,True,False,0
Random vs Random,76,20260989,0,Random,Random,south,commander_capture,92,True,False,0
Random vs Random,76,20260989,1,Random,Random,south,king_move_forfeit,161,True,False,0
Random vs Random,77,20260990,0,Random,Random,north,commander_capture,49,True,False,0
Random vs Random,77,20260990,1,Random,Random,south,king_move_forfeit,93,True,False,0
Random vs Random,78,20260991,0,Random,Random,south,king_move_forfeit,125,True,False,0
Random vs Random,78,20260991,1,Random,Random,,ply_limit,256,False,True,0
Random vs Random,79,20260992,0,Random,Random,north,commander_capture,111,True,False,0
Random vs Random,79,20260992,1,Random,Random,north,commander_capture,69,True,False,0
Random vs Random,80,20260993,0,Random,Random,south,commander_capture,88,True,False,0
Random vs Random,80,20260993,1,Random,Random,north,king_move_forfeit,76,True,False,0
Random vs Random,81,20260994,0,Random,Random,south,commander_capture,140,True,False,0
Random vs Random,81,20260994,1,Random,Random,south,commander_capture,130,True,False,0
Random vs Random,82,20260995,0,Random,Random,south,commander_capture,34,True,False,0
Random vs Random,82,20260995,1,Random,Random,south,commander_capture,82,True,False,0
Random vs Random,83,20260996,0,Random,Random,south,commander_capture,36,True,False,0
Random vs Random,83,20260996,1,Random,Random,north,commander_capture,121,True,False,0
Random vs Random,84,20260997,0,Random,Random,north,commander_capture,91,True,False,0
Random vs Random,84,20260997,1,Random,Random,north,king_move_forfeit,98,True,False,0
Random vs Random,85,20260998,0,Random,Random,north,commander_capture,177,True,False,0
Random vs Random,85,20260998,1,Random,Random,south,commander_capture,136,True,False,0
Random vs Random,86,20260999,0,Random,Random,,ply_limit,256,False,True,0
Random vs Random,86,20260999,1,Random,Random,,ply_limit,256,False,True,0
Random vs Random,87,20261000,0,Random,Random,south,commander_capture,170,True,False,0
Random vs Random,87,20261000,1,Random,Random,south,king_move_forfeit,123,True,False,0
Random vs Random,88,20261001,0,Random,Random,north,commander_capture,107,True,False,0
Random vs Random,88,20261001,1,Random,Random,south,king_move_forfeit,109,True,False,0
Random vs Random,89,20261002,0,Random,Random,south,commander_capture,140,True,False,0
Random vs Random,89,20261002,1,Random,Random,north,lone_commander,140,True,False,0
Random vs Random,90,20261003,0,Random,Random,south,commander_capture,70,True,False,0
Random vs Random,90,20261003,1,Random,Random,north,commander_capture,107,True,False,0
Random vs Random,91,20261004,0,Random,Random,north,king_move_forfeit,112,True,False,0
Random vs Random,91,20261004,1,Random,Random,south,commander_capture,106,True,False,0
Random vs Random,92,20261005,0,Random,Random,south,commander_capture,90,True,False,0
Random vs Random,92,20261005,1,Random,Random,south,commander_capture,122,True,False,0
Random vs Random,93,20261006,0,Random,Random,north,commander_capture,59,True,False,0
Random vs Random,93,20261006,1,Random,Random,south,commander_capture,56,True,False,0
Random vs Random,94,20261007,0,Random,Random,north,king_move_forfeit,218,True,False,0
Random vs Random,94,20261007,1,Random,Random,south,king_move_forfeit,121,True,False,0
Random vs Random,95,20261008,0,Random,Random,south,commander_capture,94,True,False,0
Random vs Random,95,20261008,1,Random,Random,north,commander_capture,177,True,False,0
Random vs Random,96,20261009,0,Random,Random,south,commander_capture,92,True,False,0
Random vs Random,96,20261009,1,Random,Random,south,commander_capture,144,True,False,0
Random vs Random,97,20261010,0,Random,Random,north,commander_capture,79,True,False,0
Random vs Random,97,20261010,1,Random,Random,south,commander_capture,168,True,False,0
Random vs Random,98,20261011,0,Random,Random,south,king_move_forfeit,137,True,False,0
Random vs Random,98,20261011,1,Random,Random,north,commander_capture,211,True,False,0
Random vs Random,99,20261012,0,Random,Random,north,commander_capture,233,True,False,0
Random vs Random,99,20261012,1,Random,Random,north,commander_capture,111,True,False,0
Random vs Random,100,20261013,0,Random,Random,,ply_limit,256,False,True,0
Random vs Random,100,20261013,1,Random,Random,north,commander_capture,87,True,False,0
Random vs Random,101,20261014,0,Random,Random,north,commander_capture,121,True,False,0
Random vs Random,101,20261014,1,Random,Random,north,commander_capture,49,True,False,0
Random vs Random,102,20261015,0,Random,Random,south,commander_capture,88,True,False,0
Random vs Random,102,20261015,1,Random,Random,north,commander_capture,83,True,False,0
Random vs Random,103,20261016,0,Random,Random,north,commander_capture,129,True,False,0
Random vs Random,103,20261016,1,Random,Random,south,commander_capture,158,True,False,0
Random vs Random,104,20261017,0,Random,Random,north,commander_capture,121,True,False,0
Random vs Random,104,20261017,1,Random,Random,north,commander_capture,103,True,False,0
Random vs Random,105,20261018,0,Random,Random,south,commander_capture,28,True,False,0
Random vs Random,105,20261018,1,Random,Random,south,commander_capture,62,True,False,0
Random vs Random,106,20261019,0,Random,Random,south,commander_capture,54,True,False,0
Random vs Random,106,20261019,1,Random,Random,south,commander_capture,16,True,False,0
Random vs Random,107,20261020,0,Random,Random,south,commander_capture,48,True,False,0
Random vs Random,107,20261020,1,Random,Random,north,commander_capture,97,True,False,0
Random vs Random,108,20261021,0,Random,Random,south,commander_capture,152,True,False,0
Random vs Random,108,20261021,1,Random,Random,north,commander_capture,127,True,False,0
Random vs Random,109,20261022,0,Random,Random,north,commander_capture,143,True,False,0
Random vs Random,109,20261022,1,Random,Random,north,commander_capture,81,True,False,0
Random vs Random,110,20261023,0,Random,Random,south,commander_capture,166,True,False,0
Random vs Random,110,20261023,1,Random,Random,south,commander_capture,52,True,False,0
Random vs Random,111,20261024,0,Random,Random,south,commander_capture,108,True,False,0
Random vs Random,111,20261024,1,Random,Random,,ply_limit,256,False,True,0
Random vs Random,112,20261025,0,Random,Random,north,commander_capture,47,True,False,0
Random vs Random,112,20261025,1,Random,Random,south,commander_capture,96,True,False,0
Random vs Random,113,20261026,0,Random,Random,south,commander_capture,94,True,False,0
Random vs Random,113,20261026,1,Random,Random,north,commander_capture,87,True,False,0
Random vs Random,114,20261027,0,Random,Random,south,commander_capture,164,True,False,0
Random vs Random,114,20261027,1,Random,Random,south,commander_capture,120,True,False,0
Random vs Random,115,20261028,0,Random,Random,north,king_move_forfeit,124,True,False,0
Random vs Random,115,20261028,1,Random,Random,south,commander_capture,90,True,False,0
Random vs Random,116,20261029,0,Random,Random,north,commander_capture,151,True,False,0
Random vs Random,116,20261029,1,Random,Random,south,commander_capture,92,True,False,0
Random vs Random,117,20261030,0,Random,Random,north,commander_capture,171,True,False,0
Random vs Random,117,20261030,1,Random,Random,south,commander_capture,40,True,False,0
Random vs Random,118,20261031,0,Random,Random,,ply_limit,256,False,True,0
Random vs Random,118,20261031,1,Random,Random,south,commander_capture,240,True,False,0
Random vs Random,119,20261032,0,Random,Random,south,king_move_forfeit,141,True,False,0
Random vs Random,119,20261032,1,Random,Random,north,commander_capture,93,True,False,0
Random vs Random,120,20261033,0,Random,Random,south,commander_capture,78,True,False,0
Random vs Random,120,20261033,1,Random,Random,south,king_move_forfeit,171,True,False,0
Random vs Random,121,20261034,0,Random,Random,north,commander_capture,33,True,False,0
Random vs Random,121,20261034,1,Random,Random,north,commander_capture,21,True,False,0
Random vs Random,122,20261035,0,Random,Random,north,commander_retreat_forfeit,160,True,False,0
Random vs Random,122,20261035,1,Random,Random,north,commander_capture,79,True,False,0
Random vs Random,123,20261036,0,Random,Random,south,commander_capture,94,True,False,0
Random vs Random,123,20261036,1,Random,Random,north,commander_capture,161,True,False,0
Random vs Random,124,20261037,0,Random,Random,,ply_limit,256,False,True,0
Random vs Random,124,20261037,1,Random,Random,north,commander_capture,135,True,False,0
Random vs Random,125,20261038,0,Random,Random,south,commander_capture,112,True,False,0
Random vs Random,125,20261038,1,Random,Random,south,commander_capture,94,True,False,0
Random vs Random,126,20261039,0,Random,Random,north,commander_capture,25,True,False,0
Random vs Random,126,20261039,1,Random,Random,south,commander_capture,34,True,False,0
Random vs Random,127,20261040,0,Random,Random,south,commander_capture,88,True,False,0
Random vs Random,127,20261040,1,Random,Random,south,commander_capture,86,True,False,0
Random vs Random,128,20261041,0,Random,Random,north,commander_capture,53,True,False,0
Random vs Random,128,20261041,1,Random,Random,north,commander_capture,27,True,False,0
Random vs Random,129,20261042,0,Random,Random,south,commander_retreat_forfeit,177,True,False,0
Random vs Random,129,20261042,1,Random,Random,,ply_limit,256,False,True,0
Random vs Random,130,20261043,0,Random,Random,north,commander_capture,129,True,False,0
Random vs Random,130,20261043,1,Random,Random,south,commander_capture,102,True,False,0
Random vs Random,131,20261044,0,Random,Random,north,commander_capture,129,True,False,0
Random vs Random,131,20261044,1,Random,Random,north,commander_capture,117,True,False,0
Random vs Random,132,20261045,0,Random,Random,south,commander_capture,168,True,False,0
Random vs Random,132,20261045,1,Random,Random,south,commander_capture,142,True,False,0
Random vs Random,133,20261046,0,Random,Random,north,commander_capture,75,True,False,0
Random vs Random,133,20261046,1,Random,Random,north,commander_capture,81,True,False,0
Random vs Random,134,20261047,0,Random,Random,south,commander_capture,176,True,False,0
Random vs Random,134,20261047,1,Random,Random,south,commander_capture,152,True,False,0
Random vs Random,135,20261048,0,Random,Random,north,commander_capture,115,True,False,0
Random vs Random,135,20261048,1,Random,Random,north,commander_capture,147,True,False,0
Random vs Random,136,20261049,0,Random,Random,north,commander_capture,117,True,False,0
Random vs Random,136,20261049,1,Random,Random,south,commander_capture,58,True,False,0
Random vs Random,137,20261050,0,Random,Random,north,king_move_forfeit,86,True,False,0
Random vs Random,137,20261050,1,Random,Random,north,commander_capture,107,True,False,0
Random vs Random,138,20261051,0,Random,Random,south,commander_capture,92,True,False,0
Random vs Random,138,20261051,1,Random,Random,north,commander_capture,91,True,False,0
Random vs Random,139,20261052,0,Random,Random,south,commander_capture,26,True,False,0
Random vs Random,139,20261052,1,Random,Random,north,king_move_forfeit,138,True,False,0
Random vs Random,140,20261053,0,Random,Random,north,commander_capture,77,True,False,0
Random vs Random,140,20261053,1,Random,Random,south,commander_capture,122,True,False,0
Random vs Random,141,20261054,0,Random,Random,south,commander_capture,96,True,False,0
Random vs Random,141,20261054,1,Random,Random,,ply_limit,256,False,True,0
Random vs Random,142,20261055,0,Random,Random,south,commander_capture,32,True,False,0
Random vs Random,142,20261055,1,Random,Random,south,commander_capture,44,True,False,0
Random vs Random,143,20261056,0,Random,Random,south,commander_capture,94,True,False,0
Random vs Random,143,20261056,1,Random,Random,south,commander_capture,76,True,False,0
Random vs Random,144,20261057,0,Random,Random,north,commander_capture,71,True,False,0
Random vs Random,144,20261057,1,Random,Random,north,commander_capture,123,True,False,0
Random vs Random,145,20261058,0,Random,Random,north,commander_capture,23,True,False,0
Random vs Random,145,20261058,1,Random,Random,south,king_move_forfeit,113,True,False,0
Random vs Random,146,20261059,0,Random,Random,south,king_move_forfeit,171,True,False,0
Random vs Random,146,20261059,1,Random,Random,north,commander_capture,75,True,False,0
Random vs Random,147,20261060,0,Random,Random,north,commander_capture,129,True,False,0
Random vs Random,147,20261060,1,Random,Random,north,commander_capture,37,True,False,0
Random vs Random,148,20261061,0,Random,Random,south,commander_capture,54,True,False,0
Random vs Random,148,20261061,1,Random,Random,south,king_move_forfeit,107,True,False,0
Random vs Random,149,20261062,0,Random,Random,north,commander_capture,95,True,False,0
Random vs Random,149,20261062,1,Random,Random,south,commander_capture,94,True,False,0
Random vs Random,150,20261063,0,Random,Random,south,commander_capture,48,True,False,0
Random vs Random,150,20261063,1,Random,Random,north,commander_capture,39,True,False,0
Random vs Random,151,20261064,0,Random,Random,north,commander_capture,113,True,False,0
Random vs Random,151,20261064,1,Random,Random,south,commander_capture,174,True,False,0
Random vs Random,152,20261065,0,Random,Random,north,commander_capture,29,True,False,0
Random vs Random,152,20261065,1,Random,Random,south,commander_capture,100,True,False,0
Random vs Random,153,20261066,0,Random,Random,south,commander_capture,134,True,False,0
Random vs Random,153,20261066,1,Random,Random,north,commander_capture,75,True,False,0
Random vs Random,154,20261067,0,Random,Random,south,commander_capture,106,True,False,0
Random vs Random,154,20261067,1,Random,Random,north,commander_capture,71,True,False,0
Random vs Random,155,20261068,0,Random,Random,,ply_limit,256,False,True,0
Random vs Random,155,20261068,1,Random,Random,south,commander_capture,178,True,False,0
Random vs Random,156,20261069,0,Random,Random,north,commander_capture,95,True,False,0
Random vs Random,156,20261069,1,Random,Random,south,commander_capture,86,True,False,0
Random vs Random,157,20261070,0,Random,Random,north,commander_capture,55,True,False,0
Random vs Random,157,20261070,1,Random,Random,north,commander_capture,87,True,False,0
Random vs Random,158,20261071,0,Random,Random,south,commander_capture,116,True,False,0
Random vs Random,158,20261071,1,Random,Random,north,commander_capture,155,True,False,0
Random vs Random,159,20261072,0,Random,Random,south,king_move_forfeit,121,True,False,0
Random vs Random,159,20261072,1,Random,Random,south,commander_capture,104,True,False,0
Random vs Random,160,20261073,0,Random,Random,south,commander_capture,50,True,False,0
Random vs Random,160,20261073,1,Random,Random,south,commander_capture,84,True,False,0
Random vs Random,161,20261074,0,Random,Random,north,commander_capture,49,True,False,0
Random vs Random,161,20261074,1,Random,Random,south,commander_capture,84,True,False,0
Random vs Random,162,20261075,0,Random,Random,north,king_move_forfeit,106,True,False,0
Random vs Random,162,20261075,1,Random,Random,,ply_limit,256,False,True,0
Random vs Random,163,20261076,0,Random,Random,south,commander_capture,54,True,False,0
Random vs Random,163,20261076,1,Random,Random,south,commander_capture,82,True,False,0
Random vs Random,164,20261077,0,Random,Random,south,king_move_forfeit,107,True,False,0
Random vs Random,164,20261077,1,Random,Random,north,commander_capture,123,True,False,0
Random vs Random,165,20261078,0,Random,Random,north,commander_capture,43,True,False,0
Random vs Random,165,20261078,1,Random,Random,south,commander_capture,72,True,False,0
Random vs Random,166,20261079,0,Random,Random,south,commander_capture,126,True,False,0
Random vs Random,166,20261079,1,Random,Random,north,commander_capture,167,True,False,0
Random vs Random,167,20261080,0,Random,Random,south,commander_capture,136,True,False,0
Random vs Random,167,20261080,1,Random,Random,north,commander_capture,73,True,False,0
Random vs Random,168,20261081,0,Random,Random,south,commander_capture,98,True,False,0
Random vs Random,168,20261081,1,Random,Random,north,commander_capture,97,True,False,0
Random vs Random,169,20261082,0,Random,Random,north,commander_capture,127,True,False,0
Random vs Random,169,20261082,1,Random,Random,south,commander_capture,28,True,False,0
Random vs Random,170,20261083,0,Random,Random,north,commander_capture,131,True,False,0
Random vs Random,170,20261083,1,Random,Random,south,king_move_forfeit,63,True,False,0
Random vs Random,171,20261084,0,Random,Random,south,commander_capture,56,True,False,0
Random vs Random,171,20261084,1,Random,Random,north,commander_capture,51,True,False,0
Random vs Random,172,20261085,0,Random,Random,south,commander_capture,84,True,False,0
Random vs Random,172,20261085,1,Random,Random,,ply_limit,256,False,True,0
Random vs Random,173,20261086,0,Random,Random,south,commander_capture,96,True,False,0
Random vs Random,173,20261086,1,Random,Random,,ply_limit,256,False,True,0
Random vs Random,174,20261087,0,Random,Random,north,commander_capture,29,True,False,0
Random vs Random,174,20261087,1,Random,Random,south,commander_capture,50,True,False,0
Random vs Random,175,20261088,0,Random,Random,south,commander_capture,92,True,False,0
Random vs Random,175,20261088,1,Random,Random,north,commander_capture,43,True,False,0
Random vs Random,176,20261089,0,Random,Random,south,commander_capture,112,True,False,0
Random vs Random,176,20261089,1,Random,Random,north,commander_capture,175,True,False,0
Random vs Random,177,20261090,0,Random,Random,south,commander_capture,96,True,False,0
Random vs Random,177,20261090,1,Random,Random,south,king_move_forfeit,147,True,False,0
Random vs Random,178,20261091,0,Random,Random,north,commander_capture,65,True,False,0
Random vs Random,178,20261091,1,Random,Random,south,commander_capture,128,True,False,0
Random vs Random,179,20261092,0,Random,Random,south,commander_capture,156,True,False,0
Random vs Random,179,20261092,1,Random,Random,north,commander_capture,89,True,False,0
Random vs Random,180,20261093,0,Random,Random,north,commander_capture,123,True,False,0
Random vs Random,180,20261093,1,Random,Random,,ply_limit,256,False,True,0
Random vs Random,181,20261094,0,Random,Random,north,commander_capture,77,True,False,0
Random vs Random,181,20261094,1,Random,Random,,ply_limit,256,False,True,0
Random vs Random,182,20261095,0,Random,Random,south,commander_capture,44,True,False,0
Random vs Random,182,20261095,1,Random,Random,south,commander_capture,114,True,False,0
Random vs Random,183,20261096,0,Random,Random,south,commander_capture,142,True,False,0
Random vs Random,183,20261096,1,Random,Random,south,commander_capture,44,True,False,0
Random vs Random,184,20261097,0,Random,Random,south,commander_capture,58,True,False,0
Random vs Random,184,20261097,1,Random,Random,north,commander_capture,113,True,False,0
Random vs Random,185,20261098,0,Random,Random,north,commander_capture,197,True,False,0
Random vs Random,185,20261098,1,Random,Random,south,commander_capture,86,True,False,0
Random vs Random,186,20261099,0,Random,Random,north,commander_capture,177,True,False,0
Random vs Random,186,20261099,1,Random,Random,north,commander_capture,93,True,False,0
Random vs Random,187,20261100,0,Random,Random,north,commander_capture,83,True,False,0
Random vs Random,187,20261100,1,Random,Random,north,lone_commander,147,True,False,0
Random vs Random,188,20261101,0,Random,Random,south,lone_commander,183,True,False,0
Random vs Random,188,20261101,1,Random,Random,south,commander_capture,86,True,False,0
Random vs Random,189,20261102,0,Random,Random,south,commander_capture,46,True,False,0
Random vs Random,189,20261102,1,Random,Random,north,commander_capture,81,True,False,0
Random vs Random,190,20261103,0,Random,Random,south,commander_capture,170,True,False,0
Random vs Random,190,20261103,1,Random,Random,south,commander_capture,118,True,False,0
Random vs Random,191,20261104,0,Random,Random,south,commander_capture,66,True,False,0
Random vs Random,191,20261104,1,Random,Random,south,commander_capture,106,True,False,0
Random vs Random,192,20261105,0,Random,Random,south,king_move_forfeit,145,True,False,0
Random vs Random,192,20261105,1,Random,Random,south,commander_capture,146,True,False,0
Random vs Random,193,20261106,0,Random,Random,north,commander_capture,157,True,False,0
Random vs Random,193,20261106,1,Random,Random,north,commander_capture,67,True,False,0
Random vs Random,194,20261107,0,Random,Random,south,commander_capture,240,True,False,0
Random vs Random,194,20261107,1,Random,Random,south,commander_capture,32,True,False,0
Random vs Random,195,20261108,0,Random,Random,north,lone_commander,145,True,False,0
Random vs Random,195,20261108,1,Random,Random,south,commander_capture,80,True,False,0
Random vs Random,196,20261109,0,Random,Random,north,commander_capture,129,True,False,0
Random vs Random,196,20261109,1,Random,Random,north,commander_capture,61,True,False,0
Random vs Random,197,20261110,0,Random,Random,south,king_move_forfeit,73,True,False,0
Random vs Random,197,20261110,1,Random,Random,north,commander_capture,75,True,False,0
Random vs Random,198,20261111,0,Random,Random,north,king_move_forfeit,166,True,False,0
Random vs Random,198,20261111,1,Random,Random,north,commander_capture,35,True,False,0
Random vs Random,199,20261112,0,Random,Random,south,commander_capture,86,True,False,0
Random vs Random,199,20261112,1,Random,Random,north,commander_capture,81,True,False,0
Random vs Random,200,20261113,0,Random,Random,south,king_move_forfeit,93,True,False,0
Random vs Random,200,20261113,1,Random,Random,south,commander_capture,86,True,False,0
Random vs Random,201,20261114,0,Random,Random,south,commander_capture,72,True,False,0
Random vs Random,201,20261114,1,Random,Random,north,commander_capture,131,True,False,0
Random vs Random,202,20261115,0,Random,Random,north,commander_capture,27,True,False,0
Random vs Random,202,20261115,1,Random,Random,north,commander_capture,63,True,False,0
Random vs Random,203,20261116,0,Random,Random,north,commander_capture,155,True,False,0
Random vs Random,203,20261116,1,Random,Random,south,commander_capture,98,True,False,0
Random vs Random,204,20261117,0,Random,Random,south,king_move_forfeit,163,True,False,0
Random vs Random,204,20261117,1,Random,Random,south,commander_capture,136,True,False,0
Random vs Random,205,20261118,0,Random,Random,north,lone_commander,140,True,False,0
Random vs Random,205,20261118,1,Random,Random,north,commander_capture,65,True,False,0
Random vs Random,206,20261119,0,Random,Random,north,commander_capture,81,True,False,0
Random vs Random,206,20261119,1,Random,Random,north,commander_capture,55,True,False,0
Random vs Random,207,20261120,0,Random,Random,north,commander_capture,91,True,False,0
Random vs Random,207,20261120,1,Random,Random,south,commander_capture,150,True,False,0
Random vs Random,208,20261121,0,Random,Random,north,king_move_forfeit,96,True,False,0
Random vs Random,208,20261121,1,Random,Random,south,commander_capture,108,True,False,0
Random vs Random,209,20261122,0,Random,Random,north,king_move_forfeit,122,True,False,0
Random vs Random,209,20261122,1,Random,Random,south,commander_capture,98,True,False,0
Random vs Random,210,20261123,0,Random,Random,south,commander_capture,108,True,False,0
Random vs Random,210,20261123,1,Random,Random,south,king_move_forfeit,149,True,False,0
Random vs Random,211,20261124,0,Random,Random,north,commander_capture,185,True,False,0
Random vs Random,211,20261124,1,Random,Random,south,commander_capture,132,True,False,0
Random vs Random,212,20261125,0,Random,Random,north,commander_capture,101,True,False,0
Random vs Random,212,20261125,1,Random,Random,north,commander_capture,97,True,False,0
Random vs Random,213,20261126,0,Random,Random,north,commander_capture,89,True,False,0
Random vs Random,213,20261126,1,Random,Random,north,commander_capture,71,True,False,0
Random vs Random,214,20261127,0,Random,Random,north,commander_capture,129,True,False,0
Random vs Random,214,20261127,1,Random,Random,south,commander_capture,114,True,False,0
Random vs Random,215,20261128,0,Random,Random,north,commander_capture,105,True,False,0
Random vs Random,215,20261128,1,Random,Random,north,commander_capture,131,True,False,0
Random vs Random,216,20261129,0,Random,Random,north,lone_commander,130,True,False,0
Random vs Random,216,20261129,1,Random,Random,south,commander_capture,110,True,False,0
Random vs Random,217,20261130,0,Random,Random,north,commander_capture,111,True,False,0
Random vs Random,217,20261130,1,Random,Random,south,commander_capture,84,True,False,0
Random vs Random,218,20261131,0,Random,Random,south,commander_capture,126,True,False,0
Random vs Random,218,20261131,1,Random,Random,north,commander_capture,91,True,False,0
Random vs Random,219,20261132,0,Random,Random,south,commander_capture,90,True,False,0
Random vs Random,219,20261132,1,Random,Random,north,commander_capture,157,True,False,0
Random vs Random,220,20261133,0,Random,Random,north,commander_capture,115,True,False,0
Random vs Random,220,20261133,1,Random,Random,south,commander_capture,142,True,False,0
Random vs Random,221,20261134,0,Random,Random,south,king_move_forfeit,157,True,False,0
Random vs Random,221,20261134,1,Random,Random,south,commander_capture,156,True,False,0
Random vs Random,222,20261135,0,Random,Random,south,commander_capture,66,True,False,0
Random vs Random,222,20261135,1,Random,Random,north,commander_capture,115,True,False,0
Random vs Random,223,20261136,0,Random,Random,,ply_limit,256,False,True,0
Random vs Random,223,20261136,1,Random,Random,south,commander_capture,158,True,False,0
Random vs Random,224,20261137,0,Random,Random,north,commander_capture,99,True,False,0
Random vs Random,224,20261137,1,Random,Random,north,king_move_forfeit,96,True,False,0
Random vs Random,225,20261138,0,Random,Random,south,king_move_forfeit,201,True,False,0
Random vs Random,225,20261138,1,Random,Random,south,commander_capture,104,True,False,0
Random vs Random,226,20261139,0,Random,Random,south,commander_retreat_forfeit,159,True,False,0
Random vs Random,226,20261139,1,Random,Random,south,commander_capture,72,True,False,0
Random vs Random,227,20261140,0,Random,Random,south,king_move_forfeit,111,True,False,0
Random vs Random,227,20261140,1,Random,Random,south,commander_capture,104,True,False,0
Random vs Random,228,20261141,0,Random,Random,south,king_move_forfeit,193,True,False,0
Random vs Random,228,20261141,1,Random,Random,north,commander_capture,201,True,False,0
Random vs Random,229,20261142,0,Random,Random,north,commander_capture,61,True,False,0
Random vs Random,229,20261142,1,Random,Random,south,commander_capture,80,True,False,0
Random vs Random,230,20261143,0,Random,Random,north,commander_capture,129,True,False,0
Random vs Random,230,20261143,1,Random,Random,north,commander_capture,103,True,False,0
Random vs Random,231,20261144,0,Random,Random,south,commander_capture,82,True,False,0
Random vs Random,231,20261144,1,Random,Random,south,lone_commander,154,True,False,0
Random vs Random,232,20261145,0,Random,Random,north,commander_capture,117,True,False,0
Random vs Random,232,20261145,1,Random,Random,south,commander_capture,100,True,False,0
Random vs Random,233,20261146,0,Random,Random,south,commander_capture,88,True,False,0
Random vs Random,233,20261146,1,Random,Random,north,commander_capture,211,True,False,0
Random vs Random,234,20261147,0,Random,Random,south,commander_capture,142,True,False,0
Random vs Random,234,20261147,1,Random,Random,north,commander_capture,29,True,False,0
Random vs Random,235,20261148,0,Random,Random,south,commander_capture,116,True,False,0
Random vs Random,235,20261148,1,Random,Random,north,commander_capture,93,True,False,0
Random vs Random,236,20261149,0,Random,Random,south,commander_capture,80,True,False,0
Random vs Random,236,20261149,1,Random,Random,north,commander_capture,153,True,False,0
Random vs Random,237,20261150,0,Random,Random,north,king_move_forfeit,140,True,False,0
Random vs Random,237,20261150,1,Random,Random,north,king_move_forfeit,150,True,False,0
Random vs Random,238,20261151,0,Random,Random,south,king_move_forfeit,157,True,False,0
Random vs Random,238,20261151,1,Random,Random,north,king_move_forfeit,156,True,False,0
Random vs Random,239,20261152,0,Random,Random,north,king_move_forfeit,100,True,False,0
Random vs Random,239,20261152,1,Random,Random,north,commander_capture,135,True,False,0
Random vs Random,240,20261153,0,Random,Random,north,commander_capture,143,True,False,0
Random vs Random,240,20261153,1,Random,Random,south,king_move_forfeit,121,True,False,0
Random vs Random,241,20261154,0,Random,Random,south,commander_capture,112,True,False,0
Random vs Random,241,20261154,1,Random,Random,south,commander_capture,104,True,False,0
Random vs Random,242,20261155,0,Random,Random,south,commander_capture,40,True,False,0
Random vs Random,242,20261155,1,Random,Random,north,lone_commander,155,True,False,0
Random vs Random,243,20261156,0,Random,Random,south,commander_capture,90,True,False,0
Random vs Random,243,20261156,1,Random,Random,north,commander_capture,73,True,False,0
Random vs Random,244,20261157,0,Random,Random,north,commander_capture,55,True,False,0
Random vs Random,244,20261157,1,Random,Random,south,commander_capture,52,True,False,0
Random vs Random,245,20261158,0,Random,Random,north,commander_capture,93,True,False,0
Random vs Random,245,20261158,1,Random,Random,north,commander_capture,27,True,False,0
Random vs Random,246,20261159,0,Random,Random,north,commander_capture,39,True,False,0
Random vs Random,246,20261159,1,Random,Random,north,commander_capture,83,True,False,0
Random vs Random,247,20261160,0,Random,Random,north,commander_capture,59,True,False,0
Random vs Random,247,20261160,1,Random,Random,north,king_move_forfeit,160,True,False,0
Random vs Random,248,20261161,0,Random,Random,north,king_move_forfeit,168,True,False,0
Random vs Random,248,20261161,1,Random,Random,south,commander_capture,108,True,False,0
Random vs Random,249,20261162,0,Random,Random,north,commander_capture,141,True,False,0
Random vs Random,249,20261162,1,Random,Random,,ply_limit,256,False,True,0
Random vs Random,250,20261163,0,Random,Random,north,commander_capture,79,True,False,0
Random vs Random,250,20261163,1,Random,Random,south,commander_capture,80,True,False,0
Random vs Random,251,20261164,0,Random,Random,south,commander_capture,52,True,False,0
Random vs Random,251,20261164,1,Random,Random,north,king_move_forfeit,154,True,False,0
Random vs Random,252,20261165,0,Random,Random,north,commander_capture,135,True,False,0
Random vs Random,252,20261165,1,Random,Random,north,commander_capture,23,True,False,0
Random vs Random,253,20261166,0,Random,Random,south,commander_capture,104,True,False,0
Random vs Random,253,20261166,1,Random,Random,south,commander_capture,148,True,False,0
Random vs Random,254,20261167,0,Random,Random,south,king_move_forfeit,155,True,False,0
Random vs Random,254,20261167,1,Random,Random,north,commander_capture,87,True,False,0
Random vs Random,255,20261168,0,Random,Random,south,commander_capture,162,True,False,0
Random vs Random,255,20261168,1,Random,Random,south,commander_capture,70,True,False,0
Random vs Random,256,20261169,0,Random,Random,south,commander_capture,88,True,False,0
Random vs Random,256,20261169,1,Random,Random,north,commander_capture,107,True,False,0
Random vs Random,257,20261170,0,Random,Random,north,commander_capture,45,True,False,0
Random vs Random,257,20261170,1,Random,Random,south,commander_capture,92,True,False,0
Random vs Random,258,20261171,0,Random,Random,south,commander_capture,54,True,False,0
Random vs Random,258,20261171,1,Random,Random,north,lone_commander,127,True,False,0
Random vs Random,259,20261172,0,Random,Random,south,commander_capture,42,True,False,0
Random vs Random,259,20261172,1,Random,Random,north,commander_capture,121,True,False,0
Random vs Random,260,20261173,0,Random,Random,north,commander_capture,131,True,False,0
Random vs Random,260,20261173,1,Random,Random,south,commander_capture,76,True,False,0
Random vs Random,261,20261174,0,Random,Random,south,king_move_forfeit,119,True,False,0
Random vs Random,261,20261174,1,Random,Random,south,king_move_forfeit,207,True,False,0
Random vs Random,262,20261175,0,Random,Random,south,commander_capture,152,True,False,0
Random vs Random,262,20261175,1,Random,Random,north,commander_capture,105,True,False,0
Random vs Random,263,20261176,0,Random,Random,south,commander_capture,122,True,False,0
Random vs Random,263,20261176,1,Random,Random,north,king_move_forfeit,154,True,False,0
Random vs Random,264,20261177,0,Random,Random,south,commander_capture,102,True,False,0
Random vs Random,264,20261177,1,Random,Random,south,king_move_forfeit,89,True,False,0
Random vs Random,265,20261178,0,Random,Random,north,commander_capture,125,True,False,0
Random vs Random,265,20261178,1,Random,Random,south,commander_capture,80,True,False,0
Random vs Random,266,20261179,0,Random,Random,south,commander_capture,116,True,False,0
Random vs Random,266,20261179,1,Random,Random,north,commander_capture,125,True,False,0
Random vs Random,267,20261180,0,Random,Random,north,commander_capture,229,True,False,0
Random vs Random,267,20261180,1,Random,Random,south,commander_capture,112,True,False,0
Random vs Random,268,20261181,0,Random,Random,north,king_move_forfeit,160,True,False,0
Random vs Random,268,20261181,1,Random,Random,,ply_limit,256,False,True,0
Random vs Random,269,20261182,0,Random,Random,north,commander_capture,71,True,False,0
Random vs Random,269,20261182,1,Random,Random,north,commander_capture,37,True,False,0
Random vs Random,270,20261183,0,Random,Random,south,king_move_forfeit,99,True,False,0
Random vs Random,270,20261183,1,Random,Random,north,commander_capture,183,True,False,0
Random vs Random,271,20261184,0,Random,Random,south,commander_capture,102,True,False,0
Random vs Random,271,20261184,1,Random,Random,south,commander_capture,26,True,False,0
Random vs Random,272,20261185,0,Random,Random,south,commander_capture,72,True,False,0
Random vs Random,272,20261185,1,Random,Random,north,commander_capture,123,True,False,0
Random vs Random,273,20261186,0,Random,Random,north,commander_capture,111,True,False,0
Random vs Random,273,20261186,1,Random,Random,south,commander_capture,62,True,False,0
Random vs Random,274,20261187,0,Random,Random,north,commander_capture,97,True,False,0
Random vs Random,274,20261187,1,Random,Random,south,commander_capture,96,True,False,0
Random vs Random,275,20261188,0,Random,Random,north,commander_capture,97,True,False,0
Random vs Random,275,20261188,1,Random,Random,north,commander_capture,101,True,False,0
Random vs Random,276,20261189,0,Random,Random,south,commander_capture,98,True,False,0
Random vs Random,276,20261189,1,Random,Random,south,commander_capture,170,True,False,0
Random vs Random,277,20261190,0,Random,Random,south,king_move_forfeit,143,True,False,0
Random vs Random,277,20261190,1,Random,Random,,ply_limit,256,False,True,0
Random vs Random,278,20261191,0,Random,Random,south,commander_capture,168,True,False,0
Random vs Random,278,20261191,1,Random,Random,north,commander_capture,55,True,False,0
Random vs Random,279,20261192,0,Random,Random,,ply_limit,256,False,True,0
Random vs Random,279,20261192,1,Random,Random,south,commander_capture,68,True,False,0
Random vs Random,280,20261193,0,Random,Random,north,commander_capture,117,True,False,0
Random vs Random,280,20261193,1,Random,Random,north,commander_capture,23,True,False,0
Random vs Random,281,20261194,0,Random,Random,south,commander_capture,60,True,False,0
Random vs Random,281,20261194,1,Random,Random,south,commander_capture,28,True,False,0
Random vs Random,282,20261195,0,Random,Random,south,commander_capture,66,True,False,0
Random vs Random,282,20261195,1,Random,Random,north,commander_capture,199,True,False,0
Random vs Random,283,20261196,0,Random,Random,south,commander_capture,138,True,False,0
Random vs Random,283,20261196,1,Random,Random,north,commander_capture,239,True,False,0
Random vs Random,284,20261197,0,Random,Random,south,commander_capture,200,True,False,0
Random vs Random,284,20261197,1,Random,Random,south,king_move_forfeit,59,True,False,0
Random vs Random,285,20261198,0,Random,Random,south,commander_capture,56,True,False,0
Random vs Random,285,20261198,1,Random,Random,south,commander_capture,112,True,False,0
Random vs Random,286,20261199,0,Random,Random,north,king_move_forfeit,66,True,False,0
Random vs Random,286,20261199,1,Random,Random,south,commander_capture,124,True,False,0
Random vs Random,287,20261200,0,Random,Random,north,commander_capture,53,True,False,0
Random vs Random,287,20261200,1,Random,Random,north,commander_capture,121,True,False,0
Random vs Random,288,20261201,0,Random,Random,north,commander_capture,151,True,False,0
Random vs Random,288,20261201,1,Random,Random,north,commander_capture,97,True,False,0
Random vs Random,289,20261202,0,Random,Random,south,commander_capture,30,True,False,0
Random vs Random,289,20261202,1,Random,Random,south,commander_capture,60,True,False,0
Random vs Random,290,20261203,0,Random,Random,south,commander_capture,158,True,False,0
Random vs Random,290,20261203,1,Random,Random,north,commander_capture,61,True,False,0
Random vs Random,291,20261204,0,Random,Random,south,commander_capture,72,True,False,0
Random vs Random,291,20261204,1,Random,Random,south,commander_capture,86,True,False,0
Random vs Random,292,20261205,0,Random,Random,south,commander_capture,78,True,False,0
Random vs Random,292,20261205,1,Random,Random,south,commander_capture,86,True,False,0
Random vs Random,293,20261206,0,Random,Random,north,commander_capture,87,True,False,0
Random vs Random,293,20261206,1,Random,Random,south,commander_capture,120,True,False,0
Random vs Random,294,20261207,0,Random,Random,south,commander_capture,110,True,False,0
Random vs Random,294,20261207,1,Random,Random,north,commander_capture,177,True,False,0
Random vs Random,295,20261208,0,Random,Random,north,commander_capture,91,True,False,0
Random vs Random,295,20261208,1,Random,Random,north,commander_capture,61,True,False,0
Random vs Random,296,20261209,0,Random,Random,north,commander_capture,71,True,False,0
Random vs Random,296,20261209,1,Random,Random,south,commander_capture,70,True,False,0
Random vs Random,297,20261210,0,Random,Random,south,king_move_forfeit,191,True,False,0
Random vs Random,297,20261210,1,Random,Random,north,commander_capture,103,True,False,0
Random vs Random,298,20261211,0,Random,Random,north,commander_capture,29,True,False,0
Random vs Random,298,20261211,1,Random,Random,south,commander_capture,16,True,False,0
Random vs Random,299,20261212,0,Random,Random,south,commander_capture,34,True,False,0
Random vs Random,299,20261212,1,Random,Random,south,commander_capture,96,True,False,0
Random vs Random,300,20261213,0,Random,Random,north,commander_capture,59,True,False,0
Random vs Random,300,20261213,1,Random,Random,south,commander_capture,32,True,False,0
Random vs Random,301,20261214,0,Random,Random,south,commander_capture,116,True,False,0
Random vs Random,301,20261214,1,Random,Random,north,commander_capture,137,True,False,0
Random vs Random,302,20261215,0,Random,Random,north,commander_capture,137,True,False,0
Random vs Random,302,20261215,1,Random,Random,north,commander_capture,75,True,False,0
Random vs Random,303,20261216,0,Random,Random,north,commander_capture,107,True,False,0
Random vs Random,303,20261216,1,Random,Random,north,commander_capture,81,True,False,0
Random vs Random,304,20261217,0,Random,Random,south,commander_capture,106,True,False,0
Random vs Random,304,20261217,1,Random,Random,north,commander_capture,95,True,False,0
Random vs Random,305,20261218,0,Random,Random,north,commander_capture,29,True,False,0
Random vs Random,305,20261218,1,Random,Random,north,commander_capture,115,True,False,0
Random vs Random,306,20261219,0,Random,Random,north,commander_capture,57,True,False,0
Random vs Random,306,20261219,1,Random,Random,north,commander_capture,117,True,False,0
Random vs Random,307,20261220,0,Random,Random,south,king_move_forfeit,203,True,False,0
Random vs Random,307,20261220,1,Random,Random,south,commander_capture,66,True,False,0
Random vs Random,308,20261221,0,Random,Random,north,commander_capture,81,True,False,0
Random vs Random,308,20261221,1,Random,Random,north,commander_capture,99,True,False,0
Random vs Random,309,20261222,0,Random,Random,south,commander_capture,134,True,False,0
Random vs Random,309,20261222,1,Random,Random,south,commander_capture,58,True,False,0
Random vs Random,310,20261223,0,Random,Random,north,commander_capture,143,True,False,0
Random vs Random,310,20261223,1,Random,Random,south,king_move_forfeit,165,True,False,0
Random vs Random,311,20261224,0,Random,Random,south,commander_capture,48,True,False,0
Random vs Random,311,20261224,1,Random,Random,south,commander_capture,112,True,False,0
Random vs Random,312,20261225,0,Random,Random,south,commander_capture,44,True,False,0
Random vs Random,312,20261225,1,Random,Random,,ply_limit,256,False,True,0
Random vs Random,313,20261226,0,Random,Random,north,commander_capture,85,True,False,0
Random vs Random,313,20261226,1,Random,Random,south,commander_capture,90,True,False,0
Random vs Random,314,20261227,0,Random,Random,south,commander_capture,138,True,False,0
Random vs Random,314,20261227,1,Random,Random,north,commander_capture,37,True,False,0
Random vs Random,315,20261228,0,Random,Random,south,king_move_forfeit,115,True,False,0
Random vs Random,315,20261228,1,Random,Random,south,commander_capture,40,True,False,0
Random vs Random,316,20261229,0,Random,Random,south,commander_capture,116,True,False,0
Random vs Random,316,20261229,1,Random,Random,north,commander_capture,127,True,False,0
Random vs Random,317,20261230,0,Random,Random,south,king_move_forfeit,81,True,False,0
Random vs Random,317,20261230,1,Random,Random,south,king_move_forfeit,113,True,False,0
Random vs Random,318,20261231,0,Random,Random,south,commander_capture,134,True,False,0
Random vs Random,318,20261231,1,Random,Random,south,commander_capture,138,True,False,0
Random vs Random,319,20261232,0,Random,Random,south,commander_capture,68,True,False,0
Random vs Random,319,20261232,1,Random,Random,north,commander_capture,79,True,False,0
Greedy vs Greedy,0,21260913,0,Greedy,Greedy,south,commander_capture,80,True,False,0
Greedy vs Greedy,0,21260913,1,Greedy,Greedy,south,commander_capture,56,True,False,0
Greedy vs Greedy,1,21260914,0,Greedy,Greedy,south,commander_capture,56,True,False,0
Greedy vs Greedy,1,21260914,1,Greedy,Greedy,north,commander_capture,45,True,False,0
Greedy vs Greedy,2,21260915,0,Greedy,Greedy,south,commander_capture,46,True,False,0
Greedy vs Greedy,2,21260915,1,Greedy,Greedy,north,commander_capture,95,True,False,0
Greedy vs Greedy,3,21260916,0,Greedy,Greedy,south,commander_capture,12,True,False,0
Greedy vs Greedy,3,21260916,1,Greedy,Greedy,north,commander_capture,41,True,False,0
Greedy vs Greedy,4,21260917,0,Greedy,Greedy,north,commander_capture,17,True,False,0
Greedy vs Greedy,4,21260917,1,Greedy,Greedy,north,commander_capture,65,True,False,0
Greedy vs Greedy,5,21260918,0,Greedy,Greedy,south,commander_capture,14,True,False,0
Greedy vs Greedy,5,21260918,1,Greedy,Greedy,north,commander_capture,69,True,False,0
Greedy vs Greedy,6,21260919,0,Greedy,Greedy,north,commander_capture,17,True,False,0
Greedy vs Greedy,6,21260919,1,Greedy,Greedy,south,commander_capture,54,True,False,0
Greedy vs Greedy,7,21260920,0,Greedy,Greedy,north,commander_capture,59,True,False,0
Greedy vs Greedy,7,21260920,1,Greedy,Greedy,south,commander_capture,58,True,False,0
Greedy vs Greedy,8,21260921,0,Greedy,Greedy,south,commander_capture,12,True,False,0
Greedy vs Greedy,8,21260921,1,Greedy,Greedy,north,commander_capture,115,True,False,0
Greedy vs Greedy,9,21260922,0,Greedy,Greedy,north,commander_capture,35,True,False,0
Greedy vs Greedy,9,21260922,1,Greedy,Greedy,south,commander_capture,76,True,False,0
Greedy vs Greedy,10,21260923,0,Greedy,Greedy,south,commander_capture,34,True,False,0
Greedy vs Greedy,10,21260923,1,Greedy,Greedy,north,commander_capture,71,True,False,0
Greedy vs Greedy,11,21260924,0,Greedy,Greedy,north,commander_capture,35,True,False,0
Greedy vs Greedy,11,21260924,1,Greedy,Greedy,south,commander_capture,46,True,False,0
Greedy vs Greedy,12,21260925,0,Greedy,Greedy,north,commander_capture,79,True,False,0
Greedy vs Greedy,12,21260925,1,Greedy,Greedy,north,commander_capture,37,True,False,0
Greedy vs Greedy,13,21260926,0,Greedy,Greedy,south,commander_capture,112,True,False,0
Greedy vs Greedy,13,21260926,1,Greedy,Greedy,north,commander_capture,73,True,False,0
Greedy vs Greedy,14,21260927,0,Greedy,Greedy,north,commander_capture,63,True,False,0
Greedy vs Greedy,14,21260927,1,Greedy,Greedy,south,commander_capture,36,True,False,0
Greedy vs Greedy,15,21260928,0,Greedy,Greedy,south,commander_capture,64,True,False,0
Greedy vs Greedy,15,21260928,1,Greedy,Greedy,south,commander_capture,98,True,False,0
Greedy vs Greedy,16,21260929,0,Greedy,Greedy,north,lone_commander,201,True,False,0
Greedy vs Greedy,16,21260929,1,Greedy,Greedy,south,commander_capture,104,True,False,0
Greedy vs Greedy,17,21260930,0,Greedy,Greedy,north,commander_capture,87,True,False,0
Greedy vs Greedy,17,21260930,1,Greedy,Greedy,south,commander_capture,100,True,False,0
Greedy vs Greedy,18,21260931,0,Greedy,Greedy,south,commander_capture,56,True,False,0
Greedy vs Greedy,18,21260931,1,Greedy,Greedy,north,commander_capture,19,True,False,0
Greedy vs Greedy,19,21260932,0,Greedy,Greedy,north,commander_capture,113,True,False,0
Greedy vs Greedy,19,21260932,1,Greedy,Greedy,south,commander_capture,90,True,False,0
Greedy vs Greedy,20,21260933,0,Greedy,Greedy,south,commander_capture,46,True,False,0
Greedy vs Greedy,20,21260933,1,Greedy,Greedy,south,commander_capture,142,True,False,0
Greedy vs Greedy,21,21260934,0,Greedy,Greedy,south,commander_capture,38,True,False,0
Greedy vs Greedy,21,21260934,1,Greedy,Greedy,north,commander_capture,45,True,False,0
Greedy vs Greedy,22,21260935,0,Greedy,Greedy,north,commander_capture,55,True,False,0
Greedy vs Greedy,22,21260935,1,Greedy,Greedy,north,commander_capture,87,True,False,0
Greedy vs Greedy,23,21260936,0,Greedy,Greedy,south,commander_capture,46,True,False,0
Greedy vs Greedy,23,21260936,1,Greedy,Greedy,south,commander_capture,40,True,False,0
Greedy vs Greedy,24,21260937,0,Greedy,Greedy,north,lone_commander,107,True,False,0
Greedy vs Greedy,24,21260937,1,Greedy,Greedy,north,commander_capture,49,True,False,0
Greedy vs Greedy,25,21260938,0,Greedy,Greedy,north,commander_capture,55,True,False,0
Greedy vs Greedy,25,21260938,1,Greedy,Greedy,south,commander_capture,42,True,False,0
Greedy vs Greedy,26,21260939,0,Greedy,Greedy,north,commander_capture,65,True,False,0
Greedy vs Greedy,26,21260939,1,Greedy,Greedy,draw,threefold_repetition,57,True,False,0
Greedy vs Greedy,27,21260940,0,Greedy,Greedy,north,commander_capture,25,True,False,0
Greedy vs Greedy,27,21260940,1,Greedy,Greedy,south,commander_capture,52,True,False,0
Greedy vs Greedy,28,21260941,0,Greedy,Greedy,south,commander_capture,38,True,False,0
Greedy vs Greedy,28,21260941,1,Greedy,Greedy,north,commander_capture,99,True,False,0
Greedy vs Greedy,29,21260942,0,Greedy,Greedy,south,commander_capture,26,True,False,0
Greedy vs Greedy,29,21260942,1,Greedy,Greedy,south,commander_capture,80,True,False,0
Greedy vs Greedy,30,21260943,0,Greedy,Greedy,south,commander_capture,44,True,False,0
Greedy vs Greedy,30,21260943,1,Greedy,Greedy,north,commander_capture,89,True,False,0
Greedy vs Greedy,31,21260944,0,Greedy,Greedy,south,commander_capture,100,True,False,0
Greedy vs Greedy,31,21260944,1,Greedy,Greedy,north,commander_capture,85,True,False,0
Greedy vs Greedy,32,21260945,0,Greedy,Greedy,south,commander_capture,90,True,False,0
Greedy vs Greedy,32,21260945,1,Greedy,Greedy,south,commander_capture,56,True,False,0
Greedy vs Greedy,33,21260946,0,Greedy,Greedy,south,commander_capture,64,True,False,0
Greedy vs Greedy,33,21260946,1,Greedy,Greedy,south,commander_capture,40,True,False,0
Greedy vs Greedy,34,21260947,0,Greedy,Greedy,north,commander_capture,79,True,False,0
Greedy vs Greedy,34,21260947,1,Greedy,Greedy,south,commander_capture,78,True,False,0
Greedy vs Greedy,35,21260948,0,Greedy,Greedy,south,commander_capture,90,True,False,0
Greedy vs Greedy,35,21260948,1,Greedy,Greedy,south,commander_capture,78,True,False,0
Greedy vs Greedy,36,21260949,0,Greedy,Greedy,south,commander_capture,108,True,False,0
Greedy vs Greedy,36,21260949,1,Greedy,Greedy,south,commander_capture,76,True,False,0
Greedy vs Greedy,37,21260950,0,Greedy,Greedy,north,commander_capture,11,True,False,0
Greedy vs Greedy,37,21260950,1,Greedy,Greedy,north,commander_capture,95,True,False,0
Greedy vs Greedy,38,21260951,0,Greedy,Greedy,draw,threefold_repetition,96,True,False,0
Greedy vs Greedy,38,21260951,1,Greedy,Greedy,south,commander_capture,68,True,False,0
Greedy vs Greedy,39,21260952,0,Greedy,Greedy,north,commander_capture,33,True,False,0
Greedy vs Greedy,39,21260952,1,Greedy,Greedy,north,commander_capture,75,True,False,0
Greedy vs Greedy,40,21260953,0,Greedy,Greedy,draw,threefold_repetition,81,True,False,0
Greedy vs Greedy,40,21260953,1,Greedy,Greedy,south,commander_capture,42,True,False,0
Greedy vs Greedy,41,21260954,0,Greedy,Greedy,north,commander_capture,89,True,False,0
Greedy vs Greedy,41,21260954,1,Greedy,Greedy,south,commander_capture,60,True,False,0
Greedy vs Greedy,42,21260955,0,Greedy,Greedy,south,commander_capture,12,True,False,0
Greedy vs Greedy,42,21260955,1,Greedy,Greedy,north,commander_capture,49,True,False,0
Greedy vs Greedy,43,21260956,0,Greedy,Greedy,north,commander_capture,77,True,False,0
Greedy vs Greedy,43,21260956,1,Greedy,Greedy,south,commander_capture,24,True,False,0
Greedy vs Greedy,44,21260957,0,Greedy,Greedy,north,commander_capture,65,True,False,0
Greedy vs Greedy,44,21260957,1,Greedy,Greedy,south,commander_capture,26,True,False,0
Greedy vs Greedy,45,21260958,0,Greedy,Greedy,south,commander_capture,64,True,False,0
Greedy vs Greedy,45,21260958,1,Greedy,Greedy,south,commander_capture,72,True,False,0
Greedy vs Greedy,46,21260959,0,Greedy,Greedy,south,commander_capture,68,True,False,0
Greedy vs Greedy,46,21260959,1,Greedy,Greedy,north,commander_capture,63,True,False,0
Greedy vs Greedy,47,21260960,0,Greedy,Greedy,south,commander_capture,70,True,False,0
Greedy vs Greedy,47,21260960,1,Greedy,Greedy,draw,threefold_repetition,97,True,False,0
Greedy vs Greedy,48,21260961,0,Greedy,Greedy,south,commander_capture,24,True,False,0
Greedy vs Greedy,48,21260961,1,Greedy,Greedy,north,commander_capture,107,True,False,0
Greedy vs Greedy,49,21260962,0,Greedy,Greedy,south,commander_capture,60,True,False,0
Greedy vs Greedy,49,21260962,1,Greedy,Greedy,north,commander_capture,37,True,False,0
Greedy vs Greedy,50,21260963,0,Greedy,Greedy,south,commander_capture,36,True,False,0
Greedy vs Greedy,50,21260963,1,Greedy,Greedy,north,commander_capture,29,True,False,0
Greedy vs Greedy,51,21260964,0,Greedy,Greedy,north,commander_capture,53,True,False,0
Greedy vs Greedy,51,21260964,1,Greedy,Greedy,draw,threefold_repetition,63,True,False,0
Greedy vs Greedy,52,21260965,0,Greedy,Greedy,north,commander_capture,37,True,False,0
Greedy vs Greedy,52,21260965,1,Greedy,Greedy,north,commander_capture,27,True,False,0
Greedy vs Greedy,53,21260966,0,Greedy,Greedy,south,commander_capture,76,True,False,0
Greedy vs Greedy,53,21260966,1,Greedy,Greedy,south,commander_capture,68,True,False,0
Greedy vs Greedy,54,21260967,0,Greedy,Greedy,north,commander_capture,83,True,False,0
Greedy vs Greedy,54,21260967,1,Greedy,Greedy,south,commander_capture,80,True,False,0
Greedy vs Greedy,55,21260968,0,Greedy,Greedy,south,commander_capture,30,True,False,0
Greedy vs Greedy,55,21260968,1,Greedy,Greedy,south,commander_capture,18,True,False,0
Greedy vs Greedy,56,21260969,0,Greedy,Greedy,south,commander_capture,76,True,False,0
Greedy vs Greedy,56,21260969,1,Greedy,Greedy,south,commander_capture,28,True,False,0
Greedy vs Greedy,57,21260970,0,Greedy,Greedy,south,commander_capture,72,True,False,0
Greedy vs Greedy,57,21260970,1,Greedy,Greedy,south,commander_capture,56,True,False,0
Greedy vs Greedy,58,21260971,0,Greedy,Greedy,south,commander_capture,68,True,False,0
Greedy vs Greedy,58,21260971,1,Greedy,Greedy,north,commander_capture,93,True,False,0
Greedy vs Greedy,59,21260972,0,Greedy,Greedy,draw,threefold_repetition,25,True,False,0
Greedy vs Greedy,59,21260972,1,Greedy,Greedy,south,commander_capture,102,True,False,0
Greedy vs Greedy,60,21260973,0,Greedy,Greedy,south,commander_capture,52,True,False,0
Greedy vs Greedy,60,21260973,1,Greedy,Greedy,north,commander_capture,71,True,False,0
Greedy vs Greedy,61,21260974,0,Greedy,Greedy,north,commander_capture,23,True,False,0
Greedy vs Greedy,61,21260974,1,Greedy,Greedy,north,commander_capture,57,True,False,0
Greedy vs Greedy,62,21260975,0,Greedy,Greedy,north,commander_capture,25,True,False,0
Greedy vs Greedy,62,21260975,1,Greedy,Greedy,north,commander_capture,35,True,False,0
Greedy vs Greedy,63,21260976,0,Greedy,Greedy,south,commander_capture,92,True,False,0
Greedy vs Greedy,63,21260976,1,Greedy,Greedy,south,commander_capture,92,True,False,0
Greedy vs Greedy,64,21260977,0,Greedy,Greedy,north,commander_capture,87,True,False,0
Greedy vs Greedy,64,21260977,1,Greedy,Greedy,south,commander_capture,22,True,False,0
Greedy vs Greedy,65,21260978,0,Greedy,Greedy,south,commander_capture,56,True,False,0
Greedy vs Greedy,65,21260978,1,Greedy,Greedy,north,commander_capture,37,True,False,0
Greedy vs Greedy,66,21260979,0,Greedy,Greedy,north,commander_capture,93,True,False,0
Greedy vs Greedy,66,21260979,1,Greedy,Greedy,south,commander_capture,64,True,False,0
Greedy vs Greedy,67,21260980,0,Greedy,Greedy,south,commander_capture,88,True,False,0
Greedy vs Greedy,67,21260980,1,Greedy,Greedy,south,commander_capture,44,True,False,0
Greedy vs Greedy,68,21260981,0,Greedy,Greedy,north,commander_capture,77,True,False,0
Greedy vs Greedy,68,21260981,1,Greedy,Greedy,north,commander_capture,65,True,False,0
Greedy vs Greedy,69,21260982,0,Greedy,Greedy,north,commander_capture,41,True,False,0
Greedy vs Greedy,69,21260982,1,Greedy,Greedy,south,commander_capture,50,True,False,0
Greedy vs Greedy,70,21260983,0,Greedy,Greedy,north,lone_commander,105,True,False,0
Greedy vs Greedy,70,21260983,1,Greedy,Greedy,south,commander_capture,76,True,False,0
Greedy vs Greedy,71,21260984,0,Greedy,Greedy,south,commander_capture,62,True,False,0
Greedy vs Greedy,71,21260984,1,Greedy,Greedy,south,commander_capture,42,True,False,0
Greedy vs Greedy,72,21260985,0,Greedy,Greedy,north,commander_capture,55,True,False,0
Greedy vs Greedy,72,21260985,1,Greedy,Greedy,south,commander_capture,66,True,False,0
Greedy vs Greedy,73,21260986,0,Greedy,Greedy,draw,threefold_repetition,66,True,False,0
Greedy vs Greedy,73,21260986,1,Greedy,Greedy,south,commander_capture,48,True,False,0
Greedy vs Greedy,74,21260987,0,Greedy,Greedy,south,commander_capture,46,True,False,0
Greedy vs Greedy,74,21260987,1,Greedy,Greedy,south,commander_capture,66,True,False,0
Greedy vs Greedy,75,21260988,0,Greedy,Greedy,south,commander_capture,32,True,False,0
Greedy vs Greedy,75,21260988,1,Greedy,Greedy,south,commander_capture,50,True,False,0
Greedy vs Greedy,76,21260989,0,Greedy,Greedy,south,commander_capture,96,True,False,0
Greedy vs Greedy,76,21260989,1,Greedy,Greedy,south,commander_capture,56,True,False,0
Greedy vs Greedy,77,21260990,0,Greedy,Greedy,south,commander_capture,88,True,False,0
Greedy vs Greedy,77,21260990,1,Greedy,Greedy,north,commander_capture,91,True,False,0
Greedy vs Greedy,78,21260991,0,Greedy,Greedy,south,commander_capture,64,True,False,0
Greedy vs Greedy,78,21260991,1,Greedy,Greedy,south,commander_capture,64,True,False,0
Greedy vs Greedy,79,21260992,0,Greedy,Greedy,south,commander_capture,42,True,False,0
Greedy vs Greedy,79,21260992,1,Greedy,Greedy,north,commander_capture,75,True,False,0
Greedy vs Greedy,80,21260993,0,Greedy,Greedy,north,commander_capture,45,True,False,0
Greedy vs Greedy,80,21260993,1,Greedy,Greedy,south,commander_capture,88,True,False,0
Greedy vs Greedy,81,21260994,0,Greedy,Greedy,north,commander_capture,41,True,False,0
Greedy vs Greedy,81,21260994,1,Greedy,Greedy,north,commander_capture,93,True,False,0
Greedy vs Greedy,82,21260995,0,Greedy,Greedy,draw,threefold_repetition,45,True,False,0
Greedy vs Greedy,82,21260995,1,Greedy,Greedy,north,commander_capture,59,True,False,0
Greedy vs Greedy,83,21260996,0,Greedy,Greedy,north,commander_capture,37,True,False,0
Greedy vs Greedy,83,21260996,1,Greedy,Greedy,north,commander_capture,19,True,False,0
Greedy vs Greedy,84,21260997,0,Greedy,Greedy,south,commander_capture,84,True,False,0
Greedy vs Greedy,84,21260997,1,Greedy,Greedy,south,commander_capture,30,True,False,0
Greedy vs Greedy,85,21260998,0,Greedy,Greedy,north,commander_capture,77,True,False,0
Greedy vs Greedy,85,21260998,1,Greedy,Greedy,south,lone_commander,100,True,False,0
Greedy vs Greedy,86,21260999,0,Greedy,Greedy,north,commander_capture,31,True,False,0
Greedy vs Greedy,86,21260999,1,Greedy,Greedy,north,commander_capture,95,True,False,0
Greedy vs Greedy,87,21261000,0,Greedy,Greedy,north,commander_capture,25,True,False,0
Greedy vs Greedy,87,21261000,1,Greedy,Greedy,south,commander_capture,48,True,False,0
Greedy vs Greedy,88,21261001,0,Greedy,Greedy,north,commander_capture,81,True,False,0
Greedy vs Greedy,88,21261001,1,Greedy,Greedy,north,commander_capture,41,True,False,0
Greedy vs Greedy,89,21261002,0,Greedy,Greedy,north,commander_capture,49,True,False,0
Greedy vs Greedy,89,21261002,1,Greedy,Greedy,south,commander_capture,80,True,False,0
Greedy vs Greedy,90,21261003,0,Greedy,Greedy,south,commander_capture,38,True,False,0
Greedy vs Greedy,90,21261003,1,Greedy,Greedy,south,commander_capture,60,True,False,0
Greedy vs Greedy,91,21261004,0,Greedy,Greedy,north,commander_capture,19,True,False,0
Greedy vs Greedy,91,21261004,1,Greedy,Greedy,north,commander_capture,99,True,False,0
Greedy vs Greedy,92,21261005,0,Greedy,Greedy,south,commander_capture,80,True,False,0
Greedy vs Greedy,92,21261005,1,Greedy,Greedy,north,commander_capture,15,True,False,0
Greedy vs Greedy,93,21261006,0,Greedy,Greedy,south,commander_capture,40,True,False,0
Greedy vs Greedy,93,21261006,1,Greedy,Greedy,north,commander_capture,63,True,False,0
Greedy vs Greedy,94,21261007,0,Greedy,Greedy,south,commander_capture,80,True,False,0
Greedy vs Greedy,94,21261007,1,Greedy,Greedy,north,commander_capture,51,True,False,0
Greedy vs Greedy,95,21261008,0,Greedy,Greedy,north,commander_capture,51,True,False,0
Greedy vs Greedy,95,21261008,1,Greedy,Greedy,south,commander_capture,36,True,False,0
Greedy vs Greedy,96,21261009,0,Greedy,Greedy,north,commander_capture,57,True,False,0
Greedy vs Greedy,96,21261009,1,Greedy,Greedy,north,commander_capture,63,True,False,0
Greedy vs Greedy,97,21261010,0,Greedy,Greedy,south,commander_capture,72,True,False,0
Greedy vs Greedy,97,21261010,1,Greedy,Greedy,south,commander_capture,28,True,False,0
Greedy vs Greedy,98,21261011,0,Greedy,Greedy,south,commander_capture,114,True,False,0
Greedy vs Greedy,98,21261011,1,Greedy,Greedy,south,commander_capture,84,True,False,0
Greedy vs Greedy,99,21261012,0,Greedy,Greedy,south,commander_capture,96,True,False,0
Greedy vs Greedy,99,21261012,1,Greedy,Greedy,south,commander_capture,80,True,False,0
Greedy vs Greedy,100,21261013,0,Greedy,Greedy,south,commander_capture,78,True,False,0
Greedy vs Greedy,100,21261013,1,Greedy,Greedy,south,commander_capture,74,True,False,0
Greedy vs Greedy,101,21261014,0,Greedy,Greedy,north,commander_capture,35,True,False,0
Greedy vs Greedy,101,21261014,1,Greedy,Greedy,north,commander_capture,35,True,False,0
Greedy vs Greedy,102,21261015,0,Greedy,Greedy,south,commander_capture,26,True,False,0
Greedy vs Greedy,102,21261015,1,Greedy,Greedy,north,commander_capture,81,True,False,0
Greedy vs Greedy,103,21261016,0,Greedy,Greedy,north,commander_capture,17,True,False,0
Greedy vs Greedy,103,21261016,1,Greedy,Greedy,north,commander_capture,99,True,False,0
Greedy vs Greedy,104,21261017,0,Greedy,Greedy,south,commander_capture,86,True,False,0
Greedy vs Greedy,104,21261017,1,Greedy,Greedy,north,commander_capture,61,True,False,0
Greedy vs Greedy,105,21261018,0,Greedy,Greedy,south,commander_capture,94,True,False,0
Greedy vs Greedy,105,21261018,1,Greedy,Greedy,north,commander_capture,73,True,False,0
Greedy vs Greedy,106,21261019,0,Greedy,Greedy,south,commander_capture,122,True,False,0
Greedy vs Greedy,106,21261019,1,Greedy,Greedy,north,commander_capture,73,True,False,0
Greedy vs Greedy,107,21261020,0,Greedy,Greedy,south,commander_capture,90,True,False,0
Greedy vs Greedy,107,21261020,1,Greedy,Greedy,north,commander_capture,77,True,False,0
Greedy vs Greedy,108,21261021,0,Greedy,Greedy,north,commander_capture,75,True,False,0
Greedy vs Greedy,108,21261021,1,Greedy,Greedy,south,commander_capture,44,True,False,0
Greedy vs Greedy,109,21261022,0,Greedy,Greedy,north,commander_capture,71,True,False,0
Greedy vs Greedy,109,21261022,1,Greedy,Greedy,north,commander_capture,27,True,False,0
Greedy vs Greedy,110,21261023,0,Greedy,Greedy,north,commander_capture,81,True,False,0
Greedy vs Greedy,110,21261023,1,Greedy,Greedy,south,commander_capture,80,True,False,0
Greedy vs Greedy,111,21261024,0,Greedy,Greedy,north,commander_capture,51,True,False,0
Greedy vs Greedy,111,21261024,1,Greedy,Greedy,north,commander_capture,45,True,False,0
Greedy vs Greedy,112,21261025,0,Greedy,Greedy,south,commander_capture,128,True,False,0
Greedy vs Greedy,112,21261025,1,Greedy,Greedy,south,commander_capture,90,True,False,0
Greedy vs Greedy,113,21261026,0,Greedy,Greedy,south,commander_capture,44,True,False,0
Greedy vs Greedy,113,21261026,1,Greedy,Greedy,north,commander_capture,27,True,False,0
Greedy vs Greedy,114,21261027,0,Greedy,Greedy,north,commander_capture,29,True,False,0
Greedy vs Greedy,114,21261027,1,Greedy,Greedy,south,lone_commander,94,True,False,0
Greedy vs Greedy,115,21261028,0,Greedy,Greedy,south,commander_capture,48,True,False,0
Greedy vs Greedy,115,21261028,1,Greedy,Greedy,south,commander_capture,52,True,False,0
Greedy vs Greedy,116,21261029,0,Greedy,Greedy,south,commander_capture,60,True,False,0
Greedy vs Greedy,116,21261029,1,Greedy,Greedy,south,commander_capture,40,True,False,0
Greedy vs Greedy,117,21261030,0,Greedy,Greedy,north,commander_capture,61,True,False,0
Greedy vs Greedy,117,21261030,1,Greedy,Greedy,north,commander_capture,53,True,False,0
Greedy vs Greedy,118,21261031,0,Greedy,Greedy,south,commander_capture,86,True,False,0
Greedy vs Greedy,118,21261031,1,Greedy,Greedy,north,commander_capture,37,True,False,0
Greedy vs Greedy,119,21261032,0,Greedy,Greedy,north,commander_capture,71,True,False,0
Greedy vs Greedy,119,21261032,1,Greedy,Greedy,north,commander_capture,41,True,False,0
Greedy vs Greedy,120,21261033,0,Greedy,Greedy,north,commander_capture,67,True,False,0
Greedy vs Greedy,120,21261033,1,Greedy,Greedy,north,commander_capture,95,True,False,0
Greedy vs Greedy,121,21261034,0,Greedy,Greedy,north,commander_capture,43,True,False,0
Greedy vs Greedy,121,21261034,1,Greedy,Greedy,south,commander_capture,84,True,False,0
Greedy vs Greedy,122,21261035,0,Greedy,Greedy,north,commander_capture,71,True,False,0
Greedy vs Greedy,122,21261035,1,Greedy,Greedy,south,commander_capture,96,True,False,0
Greedy vs Greedy,123,21261036,0,Greedy,Greedy,south,commander_capture,96,True,False,0
Greedy vs Greedy,123,21261036,1,Greedy,Greedy,south,commander_capture,66,True,False,0
Greedy vs Greedy,124,21261037,0,Greedy,Greedy,north,commander_capture,61,True,False,0
Greedy vs Greedy,124,21261037,1,Greedy,Greedy,south,commander_capture,104,True,False,0
Greedy vs Greedy,125,21261038,0,Greedy,Greedy,north,commander_capture,59,True,False,0
Greedy vs Greedy,125,21261038,1,Greedy,Greedy,north,commander_capture,31,True,False,0
Greedy vs Greedy,126,21261039,0,Greedy,Greedy,south,commander_capture,40,True,False,0
Greedy vs Greedy,126,21261039,1,Greedy,Greedy,south,commander_capture,58,True,False,0
Greedy vs Greedy,127,21261040,0,Greedy,Greedy,south,commander_capture,30,True,False,0
Greedy vs Greedy,127,21261040,1,Greedy,Greedy,north,commander_capture,39,True,False,0
Greedy vs Greedy,128,21261041,0,Greedy,Greedy,north,lone_commander,127,True,False,0
Greedy vs Greedy,128,21261041,1,Greedy,Greedy,north,commander_capture,27,True,False,0
Greedy vs Greedy,129,21261042,0,Greedy,Greedy,north,commander_capture,49,True,False,0
Greedy vs Greedy,129,21261042,1,Greedy,Greedy,north,commander_capture,29,True,False,0
Greedy vs Greedy,130,21261043,0,Greedy,Greedy,north,commander_capture,53,True,False,0
Greedy vs Greedy,130,21261043,1,Greedy,Greedy,south,commander_capture,100,True,False,0
Greedy vs Greedy,131,21261044,0,Greedy,Greedy,north,commander_capture,17,True,False,0
Greedy vs Greedy,131,21261044,1,Greedy,Greedy,north,commander_capture,87,True,False,0
Greedy vs Greedy,132,21261045,0,Greedy,Greedy,south,commander_capture,20,True,False,0
Greedy vs Greedy,132,21261045,1,Greedy,Greedy,south,commander_capture,74,True,False,0
Greedy vs Greedy,133,21261046,0,Greedy,Greedy,south,commander_capture,98,True,False,0
Greedy vs Greedy,133,21261046,1,Greedy,Greedy,south,commander_capture,104,True,False,0
Greedy vs Greedy,134,21261047,0,Greedy,Greedy,north,commander_capture,75,True,False,0
Greedy vs Greedy,134,21261047,1,Greedy,Greedy,north,commander_capture,17,True,False,0
Greedy vs Greedy,135,21261048,0,Greedy,Greedy,draw,threefold_repetition,100,True,False,0
Greedy vs Greedy,135,21261048,1,Greedy,Greedy,draw,threefold_repetition,50,True,False,0
Greedy vs Greedy,136,21261049,0,Greedy,Greedy,south,commander_capture,20,True,False,0
Greedy vs Greedy,136,21261049,1,Greedy,Greedy,south,commander_capture,30,True,False,0
Greedy vs Greedy,137,21261050,0,Greedy,Greedy,north,commander_capture,37,True,False,0
Greedy vs Greedy,137,21261050,1,Greedy,Greedy,south,commander_capture,80,True,False,0
Greedy vs Greedy,138,21261051,0,Greedy,Greedy,south,commander_capture,64,True,False,0
Greedy vs Greedy,138,21261051,1,Greedy,Greedy,north,commander_capture,63,True,False,0
Greedy vs Greedy,139,21261052,0,Greedy,Greedy,north,commander_capture,69,True,False,0
Greedy vs Greedy,139,21261052,1,Greedy,Greedy,north,commander_capture,65,True,False,0
Greedy vs Greedy,140,21261053,0,Greedy,Greedy,south,commander_capture,90,True,False,0
Greedy vs Greedy,140,21261053,1,Greedy,Greedy,south,commander_capture,82,True,False,0
Greedy vs Greedy,141,21261054,0,Greedy,Greedy,north,commander_capture,103,True,False,0
Greedy vs Greedy,141,21261054,1,Greedy,Greedy,south,commander_capture,24,True,False,0
Greedy vs Greedy,142,21261055,0,Greedy,Greedy,north,commander_capture,31,True,False,0
Greedy vs Greedy,142,21261055,1,Greedy,Greedy,north,commander_capture,79,True,False,0
Greedy vs Greedy,143,21261056,0,Greedy,Greedy,north,commander_capture,59,True,False,0
Greedy vs Greedy,143,21261056,1,Greedy,Greedy,north,commander_capture,29,True,False,0
Greedy vs Greedy,144,21261057,0,Greedy,Greedy,south,commander_capture,84,True,False,0
Greedy vs Greedy,144,21261057,1,Greedy,Greedy,north,commander_capture,77,True,False,0
Greedy vs Greedy,145,21261058,0,Greedy,Greedy,north,commander_capture,61,True,False,0
Greedy vs Greedy,145,21261058,1,Greedy,Greedy,north,commander_capture,73,True,False,0
Greedy vs Greedy,146,21261059,0,Greedy,Greedy,south,commander_capture,94,True,False,0
Greedy vs Greedy,146,21261059,1,Greedy,Greedy,south,commander_capture,14,True,False,0
Greedy vs Greedy,147,21261060,0,Greedy,Greedy,north,commander_capture,59,True,False,0
Greedy vs Greedy,147,21261060,1,Greedy,Greedy,south,commander_capture,78,True,False,0
Greedy vs Greedy,148,21261061,0,Greedy,Greedy,south,commander_capture,76,True,False,0
Greedy vs Greedy,148,21261061,1,Greedy,Greedy,north,commander_capture,65,True,False,0
Greedy vs Greedy,149,21261062,0,Greedy,Greedy,south,commander_capture,92,True,False,0
Greedy vs Greedy,149,21261062,1,Greedy,Greedy,north,commander_capture,41,True,False,0
Greedy vs Greedy,150,21261063,0,Greedy,Greedy,north,commander_capture,63,True,False,0
Greedy vs Greedy,150,21261063,1,Greedy,Greedy,north,commander_capture,61,True,False,0
Greedy vs Greedy,151,21261064,0,Greedy,Greedy,north,commander_capture,79,True,False,0
Greedy vs Greedy,151,21261064,1,Greedy,Greedy,north,commander_capture,85,True,False,0
Greedy vs Greedy,152,21261065,0,Greedy,Greedy,north,commander_capture,35,True,False,0
Greedy vs Greedy,152,21261065,1,Greedy,Greedy,south,commander_capture,106,True,False,0
Greedy vs Greedy,153,21261066,0,Greedy,Greedy,north,commander_capture,103,True,False,0
Greedy vs Greedy,153,21261066,1,Greedy,Greedy,north,commander_capture,43,True,False,0
Greedy vs Greedy,154,21261067,0,Greedy,Greedy,north,commander_capture,17,True,False,0
Greedy vs Greedy,154,21261067,1,Greedy,Greedy,south,commander_capture,78,True,False,0
Greedy vs Greedy,155,21261068,0,Greedy,Greedy,south,commander_capture,86,True,False,0
Greedy vs Greedy,155,21261068,1,Greedy,Greedy,north,commander_capture,45,True,False,0
Greedy vs Greedy,156,21261069,0,Greedy,Greedy,south,commander_capture,102,True,False,0
Greedy vs Greedy,156,21261069,1,Greedy,Greedy,north,commander_capture,19,True,False,0
Greedy vs Greedy,157,21261070,0,Greedy,Greedy,south,commander_capture,78,True,False,0
Greedy vs Greedy,157,21261070,1,Greedy,Greedy,north,lone_commander,91,True,False,0
Greedy vs Greedy,158,21261071,0,Greedy,Greedy,south,commander_capture,38,True,False,0
Greedy vs Greedy,158,21261071,1,Greedy,Greedy,south,commander_capture,28,True,False,0
Greedy vs Greedy,159,21261072,0,Greedy,Greedy,south,commander_capture,32,True,False,0
Greedy vs Greedy,159,21261072,1,Greedy,Greedy,south,commander_capture,76,True,False,0
Greedy vs Greedy,160,21261073,0,Greedy,Greedy,north,commander_capture,23,True,False,0
Greedy vs Greedy,160,21261073,1,Greedy,Greedy,south,commander_capture,42,True,False,0
Greedy vs Greedy,161,21261074,0,Greedy,Greedy,south,commander_capture,90,True,False,0
Greedy vs Greedy,161,21261074,1,Greedy,Greedy,south,commander_capture,40,True,False,0
Greedy vs Greedy,162,21261075,0,Greedy,Greedy,north,commander_capture,69,True,False,0
Greedy vs Greedy,162,21261075,1,Greedy,Greedy,north,commander_capture,83,True,False,0
Greedy vs Greedy,163,21261076,0,Greedy,Greedy,south,commander_capture,68,True,False,0
Greedy vs Greedy,163,21261076,1,Greedy,Greedy,south,commander_capture,60,True,False,0
Greedy vs Greedy,164,21261077,0,Greedy,Greedy,north,commander_capture,77,True,False,0
Greedy vs Greedy,164,21261077,1,Greedy,Greedy,north,commander_capture,57,True,False,0
Greedy vs Greedy,165,21261078,0,Greedy,Greedy,north,commander_capture,77,True,False,0
Greedy vs Greedy,165,21261078,1,Greedy,Greedy,south,commander_capture,80,True,False,0
Greedy vs Greedy,166,21261079,0,Greedy,Greedy,north,commander_capture,85,True,False,0
Greedy vs Greedy,166,21261079,1,Greedy,Greedy,north,commander_capture,59,True,False,0
Greedy vs Greedy,167,21261080,0,Greedy,Greedy,north,commander_capture,77,True,False,0
Greedy vs Greedy,167,21261080,1,Greedy,Greedy,north,commander_capture,19,True,False,0
Greedy vs Greedy,168,21261081,0,Greedy,Greedy,draw,threefold_repetition,46,True,False,0
Greedy vs Greedy,168,21261081,1,Greedy,Greedy,south,commander_capture,92,True,False,0
Greedy vs Greedy,169,21261082,0,Greedy,Greedy,north,commander_capture,61,True,False,0
Greedy vs Greedy,169,21261082,1,Greedy,Greedy,south,commander_capture,112,True,False,0
Greedy vs Greedy,170,21261083,0,Greedy,Greedy,north,commander_capture,85,True,False,0
Greedy vs Greedy,170,21261083,1,Greedy,Greedy,north,commander_capture,29,True,False,0
Greedy vs Greedy,171,21261084,0,Greedy,Greedy,south,commander_capture,32,True,False,0
Greedy vs Greedy,171,21261084,1,Greedy,Greedy,north,commander_capture,27,True,False,0
Greedy vs Greedy,172,21261085,0,Greedy,Greedy,north,commander_capture,95,True,False,0
Greedy vs Greedy,172,21261085,1,Greedy,Greedy,south,commander_capture,94,True,False,0
Greedy vs Greedy,173,21261086,0,Greedy,Greedy,south,commander_capture,40,True,False,0
Greedy vs Greedy,173,21261086,1,Greedy,Greedy,south,commander_capture,20,True,False,0
Greedy vs Greedy,174,21261087,0,Greedy,Greedy,south,commander_capture,70,True,False,0
Greedy vs Greedy,174,21261087,1,Greedy,Greedy,north,commander_capture,81,True,False,0
Greedy vs Greedy,175,21261088,0,Greedy,Greedy,north,commander_capture,27,True,False,0
Greedy vs Greedy,175,21261088,1,Greedy,Greedy,north,commander_capture,45,True,False,0
Greedy vs Greedy,176,21261089,0,Greedy,Greedy,north,commander_capture,83,True,False,0
Greedy vs Greedy,176,21261089,1,Greedy,Greedy,south,commander_capture,104,True,False,0
Greedy vs Greedy,177,21261090,0,Greedy,Greedy,south,commander_capture,58,True,False,0
Greedy vs Greedy,177,21261090,1,Greedy,Greedy,north,commander_capture,23,True,False,0
Greedy vs Greedy,178,21261091,0,Greedy,Greedy,south,commander_capture,68,True,False,0
Greedy vs Greedy,178,21261091,1,Greedy,Greedy,south,commander_capture,56,True,False,0
Greedy vs Greedy,179,21261092,0,Greedy,Greedy,north,commander_capture,71,True,False,0
Greedy vs Greedy,179,21261092,1,Greedy,Greedy,south,commander_capture,32,True,False,0
Greedy vs Greedy,180,21261093,0,Greedy,Greedy,north,commander_capture,15,True,False,0
Greedy vs Greedy,180,21261093,1,Greedy,Greedy,south,commander_capture,52,True,False,0
Greedy vs Greedy,181,21261094,0,Greedy,Greedy,south,lone_commander,118,True,False,0
Greedy vs Greedy,181,21261094,1,Greedy,Greedy,south,commander_capture,88,True,False,0
Greedy vs Greedy,182,21261095,0,Greedy,Greedy,north,commander_capture,51,True,False,0
Greedy vs Greedy,182,21261095,1,Greedy,Greedy,south,commander_capture,32,True,False,0
Greedy vs Greedy,183,21261096,0,Greedy,Greedy,north,commander_capture,31,True,False,0
Greedy vs Greedy,183,21261096,1,Greedy,Greedy,north,commander_capture,63,True,False,0
Greedy vs Greedy,184,21261097,0,Greedy,Greedy,south,commander_capture,54,True,False,0
Greedy vs Greedy,184,21261097,1,Greedy,Greedy,south,commander_capture,48,True,False,0
Greedy vs Greedy,185,21261098,0,Greedy,Greedy,north,commander_capture,83,True,False,0
Greedy vs Greedy,185,21261098,1,Greedy,Greedy,south,commander_capture,80,True,False,0
Greedy vs Greedy,186,21261099,0,Greedy,Greedy,draw,threefold_repetition,72,True,False,0
Greedy vs Greedy,186,21261099,1,Greedy,Greedy,draw,threefold_repetition,66,True,False,0
Greedy vs Greedy,187,21261100,0,Greedy,Greedy,south,commander_capture,106,True,False,0
Greedy vs Greedy,187,21261100,1,Greedy,Greedy,south,commander_capture,46,True,False,0
Greedy vs Greedy,188,21261101,0,Greedy,Greedy,south,commander_capture,40,True,False,0
Greedy vs Greedy,188,21261101,1,Greedy,Greedy,north,commander_capture,85,True,False,0
Greedy vs Greedy,189,21261102,0,Greedy,Greedy,south,commander_capture,50,True,False,0
Greedy vs Greedy,189,21261102,1,Greedy,Greedy,south,commander_capture,96,True,False,0
Greedy vs Greedy,190,21261103,0,Greedy,Greedy,north,commander_capture,85,True,False,0
Greedy vs Greedy,190,21261103,1,Greedy,Greedy,north,commander_capture,47,True,False,0
Greedy vs Greedy,191,21261104,0,Greedy,Greedy,north,commander_capture,41,True,False,0
Greedy vs Greedy,191,21261104,1,Greedy,Greedy,south,commander_capture,72,True,False,0
Greedy vs Greedy,192,21261105,0,Greedy,Greedy,north,commander_capture,31,True,False,0
Greedy vs Greedy,192,21261105,1,Greedy,Greedy,north,commander_capture,69,True,False,0
Greedy vs Greedy,193,21261106,0,Greedy,Greedy,north,commander_capture,87,True,False,0
Greedy vs Greedy,193,21261106,1,Greedy,Greedy,north,commander_capture,73,True,False,0
Greedy vs Greedy,194,21261107,0,Greedy,Greedy,north,commander_capture,75,True,False,0
Greedy vs Greedy,194,21261107,1,Greedy,Greedy,south,commander_capture,56,True,False,0
Greedy vs Greedy,195,21261108,0,Greedy,Greedy,north,commander_capture,97,True,False,0
Greedy vs Greedy,195,21261108,1,Greedy,Greedy,north,commander_capture,71,True,False,0
Greedy vs Greedy,196,21261109,0,Greedy,Greedy,draw,threefold_repetition,89,True,False,0
Greedy vs Greedy,196,21261109,1,Greedy,Greedy,south,commander_capture,28,True,False,0
Greedy vs Greedy,197,21261110,0,Greedy,Greedy,south,commander_capture,44,True,False,0
Greedy vs Greedy,197,21261110,1,Greedy,Greedy,north,commander_capture,83,True,False,0
Greedy vs Greedy,198,21261111,0,Greedy,Greedy,south,commander_capture,28,True,False,0
Greedy vs Greedy,198,21261111,1,Greedy,Greedy,south,commander_capture,90,True,False,0
Greedy vs Greedy,199,21261112,0,Greedy,Greedy,north,commander_capture,21,True,False,0
Greedy vs Greedy,199,21261112,1,Greedy,Greedy,north,commander_capture,61,True,False,0
Greedy vs Greedy,200,21261113,0,Greedy,Greedy,north,commander_capture,83,True,False,0
Greedy vs Greedy,200,21261113,1,Greedy,Greedy,south,commander_capture,82,True,False,0
Greedy vs Greedy,201,21261114,0,Greedy,Greedy,south,commander_capture,18,True,False,0
Greedy vs Greedy,201,21261114,1,Greedy,Greedy,north,commander_capture,85,True,False,0
Greedy vs Greedy,202,21261115,0,Greedy,Greedy,north,commander_capture,55,True,False,0
Greedy vs Greedy,202,21261115,1,Greedy,Greedy,north,commander_capture,37,True,False,0
Greedy vs Greedy,203,21261116,0,Greedy,Greedy,north,commander_capture,77,True,False,0
Greedy vs Greedy,203,21261116,1,Greedy,Greedy,north,commander_capture,83,True,False,0
Greedy vs Greedy,204,21261117,0,Greedy,Greedy,south,commander_capture,38,True,False,0
Greedy vs Greedy,204,21261117,1,Greedy,Greedy,south,commander_capture,68,True,False,0
Greedy vs Greedy,205,21261118,0,Greedy,Greedy,south,commander_capture,70,True,False,0
Greedy vs Greedy,205,21261118,1,Greedy,Greedy,north,commander_capture,49,True,False,0
Greedy vs Greedy,206,21261119,0,Greedy,Greedy,south,commander_capture,16,True,False,0
Greedy vs Greedy,206,21261119,1,Greedy,Greedy,south,commander_capture,90,True,False,0
Greedy vs Greedy,207,21261120,0,Greedy,Greedy,north,commander_capture,75,True,False,0
Greedy vs Greedy,207,21261120,1,Greedy,Greedy,south,commander_capture,62,True,False,0
Greedy vs Greedy,208,21261121,0,Greedy,Greedy,south,commander_capture,90,True,False,0
Greedy vs Greedy,208,21261121,1,Greedy,Greedy,south,commander_capture,100,True,False,0
Greedy vs Greedy,209,21261122,0,Greedy,Greedy,north,commander_capture,105,True,False,0
Greedy vs Greedy,209,21261122,1,Greedy,Greedy,north,commander_capture,65,True,False,0
Greedy vs Greedy,210,21261123,0,Greedy,Greedy,south,commander_capture,36,True,False,0
Greedy vs Greedy,210,21261123,1,Greedy,Greedy,south,commander_capture,52,True,False,0
Greedy vs Greedy,211,21261124,0,Greedy,Greedy,south,commander_capture,72,True,False,0
Greedy vs Greedy,211,21261124,1,Greedy,Greedy,north,commander_capture,73,True,False,0
Greedy vs Greedy,212,21261125,0,Greedy,Greedy,south,commander_capture,26,True,False,0
Greedy vs Greedy,212,21261125,1,Greedy,Greedy,north,commander_capture,67,True,False,0
Greedy vs Greedy,213,21261126,0,Greedy,Greedy,north,commander_capture,65,True,False,0
Greedy vs Greedy,213,21261126,1,Greedy,Greedy,north,commander_capture,53,True,False,0
Greedy vs Greedy,214,21261127,0,Greedy,Greedy,south,commander_capture,118,True,False,0
Greedy vs Greedy,214,21261127,1,Greedy,Greedy,north,commander_capture,25,True,False,0
Greedy vs Greedy,215,21261128,0,Greedy,Greedy,north,commander_capture,89,True,False,0
Greedy vs Greedy,215,21261128,1,Greedy,Greedy,north,commander_capture,33,True,False,0
Greedy vs Greedy,216,21261129,0,Greedy,Greedy,north,commander_capture,35,True,False,0
Greedy vs Greedy,216,21261129,1,Greedy,Greedy,north,commander_capture,93,True,False,0
Greedy vs Greedy,217,21261130,0,Greedy,Greedy,south,commander_capture,112,True,False,0
Greedy vs Greedy,217,21261130,1,Greedy,Greedy,south,commander_capture,60,True,False,0
Greedy vs Greedy,218,21261131,0,Greedy,Greedy,south,commander_capture,18,True,False,0
Greedy vs Greedy,218,21261131,1,Greedy,Greedy,north,commander_capture,29,True,False,0
Greedy vs Greedy,219,21261132,0,Greedy,Greedy,south,commander_capture,64,True,False,0
Greedy vs Greedy,219,21261132,1,Greedy,Greedy,south,commander_capture,46,True,False,0
Greedy vs Greedy,220,21261133,0,Greedy,Greedy,north,commander_capture,9,True,False,0
Greedy vs Greedy,220,21261133,1,Greedy,Greedy,north,commander_capture,55,True,False,0
Greedy vs Greedy,221,21261134,0,Greedy,Greedy,north,commander_capture,55,True,False,0
Greedy vs Greedy,221,21261134,1,Greedy,Greedy,north,commander_capture,47,True,False,0
Greedy vs Greedy,222,21261135,0,Greedy,Greedy,south,commander_capture,8,True,False,0
Greedy vs Greedy,222,21261135,1,Greedy,Greedy,south,commander_capture,44,True,False,0
Greedy vs Greedy,223,21261136,0,Greedy,Greedy,north,commander_capture,45,True,False,0
Greedy vs Greedy,223,21261136,1,Greedy,Greedy,south,commander_capture,100,True,False,0
Greedy vs Greedy,224,21261137,0,Greedy,Greedy,north,lone_commander,107,True,False,0
Greedy vs Greedy,224,21261137,1,Greedy,Greedy,south,commander_capture,56,True,False,0
Greedy vs Greedy,225,21261138,0,Greedy,Greedy,south,commander_capture,76,True,False,0
Greedy vs Greedy,225,21261138,1,Greedy,Greedy,north,commander_capture,85,True,False,0
Greedy vs Greedy,226,21261139,0,Greedy,Greedy,north,commander_capture,55,True,False,0
Greedy vs Greedy,226,21261139,1,Greedy,Greedy,south,commander_capture,34,True,False,0
Greedy vs Greedy,227,21261140,0,Greedy,Greedy,north,commander_capture,95,True,False,0
Greedy vs Greedy,227,21261140,1,Greedy,Greedy,south,commander_capture,98,True,False,0
Greedy vs Greedy,228,21261141,0,Greedy,Greedy,south,commander_capture,78,True,False,0
Greedy vs Greedy,228,21261141,1,Greedy,Greedy,south,commander_capture,108,True,False,0
Greedy vs Greedy,229,21261142,0,Greedy,Greedy,north,commander_capture,95,True,False,0
Greedy vs Greedy,229,21261142,1,Greedy,Greedy,south,commander_capture,56,True,False,0
Greedy vs Greedy,230,21261143,0,Greedy,Greedy,south,lone_commander,112,True,False,0
Greedy vs Greedy,230,21261143,1,Greedy,Greedy,north,commander_capture,93,True,False,0
Greedy vs Greedy,231,21261144,0,Greedy,Greedy,south,commander_capture,64,True,False,0
Greedy vs Greedy,231,21261144,1,Greedy,Greedy,south,commander_capture,72,True,False,0
Greedy vs Greedy,232,21261145,0,Greedy,Greedy,north,commander_capture,61,True,False,0
Greedy vs Greedy,232,21261145,1,Greedy,Greedy,south,commander_capture,34,True,False,0
Greedy vs Greedy,233,21261146,0,Greedy,Greedy,north,commander_capture,101,True,False,0
Greedy vs Greedy,233,21261146,1,Greedy,Greedy,south,commander_capture,74,True,False,0
Greedy vs Greedy,234,21261147,0,Greedy,Greedy,south,commander_capture,56,True,False,0
Greedy vs Greedy,234,21261147,1,Greedy,Greedy,north,commander_capture,39,True,False,0
Greedy vs Greedy,235,21261148,0,Greedy,Greedy,north,commander_capture,83,True,False,0
Greedy vs Greedy,235,21261148,1,Greedy,Greedy,south,commander_capture,44,True,False,0
Greedy vs Greedy,236,21261149,0,Greedy,Greedy,south,commander_capture,90,True,False,0
Greedy vs Greedy,236,21261149,1,Greedy,Greedy,north,commander_capture,63,True,False,0
Greedy vs Greedy,237,21261150,0,Greedy,Greedy,north,commander_capture,35,True,False,0
Greedy vs Greedy,237,21261150,1,Greedy,Greedy,north,commander_capture,69,True,False,0
Greedy vs Greedy,238,21261151,0,Greedy,Greedy,north,commander_capture,79,True,False,0
Greedy vs Greedy,238,21261151,1,Greedy,Greedy,south,commander_capture,36,True,False,0
Greedy vs Greedy,239,21261152,0,Greedy,Greedy,north,commander_capture,59,True,False,0
Greedy vs Greedy,239,21261152,1,Greedy,Greedy,north,commander_capture,89,True,False,0
Greedy vs Greedy,240,21261153,0,Greedy,Greedy,south,commander_capture,52,True,False,0
Greedy vs Greedy,240,21261153,1,Greedy,Greedy,south,commander_capture,74,True,False,0
Greedy vs Greedy,241,21261154,0,Greedy,Greedy,south,commander_capture,106,True,False,0
Greedy vs Greedy,241,21261154,1,Greedy,Greedy,north,commander_capture,103,True,False,0
Greedy vs Greedy,242,21261155,0,Greedy,Greedy,south,commander_capture,118,True,False,0
Greedy vs Greedy,242,21261155,1,Greedy,Greedy,south,commander_capture,50,True,False,0
Greedy vs Greedy,243,21261156,0,Greedy,Greedy,south,commander_capture,92,True,False,0
Greedy vs Greedy,243,21261156,1,Greedy,Greedy,south,commander_capture,22,True,False,0
Greedy vs Greedy,244,21261157,0,Greedy,Greedy,south,commander_capture,68,True,False,0
Greedy vs Greedy,244,21261157,1,Greedy,Greedy,north,commander_capture,99,True,False,0
Greedy vs Greedy,245,21261158,0,Greedy,Greedy,north,commander_capture,61,True,False,0
Greedy vs Greedy,245,21261158,1,Greedy,Greedy,south,commander_capture,84,True,False,0
Greedy vs Greedy,246,21261159,0,Greedy,Greedy,north,commander_capture,47,True,False,0
Greedy vs Greedy,246,21261159,1,Greedy,Greedy,north,commander_capture,93,True,False,0
Greedy vs Greedy,247,21261160,0,Greedy,Greedy,south,commander_capture,62,True,False,0
Greedy vs Greedy,247,21261160,1,Greedy,Greedy,north,commander_capture,35,True,False,0
Greedy vs Greedy,248,21261161,0,Greedy,Greedy,south,commander_capture,28,True,False,0
Greedy vs Greedy,248,21261161,1,Greedy,Greedy,south,commander_capture,60,True,False,0
Greedy vs Greedy,249,21261162,0,Greedy,Greedy,south,commander_capture,24,True,False,0
Greedy vs Greedy,249,21261162,1,Greedy,Greedy,south,commander_capture,88,True,False,0
Greedy vs Greedy,250,21261163,0,Greedy,Greedy,south,commander_capture,110,True,False,0
Greedy vs Greedy,250,21261163,1,Greedy,Greedy,north,commander_capture,79,True,False,0
Greedy vs Greedy,251,21261164,0,Greedy,Greedy,south,commander_capture,58,True,False,0
Greedy vs Greedy,251,21261164,1,Greedy,Greedy,north,commander_capture,91,True,False,0
Greedy vs Greedy,252,21261165,0,Greedy,Greedy,south,commander_capture,58,True,False,0
Greedy vs Greedy,252,21261165,1,Greedy,Greedy,north,commander_capture,123,True,False,0
Greedy vs Greedy,253,21261166,0,Greedy,Greedy,north,commander_capture,47,True,False,0
Greedy vs Greedy,253,21261166,1,Greedy,Greedy,south,commander_capture,28,True,False,0
Greedy vs Greedy,254,21261167,0,Greedy,Greedy,south,commander_capture,44,True,False,0
Greedy vs Greedy,254,21261167,1,Greedy,Greedy,north,commander_capture,53,True,False,0
Greedy vs Greedy,255,21261168,0,Greedy,Greedy,north,commander_capture,39,True,False,0
Greedy vs Greedy,255,21261168,1,Greedy,Greedy,north,commander_capture,87,True,False,0
Greedy vs Greedy,256,21261169,0,Greedy,Greedy,south,commander_capture,54,True,False,0
Greedy vs Greedy,256,21261169,1,Greedy,Greedy,south,commander_capture,90,True,False,0
Greedy vs Greedy,257,21261170,0,Greedy,Greedy,north,commander_capture,79,True,False,0
Greedy vs Greedy,257,21261170,1,Greedy,Greedy,draw,threefold_repetition,92,True,False,0
Greedy vs Greedy,258,21261171,0,Greedy,Greedy,north,commander_capture,57,True,False,0
Greedy vs Greedy,258,21261171,1,Greedy,Greedy,north,commander_capture,93,True,False,0
Greedy vs Greedy,259,21261172,0,Greedy,Greedy,south,commander_capture,24,True,False,0
Greedy vs Greedy,259,21261172,1,Greedy,Greedy,south,commander_capture,22,True,False,0
Greedy vs Greedy,260,21261173,0,Greedy,Greedy,south,commander_capture,68,True,False,0
Greedy vs Greedy,260,21261173,1,Greedy,Greedy,north,commander_capture,47,True,False,0
Greedy vs Greedy,261,21261174,0,Greedy,Greedy,north,commander_capture,51,True,False,0
Greedy vs Greedy,261,21261174,1,Greedy,Greedy,north,commander_capture,39,True,False,0
Greedy vs Greedy,262,21261175,0,Greedy,Greedy,south,commander_capture,38,True,False,0
Greedy vs Greedy,262,21261175,1,Greedy,Greedy,north,commander_capture,71,True,False,0
Greedy vs Greedy,263,21261176,0,Greedy,Greedy,south,commander_capture,62,True,False,0
Greedy vs Greedy,263,21261176,1,Greedy,Greedy,north,commander_capture,13,True,False,0
Greedy vs Greedy,264,21261177,0,Greedy,Greedy,draw,threefold_repetition,96,True,False,0
Greedy vs Greedy,264,21261177,1,Greedy,Greedy,south,commander_capture,58,True,False,0
Greedy vs Greedy,265,21261178,0,Greedy,Greedy,north,lone_commander,119,True,False,0
Greedy vs Greedy,265,21261178,1,Greedy,Greedy,south,commander_capture,22,True,False,0
Greedy vs Greedy,266,21261179,0,Greedy,Greedy,south,commander_capture,96,True,False,0
Greedy vs Greedy,266,21261179,1,Greedy,Greedy,north,commander_capture,67,True,False,0
Greedy vs Greedy,267,21261180,0,Greedy,Greedy,north,commander_capture,39,True,False,0
Greedy vs Greedy,267,21261180,1,Greedy,Greedy,north,commander_capture,37,True,False,0
Greedy vs Greedy,268,21261181,0,Greedy,Greedy,south,commander_capture,42,True,False,0
Greedy vs Greedy,268,21261181,1,Greedy,Greedy,north,commander_capture,91,True,False,0
Greedy vs Greedy,269,21261182,0,Greedy,Greedy,south,lone_commander,154,True,False,0
Greedy vs Greedy,269,21261182,1,Greedy,Greedy,south,commander_capture,76,True,False,0
Greedy vs Greedy,270,21261183,0,Greedy,Greedy,south,commander_capture,78,True,False,0
Greedy vs Greedy,270,21261183,1,Greedy,Greedy,north,commander_capture,37,True,False,0
Greedy vs Greedy,271,21261184,0,Greedy,Greedy,north,commander_capture,31,True,False,0
Greedy vs Greedy,271,21261184,1,Greedy,Greedy,north,commander_capture,47,True,False,0
Greedy vs Greedy,272,21261185,0,Greedy,Greedy,north,commander_capture,67,True,False,0
Greedy vs Greedy,272,21261185,1,Greedy,Greedy,north,commander_capture,99,True,False,0
Greedy vs Greedy,273,21261186,0,Greedy,Greedy,south,commander_capture,96,True,False,0
Greedy vs Greedy,273,21261186,1,Greedy,Greedy,south,commander_capture,62,True,False,0
Greedy vs Greedy,274,21261187,0,Greedy,Greedy,south,commander_capture,82,True,False,0
Greedy vs Greedy,274,21261187,1,Greedy,Greedy,south,commander_capture,54,True,False,0
Greedy vs Greedy,275,21261188,0,Greedy,Greedy,north,commander_capture,81,True,False,0
Greedy vs Greedy,275,21261188,1,Greedy,Greedy,north,commander_capture,103,True,False,0
Greedy vs Greedy,276,21261189,0,Greedy,Greedy,south,commander_capture,74,True,False,0
Greedy vs Greedy,276,21261189,1,Greedy,Greedy,south,commander_capture,40,True,False,0
Greedy vs Greedy,277,21261190,0,Greedy,Greedy,north,commander_capture,57,True,False,0
Greedy vs Greedy,277,21261190,1,Greedy,Greedy,south,commander_capture,94,True,False,0
Greedy vs Greedy,278,21261191,0,Greedy,Greedy,north,commander_capture,41,True,False,0
Greedy vs Greedy,278,21261191,1,Greedy,Greedy,north,commander_capture,63,True,False,0
Greedy vs Greedy,279,21261192,0,Greedy,Greedy,south,commander_capture,36,True,False,0
Greedy vs Greedy,279,21261192,1,Greedy,Greedy,north,commander_capture,45,True,False,0
Greedy vs Greedy,280,21261193,0,Greedy,Greedy,south,commander_capture,46,True,False,0
Greedy vs Greedy,280,21261193,1,Greedy,Greedy,south,commander_capture,98,True,False,0
Greedy vs Greedy,281,21261194,0,Greedy,Greedy,north,commander_capture,45,True,False,0
Greedy vs Greedy,281,21261194,1,Greedy,Greedy,south,commander_capture,20,True,False,0
Greedy vs Greedy,282,21261195,0,Greedy,Greedy,north,commander_capture,103,True,False,0
Greedy vs Greedy,282,21261195,1,Greedy,Greedy,south,commander_capture,108,True,False,0
Greedy vs Greedy,283,21261196,0,Greedy,Greedy,north,commander_capture,77,True,False,0
Greedy vs Greedy,283,21261196,1,Greedy,Greedy,north,commander_capture,75,True,False,0
Greedy vs Greedy,284,21261197,0,Greedy,Greedy,north,commander_capture,67,True,False,0
Greedy vs Greedy,284,21261197,1,Greedy,Greedy,north,commander_capture,103,True,False,0
Greedy vs Greedy,285,21261198,0,Greedy,Greedy,north,commander_capture,35,True,False,0
Greedy vs Greedy,285,21261198,1,Greedy,Greedy,south,commander_capture,84,True,False,0
Greedy vs Greedy,286,21261199,0,Greedy,Greedy,north,commander_capture,69,True,False,0
Greedy vs Greedy,286,21261199,1,Greedy,Greedy,south,commander_capture,30,True,False,0
Greedy vs Greedy,287,21261200,0,Greedy,Greedy,south,commander_capture,50,True,False,0
Greedy vs Greedy,287,21261200,1,Greedy,Greedy,south,commander_capture,28,True,False,0
Greedy vs Greedy,288,21261201,0,Greedy,Greedy,south,commander_capture,100,True,False,0
Greedy vs Greedy,288,21261201,1,Greedy,Greedy,north,commander_capture,47,True,False,0
Greedy vs Greedy,289,21261202,0,Greedy,Greedy,north,commander_capture,63,True,False,0
Greedy vs Greedy,289,21261202,1,Greedy,Greedy,north,commander_capture,27,True,False,0
Greedy vs Greedy,290,21261203,0,Greedy,Greedy,south,commander_capture,42,True,False,0
Greedy vs Greedy,290,21261203,1,Greedy,Greedy,south,commander_capture,62,True,False,0
Greedy vs Greedy,291,21261204,0,Greedy,Greedy,south,commander_capture,78,True,False,0
Greedy vs Greedy,291,21261204,1,Greedy,Greedy,north,commander_capture,55,True,False,0
Greedy vs Greedy,292,21261205,0,Greedy,Greedy,south,commander_capture,60,True,False,0
Greedy vs Greedy,292,21261205,1,Greedy,Greedy,south,commander_capture,40,True,False,0
Greedy vs Greedy,293,21261206,0,Greedy,Greedy,south,commander_capture,32,True,False,0
Greedy vs Greedy,293,21261206,1,Greedy,Greedy,north,commander_capture,17,True,False,0
Greedy vs Greedy,294,21261207,0,Greedy,Greedy,south,commander_capture,58,True,False,0
Greedy vs Greedy,294,21261207,1,Greedy,Greedy,south,commander_capture,44,True,False,0
Greedy vs Greedy,295,21261208,0,Greedy,Greedy,south,commander_capture,64,True,False,0
Greedy vs Greedy,295,21261208,1,Greedy,Greedy,north,commander_capture,81,True,False,0
Greedy vs Greedy,296,21261209,0,Greedy,Greedy,north,commander_capture,79,True,False,0
Greedy vs Greedy,296,21261209,1,Greedy,Greedy,south,commander_capture,96,True,False,0
Greedy vs Greedy,297,21261210,0,Greedy,Greedy,south,commander_capture,50,True,False,0
Greedy vs Greedy,297,21261210,1,Greedy,Greedy,north,commander_capture,43,True,False,0
Greedy vs Greedy,298,21261211,0,Greedy,Greedy,south,commander_capture,62,True,False,0
Greedy vs Greedy,298,21261211,1,Greedy,Greedy,north,commander_capture,107,True,False,0
Greedy vs Greedy,299,21261212,0,Greedy,Greedy,south,commander_capture,10,True,False,0
Greedy vs Greedy,299,21261212,1,Greedy,Greedy,north,commander_capture,99,True,False,0
Greedy vs Greedy,300,21261213,0,Greedy,Greedy,north,commander_capture,29,True,False,0
Greedy vs Greedy,300,21261213,1,Greedy,Greedy,north,commander_capture,33,True,False,0
Greedy vs Greedy,301,21261214,0,Greedy,Greedy,north,commander_capture,19,True,False,0
Greedy vs Greedy,301,21261214,1,Greedy,Greedy,north,commander_capture,55,True,False,0
Greedy vs Greedy,302,21261215,0,Greedy,Greedy,south,commander_capture,48,True,False,0
Greedy vs Greedy,302,21261215,1,Greedy,Greedy,north,commander_capture,37,True,False,0
Greedy vs Greedy,303,21261216,0,Greedy,Greedy,south,commander_capture,38,True,False,0
Greedy vs Greedy,303,21261216,1,Greedy,Greedy,north,commander_capture,27,True,False,0
Greedy vs Greedy,304,21261217,0,Greedy,Greedy,north,commander_capture,31,True,False,0
Greedy vs Greedy,304,21261217,1,Greedy,Greedy,south,commander_capture,68,True,False,0
Greedy vs Greedy,305,21261218,0,Greedy,Greedy,south,commander_capture,24,True,False,0
Greedy vs Greedy,305,21261218,1,Greedy,Greedy,south,commander_capture,84,True,False,0
Greedy vs Greedy,306,21261219,0,Greedy,Greedy,south,commander_capture,26,True,False,0
Greedy vs Greedy,306,21261219,1,Greedy,Greedy,south,commander_capture,54,True,False,0
Greedy vs Greedy,307,21261220,0,Greedy,Greedy,south,commander_capture,26,True,False,0
Greedy vs Greedy,307,21261220,1,Greedy,Greedy,south,commander_capture,76,True,False,0
Greedy vs Greedy,308,21261221,0,Greedy,Greedy,south,commander_capture,26,True,False,0
Greedy vs Greedy,308,21261221,1,Greedy,Greedy,south,commander_capture,72,True,False,0
Greedy vs Greedy,309,21261222,0,Greedy,Greedy,north,commander_capture,105,True,False,0
Greedy vs Greedy,309,21261222,1,Greedy,Greedy,north,commander_capture,53,True,False,0
Greedy vs Greedy,310,21261223,0,Greedy,Greedy,north,commander_capture,47,True,False,0
Greedy vs Greedy,310,21261223,1,Greedy,Greedy,north,commander_capture,83,True,False,0
Greedy vs Greedy,311,21261224,0,Greedy,Greedy,draw,threefold_repetition,53,True,False,0
Greedy vs Greedy,311,21261224,1,Greedy,Greedy,south,commander_capture,60,True,False,0
Greedy vs Greedy,312,21261225,0,Greedy,Greedy,south,commander_capture,76,True,False,0
Greedy vs Greedy,312,21261225,1,Greedy,Greedy,north,commander_capture,47,True,False,0
Greedy vs Greedy,313,21261226,0,Greedy,Greedy,south,commander_capture,50,True,False,0
Greedy vs Greedy,313,21261226,1,Greedy,Greedy,north,commander_capture,59,True,False,0
Greedy vs Greedy,314,21261227,0,Greedy,Greedy,north,commander_capture,87,True,False,0
Greedy vs Greedy,314,21261227,1,Greedy,Greedy,north,commander_capture,25,True,False,0
Greedy vs Greedy,315,21261228,0,Greedy,Greedy,south,commander_capture,108,True,False,0
Greedy vs Greedy,315,21261228,1,Greedy,Greedy,south,commander_capture,90,True,False,0
Greedy vs Greedy,316,21261229,0,Greedy,Greedy,south,commander_capture,24,True,False,0
Greedy vs Greedy,316,21261229,1,Greedy,Greedy,south,commander_capture,60,True,False,0
Greedy vs Greedy,317,21261230,0,Greedy,Greedy,draw,threefold_repetition,41,True,False,0
Greedy vs Greedy,317,21261230,1,Greedy,Greedy,north,commander_capture,85,True,False,0
Greedy vs Greedy,318,21261231,0,Greedy,Greedy,south,commander_capture,12,True,False,0
Greedy vs Greedy,318,21261231,1,Greedy,Greedy,north,commander_capture,75,True,False,0
Greedy vs Greedy,319,21261232,0,Greedy,Greedy,north,commander_capture,105,True,False,0
Greedy vs Greedy,319,21261232,1,Greedy,Greedy,south,commander_capture,86,True,False,0
Greedy vs Random,0,22260913,0,Greedy,Random,north,commander_capture,15,True,False,0
Greedy vs Random,0,22260913,1,Random,Greedy,south,commander_capture,24,True,False,0
Greedy vs Random,1,22260914,0,Greedy,Random,north,commander_capture,31,True,False,0
Greedy vs Random,1,22260914,1,Random,Greedy,south,commander_capture,12,True,False,0
Greedy vs Random,2,22260915,0,Greedy,Random,north,commander_capture,49,True,False,0
Greedy vs Random,2,22260915,1,Random,Greedy,south,commander_capture,32,True,False,0
Greedy vs Random,3,22260916,0,Greedy,Random,north,commander_capture,39,True,False,0
Greedy vs Random,3,22260916,1,Random,Greedy,south,commander_capture,36,True,False,0
Greedy vs Random,4,22260917,0,Greedy,Random,north,commander_capture,23,True,False,0
Greedy vs Random,4,22260917,1,Random,Greedy,south,commander_capture,30,True,False,0
Greedy vs Random,5,22260918,0,Greedy,Random,north,commander_capture,15,True,False,0
Greedy vs Random,5,22260918,1,Random,Greedy,south,commander_capture,28,True,False,0
Greedy vs Random,6,22260919,0,Greedy,Random,north,commander_capture,61,True,False,0
Greedy vs Random,6,22260919,1,Random,Greedy,south,commander_capture,12,True,False,0
Greedy vs Random,7,22260920,0,Greedy,Random,north,commander_capture,37,True,False,0
Greedy vs Random,7,22260920,1,Random,Greedy,south,commander_capture,24,True,False,0
Greedy vs Random,8,22260921,0,Greedy,Random,north,commander_capture,23,True,False,0
Greedy vs Random,8,22260921,1,Random,Greedy,south,commander_capture,62,True,False,0
Greedy vs Random,9,22260922,0,Greedy,Random,south,commander_capture,50,True,False,0
Greedy vs Random,9,22260922,1,Random,Greedy,south,commander_capture,28,True,False,0
Greedy vs Random,10,22260923,0,Greedy,Random,north,commander_capture,15,True,False,0
Greedy vs Random,10,22260923,1,Random,Greedy,south,commander_capture,28,True,False,0
Greedy vs Random,11,22260924,0,Greedy,Random,north,commander_capture,41,True,False,0
Greedy vs Random,11,22260924,1,Random,Greedy,south,commander_capture,34,True,False,0
Greedy vs Random,12,22260925,0,Greedy,Random,north,commander_capture,17,True,False,0
Greedy vs Random,12,22260925,1,Random,Greedy,south,commander_capture,28,True,False,0
Greedy vs Random,13,22260926,0,Greedy,Random,north,commander_capture,67,True,False,0
Greedy vs Random,13,22260926,1,Random,Greedy,south,commander_capture,24,True,False,0
Greedy vs Random,14,22260927,0,Greedy,Random,north,commander_capture,53,True,False,0
Greedy vs Random,14,22260927,1,Random,Greedy,south,commander_capture,26,True,False,0
Greedy vs Random,15,22260928,0,Greedy,Random,north,commander_capture,47,True,False,0
Greedy vs Random,15,22260928,1,Random,Greedy,south,commander_capture,32,True,False,0
Greedy vs Random,16,22260929,0,Greedy,Random,north,commander_capture,35,True,False,0
Greedy vs Random,16,22260929,1,Random,Greedy,south,commander_capture,50,True,False,0
Greedy vs Random,17,22260930,0,Greedy,Random,north,commander_capture,23,True,False,0
Greedy vs Random,17,22260930,1,Random,Greedy,south,commander_capture,20,True,False,0
Greedy vs Random,18,22260931,0,Greedy,Random,north,commander_capture,25,True,False,0
Greedy vs Random,18,22260931,1,Random,Greedy,south,commander_capture,38,True,False,0
Greedy vs Random,19,22260932,0,Greedy,Random,north,commander_capture,35,True,False,0
Greedy vs Random,19,22260932,1,Random,Greedy,south,commander_capture,18,True,False,0
Greedy vs Random,20,22260933,0,Greedy,Random,north,commander_capture,25,True,False,0
Greedy vs Random,20,22260933,1,Random,Greedy,south,commander_capture,68,True,False,0
Greedy vs Random,21,22260934,0,Greedy,Random,north,commander_capture,29,True,False,0
Greedy vs Random,21,22260934,1,Random,Greedy,south,commander_capture,68,True,False,0
Greedy vs Random,22,22260935,0,Greedy,Random,north,commander_capture,47,True,False,0
Greedy vs Random,22,22260935,1,Random,Greedy,south,commander_capture,44,True,False,0
Greedy vs Random,23,22260936,0,Greedy,Random,north,commander_capture,57,True,False,0
Greedy vs Random,23,22260936,1,Random,Greedy,south,commander_capture,44,True,False,0
Greedy vs Random,24,22260937,0,Greedy,Random,north,commander_capture,19,True,False,0
Greedy vs Random,24,22260937,1,Random,Greedy,south,commander_capture,24,True,False,0
Greedy vs Random,25,22260938,0,Greedy,Random,south,commander_capture,28,True,False,0
Greedy vs Random,25,22260938,1,Random,Greedy,south,commander_capture,68,True,False,0
Greedy vs Random,26,22260939,0,Greedy,Random,north,commander_capture,79,True,False,0
Greedy vs Random,26,22260939,1,Random,Greedy,south,commander_capture,64,True,False,0
Greedy vs Random,27,22260940,0,Greedy,Random,south,commander_capture,46,True,False,0
Greedy vs Random,27,22260940,1,Random,Greedy,south,commander_capture,38,True,False,0
Greedy vs Random,28,22260941,0,Greedy,Random,north,commander_capture,45,True,False,0
Greedy vs Random,28,22260941,1,Random,Greedy,south,commander_capture,28,True,False,0
Greedy vs Random,29,22260942,0,Greedy,Random,north,commander_capture,47,True,False,0
Greedy vs Random,29,22260942,1,Random,Greedy,south,commander_capture,18,True,False,0
Greedy vs Random,30,22260943,0,Greedy,Random,north,commander_capture,37,True,False,0
Greedy vs Random,30,22260943,1,Random,Greedy,south,commander_capture,34,True,False,0
Greedy vs Random,31,22260944,0,Greedy,Random,north,commander_capture,23,True,False,0
Greedy vs Random,31,22260944,1,Random,Greedy,south,commander_capture,22,True,False,0
Greedy vs Random,32,22260945,0,Greedy,Random,north,commander_capture,53,True,False,0
Greedy vs Random,32,22260945,1,Random,Greedy,south,commander_capture,58,True,False,0
Greedy vs Random,33,22260946,0,Greedy,Random,north,commander_capture,57,True,False,0
Greedy vs Random,33,22260946,1,Random,Greedy,south,commander_capture,18,True,False,0
Greedy vs Random,34,22260947,0,Greedy,Random,north,commander_capture,37,True,False,0
Greedy vs Random,34,22260947,1,Random,Greedy,south,commander_capture,66,True,False,0
Greedy vs Random,35,22260948,0,Greedy,Random,north,commander_capture,61,True,False,0
Greedy vs Random,35,22260948,1,Random,Greedy,south,commander_capture,40,True,False,0
Greedy vs Random,36,22260949,0,Greedy,Random,north,commander_capture,33,True,False,0
Greedy vs Random,36,22260949,1,Random,Greedy,south,commander_capture,30,True,False,0
Greedy vs Random,37,22260950,0,Greedy,Random,north,commander_capture,35,True,False,0
Greedy vs Random,37,22260950,1,Random,Greedy,south,commander_capture,30,True,False,0
Greedy vs Random,38,22260951,0,Greedy,Random,north,commander_capture,19,True,False,0
Greedy vs Random,38,22260951,1,Random,Greedy,south,commander_capture,26,True,False,0
Greedy vs Random,39,22260952,0,Greedy,Random,north,commander_capture,51,True,False,0
Greedy vs Random,39,22260952,1,Random,Greedy,south,commander_capture,44,True,False,0
Greedy vs Random,40,22260953,0,Greedy,Random,north,commander_capture,31,True,False,0
Greedy vs Random,40,22260953,1,Random,Greedy,south,commander_capture,12,True,False,0
Greedy vs Random,41,22260954,0,Greedy,Random,north,commander_capture,41,True,False,0
Greedy vs Random,41,22260954,1,Random,Greedy,south,commander_capture,28,True,False,0
Greedy vs Random,42,22260955,0,Greedy,Random,north,commander_capture,43,True,False,0
Greedy vs Random,42,22260955,1,Random,Greedy,south,commander_capture,36,True,False,0
Greedy vs Random,43,22260956,0,Greedy,Random,north,commander_capture,47,True,False,0
Greedy vs Random,43,22260956,1,Random,Greedy,south,commander_capture,38,True,False,0
Greedy vs Random,44,22260957,0,Greedy,Random,north,commander_capture,33,True,False,0
Greedy vs Random,44,22260957,1,Random,Greedy,south,commander_capture,30,True,False,0
Greedy vs Random,45,22260958,0,Greedy,Random,north,commander_capture,37,True,False,0
Greedy vs Random,45,22260958,1,Random,Greedy,south,commander_capture,18,True,False,0
Greedy vs Random,46,22260959,0,Greedy,Random,north,commander_capture,47,True,False,0
Greedy vs Random,46,22260959,1,Random,Greedy,south,commander_capture,42,True,False,0
Greedy vs Random,47,22260960,0,Greedy,Random,north,commander_capture,63,True,False,0
Greedy vs Random,47,22260960,1,Random,Greedy,south,commander_capture,18,True,False,0
Greedy vs Random,48,22260961,0,Greedy,Random,north,commander_capture,53,True,False,0
Greedy vs Random,48,22260961,1,Random,Greedy,south,commander_capture,16,True,False,0
Greedy vs Random,49,22260962,0,Greedy,Random,north,commander_capture,37,True,False,0
Greedy vs Random,49,22260962,1,Random,Greedy,south,commander_capture,10,True,False,0
Greedy vs Random,50,22260963,0,Greedy,Random,north,commander_capture,35,True,False,0
Greedy vs Random,50,22260963,1,Random,Greedy,south,commander_capture,22,True,False,0
Greedy vs Random,51,22260964,0,Greedy,Random,north,commander_capture,21,True,False,0
Greedy vs Random,51,22260964,1,Random,Greedy,south,commander_capture,26,True,False,0
Greedy vs Random,52,22260965,0,Greedy,Random,north,commander_capture,49,True,False,0
Greedy vs Random,52,22260965,1,Random,Greedy,south,commander_capture,32,True,False,0
Greedy vs Random,53,22260966,0,Greedy,Random,north,commander_capture,21,True,False,0
Greedy vs Random,53,22260966,1,Random,Greedy,south,commander_capture,42,True,False,0
Greedy vs Random,54,22260967,0,Greedy,Random,north,commander_capture,79,True,False,0
Greedy vs Random,54,22260967,1,Random,Greedy,south,commander_capture,64,True,False,0
Greedy vs Random,55,22260968,0,Greedy,Random,north,commander_capture,39,True,False,0
Greedy vs Random,55,22260968,1,Random,Greedy,south,commander_capture,52,True,False,0
Greedy vs Random,56,22260969,0,Greedy,Random,north,commander_capture,49,True,False,0
Greedy vs Random,56,22260969,1,Random,Greedy,south,commander_capture,62,True,False,0
Greedy vs Random,57,22260970,0,Greedy,Random,north,commander_capture,41,True,False,0
Greedy vs Random,57,22260970,1,Random,Greedy,south,commander_capture,40,True,False,0
Greedy vs Random,58,22260971,0,Greedy,Random,north,commander_capture,19,True,False,0
Greedy vs Random,58,22260971,1,Random,Greedy,south,commander_capture,60,True,False,0
Greedy vs Random,59,22260972,0,Greedy,Random,north,commander_capture,29,True,False,0
Greedy vs Random,59,22260972,1,Random,Greedy,south,commander_capture,38,True,False,0
Greedy vs Random,60,22260973,0,Greedy,Random,north,commander_capture,15,True,False,0
Greedy vs Random,60,22260973,1,Random,Greedy,south,commander_capture,38,True,False,0
Greedy vs Random,61,22260974,0,Greedy,Random,north,commander_capture,21,True,False,0
Greedy vs Random,61,22260974,1,Random,Greedy,south,commander_capture,28,True,False,0
Greedy vs Random,62,22260975,0,Greedy,Random,north,commander_capture,39,True,False,0
Greedy vs Random,62,22260975,1,Random,Greedy,south,commander_capture,36,True,False,0
Greedy vs Random,63,22260976,0,Greedy,Random,north,commander_capture,11,True,False,0
Greedy vs Random,63,22260976,1,Random,Greedy,south,commander_capture,28,True,False,0
Greedy vs Random,64,22260977,0,Greedy,Random,north,commander_capture,63,True,False,0
Greedy vs Random,64,22260977,1,Random,Greedy,south,commander_capture,28,True,False,0
Greedy vs Random,65,22260978,0,Greedy,Random,north,commander_capture,29,True,False,0
Greedy vs Random,65,22260978,1,Random,Greedy,south,commander_capture,18,True,False,0
Greedy vs Random,66,22260979,0,Greedy,Random,north,commander_capture,23,True,False,0
Greedy vs Random,66,22260979,1,Random,Greedy,south,commander_capture,42,True,False,0
Greedy vs Random,67,22260980,0,Greedy,Random,north,commander_capture,41,True,False,0
Greedy vs Random,67,22260980,1,Random,Greedy,south,commander_capture,14,True,False,0
Greedy vs Random,68,22260981,0,Greedy,Random,north,commander_capture,61,True,False,0
Greedy vs Random,68,22260981,1,Random,Greedy,south,commander_capture,44,True,False,0
Greedy vs Random,69,22260982,0,Greedy,Random,north,commander_capture,51,True,False,0
Greedy vs Random,69,22260982,1,Random,Greedy,south,commander_capture,42,True,False,0
Greedy vs Random,70,22260983,0,Greedy,Random,north,commander_capture,27,True,False,0
Greedy vs Random,70,22260983,1,Random,Greedy,south,commander_capture,34,True,False,0
Greedy vs Random,71,22260984,0,Greedy,Random,north,commander_capture,27,True,False,0
Greedy vs Random,71,22260984,1,Random,Greedy,south,commander_capture,40,True,False,0
Greedy vs Random,72,22260985,0,Greedy,Random,north,commander_capture,29,True,False,0
Greedy vs Random,72,22260985,1,Random,Greedy,south,commander_capture,68,True,False,0
Greedy vs Random,73,22260986,0,Greedy,Random,north,commander_capture,53,True,False,0
Greedy vs Random,73,22260986,1,Random,Greedy,south,commander_capture,22,True,False,0
Greedy vs Random,74,22260987,0,Greedy,Random,north,commander_capture,13,True,False,0
Greedy vs Random,74,22260987,1,Random,Greedy,south,commander_capture,16,True,False,0
Greedy vs Random,75,22260988,0,Greedy,Random,north,commander_capture,37,True,False,0
Greedy vs Random,75,22260988,1,Random,Greedy,south,commander_capture,8,True,False,0
Greedy vs Random,76,22260989,0,Greedy,Random,north,commander_capture,71,True,False,0
Greedy vs Random,76,22260989,1,Random,Greedy,south,commander_capture,42,True,False,0
Greedy vs Random,77,22260990,0,Greedy,Random,north,commander_capture,57,True,False,0
Greedy vs Random,77,22260990,1,Random,Greedy,south,commander_capture,62,True,False,0
Greedy vs Random,78,22260991,0,Greedy,Random,north,commander_capture,41,True,False,0
Greedy vs Random,78,22260991,1,Random,Greedy,south,commander_capture,50,True,False,0
Greedy vs Random,79,22260992,0,Greedy,Random,north,commander_capture,65,True,False,0
Greedy vs Random,79,22260992,1,Random,Greedy,south,commander_capture,16,True,False,0
Greedy vs Random,80,22260993,0,Greedy,Random,north,commander_capture,17,True,False,0
Greedy vs Random,80,22260993,1,Random,Greedy,south,commander_capture,68,True,False,0
Greedy vs Random,81,22260994,0,Greedy,Random,north,commander_capture,51,True,False,0
Greedy vs Random,81,22260994,1,Random,Greedy,south,commander_capture,32,True,False,0
Greedy vs Random,82,22260995,0,Greedy,Random,north,commander_capture,53,True,False,0
Greedy vs Random,82,22260995,1,Random,Greedy,south,commander_capture,28,True,False,0
Greedy vs Random,83,22260996,0,Greedy,Random,north,commander_capture,19,True,False,0
Greedy vs Random,83,22260996,1,Random,Greedy,south,commander_capture,46,True,False,0
Greedy vs Random,84,22260997,0,Greedy,Random,north,commander_capture,45,True,False,0
Greedy vs Random,84,22260997,1,Random,Greedy,south,commander_capture,12,True,False,0
Greedy vs Random,85,22260998,0,Greedy,Random,north,commander_capture,71,True,False,0
Greedy vs Random,85,22260998,1,Random,Greedy,south,commander_capture,24,True,False,0
Greedy vs Random,86,22260999,0,Greedy,Random,north,commander_capture,59,True,False,0
Greedy vs Random,86,22260999,1,Random,Greedy,south,commander_capture,28,True,False,0
Greedy vs Random,87,22261000,0,Greedy,Random,north,commander_capture,35,True,False,0
Greedy vs Random,87,22261000,1,Random,Greedy,south,commander_capture,30,True,False,0
Greedy vs Random,88,22261001,0,Greedy,Random,north,commander_capture,49,True,False,0
Greedy vs Random,88,22261001,1,Random,Greedy,south,commander_capture,42,True,False,0
Greedy vs Random,89,22261002,0,Greedy,Random,north,commander_capture,19,True,False,0
Greedy vs Random,89,22261002,1,Random,Greedy,south,commander_capture,40,True,False,0
Greedy vs Random,90,22261003,0,Greedy,Random,north,commander_capture,47,True,False,0
Greedy vs Random,90,22261003,1,Random,Greedy,south,commander_capture,36,True,False,0
Greedy vs Random,91,22261004,0,Greedy,Random,north,commander_capture,45,True,False,0
Greedy vs Random,91,22261004,1,Random,Greedy,south,commander_capture,30,True,False,0
Greedy vs Random,92,22261005,0,Greedy,Random,north,commander_capture,19,True,False,0
Greedy vs Random,92,22261005,1,Random,Greedy,south,commander_capture,42,True,False,0
Greedy vs Random,93,22261006,0,Greedy,Random,north,commander_capture,21,True,False,0
Greedy vs Random,93,22261006,1,Random,Greedy,south,commander_capture,42,True,False,0
Greedy vs Random,94,22261007,0,Greedy,Random,north,commander_capture,47,True,False,0
Greedy vs Random,94,22261007,1,Random,Greedy,south,commander_capture,60,True,False,0
Greedy vs Random,95,22261008,0,Greedy,Random,north,commander_capture,29,True,False,0
Greedy vs Random,95,22261008,1,Random,Greedy,south,commander_capture,22,True,False,0
Greedy vs Random,96,22261009,0,Greedy,Random,north,commander_capture,33,True,False,0
Greedy vs Random,96,22261009,1,Random,Greedy,south,commander_capture,12,True,False,0
Greedy vs Random,97,22261010,0,Greedy,Random,north,commander_capture,25,True,False,0
Greedy vs Random,97,22261010,1,Random,Greedy,south,commander_capture,32,True,False,0
Greedy vs Random,98,22261011,0,Greedy,Random,north,commander_capture,25,True,False,0
Greedy vs Random,98,22261011,1,Random,Greedy,south,commander_capture,34,True,False,0
Greedy vs Random,99,22261012,0,Greedy,Random,north,commander_capture,29,True,False,0
Greedy vs Random,99,22261012,1,Random,Greedy,south,commander_capture,42,True,False,0
Greedy vs Random,100,22261013,0,Greedy,Random,north,commander_capture,43,True,False,0
Greedy vs Random,100,22261013,1,Random,Greedy,south,commander_capture,20,True,False,0
Greedy vs Random,101,22261014,0,Greedy,Random,north,commander_capture,31,True,False,0
Greedy vs Random,101,22261014,1,Random,Greedy,south,commander_capture,26,True,False,0
Greedy vs Random,102,22261015,0,Greedy,Random,north,commander_capture,23,True,False,0
Greedy vs Random,102,22261015,1,Random,Greedy,south,commander_capture,24,True,False,0
Greedy vs Random,103,22261016,0,Greedy,Random,north,commander_capture,27,True,False,0
Greedy vs Random,103,22261016,1,Random,Greedy,south,commander_capture,26,True,False,0
Greedy vs Random,104,22261017,0,Greedy,Random,north,commander_capture,23,True,False,0
Greedy vs Random,104,22261017,1,Random,Greedy,south,commander_capture,38,True,False,0
Greedy vs Random,105,22261018,0,Greedy,Random,north,commander_capture,43,True,False,0
Greedy vs Random,105,22261018,1,Random,Greedy,south,commander_capture,50,True,False,0
Greedy vs Random,106,22261019,0,Greedy,Random,north,commander_capture,37,True,False,0
Greedy vs Random,106,22261019,1,Random,Greedy,south,commander_capture,88,True,False,0
Greedy vs Random,107,22261020,0,Greedy,Random,north,commander_capture,33,True,False,0
Greedy vs Random,107,22261020,1,Random,Greedy,south,commander_capture,36,True,False,0
Greedy vs Random,108,22261021,0,Greedy,Random,north,commander_capture,75,True,False,0
Greedy vs Random,108,22261021,1,Random,Greedy,south,commander_capture,40,True,False,0
Greedy vs Random,109,22261022,0,Greedy,Random,north,commander_capture,35,True,False,0
Greedy vs Random,109,22261022,1,Random,Greedy,south,commander_capture,58,True,False,0
Greedy vs Random,110,22261023,0,Greedy,Random,north,commander_capture,19,True,False,0
Greedy vs Random,110,22261023,1,Random,Greedy,north,commander_capture,67,True,False,0
Greedy vs Random,111,22261024,0,Greedy,Random,north,commander_capture,65,True,False,0
Greedy vs Random,111,22261024,1,Random,Greedy,south,commander_capture,28,True,False,0
Greedy vs Random,112,22261025,0,Greedy,Random,north,commander_capture,21,True,False,0
Greedy vs Random,112,22261025,1,Random,Greedy,south,commander_capture,44,True,False,0
Greedy vs Random,113,22261026,0,Greedy,Random,north,commander_capture,31,True,False,0
Greedy vs Random,113,22261026,1,Random,Greedy,south,commander_capture,48,True,False,0
Greedy vs Random,114,22261027,0,Greedy,Random,north,commander_capture,19,True,False,0
Greedy vs Random,114,22261027,1,Random,Greedy,south,commander_capture,20,True,False,0
Greedy vs Random,115,22261028,0,Greedy,Random,north,commander_capture,33,True,False,0
Greedy vs Random,115,22261028,1,Random,Greedy,south,commander_capture,22,True,False,0
Greedy vs Random,116,22261029,0,Greedy,Random,north,commander_capture,51,True,False,0
Greedy vs Random,116,22261029,1,Random,Greedy,south,commander_capture,62,True,False,0
Greedy vs Random,117,22261030,0,Greedy,Random,north,commander_capture,21,True,False,0
Greedy vs Random,117,22261030,1,Random,Greedy,south,commander_capture,26,True,False,0
Greedy vs Random,118,22261031,0,Greedy,Random,north,commander_capture,27,True,False,0
Greedy vs Random,118,22261031,1,Random,Greedy,south,commander_capture,28,True,False,0
Greedy vs Random,119,22261032,0,Greedy,Random,north,commander_capture,17,True,False,0
Greedy vs Random,119,22261032,1,Random,Greedy,south,commander_capture,26,True,False,0
Greedy vs Random,120,22261033,0,Greedy,Random,north,commander_capture,45,True,False,0
Greedy vs Random,120,22261033,1,Random,Greedy,south,commander_capture,50,True,False,0
Greedy vs Random,121,22261034,0,Greedy,Random,north,commander_capture,27,True,False,0
Greedy vs Random,121,22261034,1,Random,Greedy,south,commander_capture,34,True,False,0
Greedy vs Random,122,22261035,0,Greedy,Random,north,commander_capture,29,True,False,0
Greedy vs Random,122,22261035,1,Random,Greedy,south,commander_capture,18,True,False,0
Greedy vs Random,123,22261036,0,Greedy,Random,north,commander_capture,35,True,False,0
Greedy vs Random,123,22261036,1,Random,Greedy,south,commander_capture,38,True,False,0
Greedy vs Random,124,22261037,0,Greedy,Random,north,commander_capture,37,True,False,0
Greedy vs Random,124,22261037,1,Random,Greedy,south,commander_capture,22,True,False,0
Greedy vs Random,125,22261038,0,Greedy,Random,north,commander_capture,21,True,False,0
Greedy vs Random,125,22261038,1,Random,Greedy,south,commander_capture,40,True,False,0
Greedy vs Random,126,22261039,0,Greedy,Random,north,commander_capture,51,True,False,0
Greedy vs Random,126,22261039,1,Random,Greedy,south,commander_capture,18,True,False,0
Greedy vs Random,127,22261040,0,Greedy,Random,north,commander_capture,43,True,False,0
Greedy vs Random,127,22261040,1,Random,Greedy,south,commander_capture,20,True,False,0
Greedy vs Random,128,22261041,0,Greedy,Random,north,commander_capture,13,True,False,0
Greedy vs Random,128,22261041,1,Random,Greedy,south,commander_capture,14,True,False,0
Greedy vs Random,129,22261042,0,Greedy,Random,north,commander_capture,17,True,False,0
Greedy vs Random,129,22261042,1,Random,Greedy,south,commander_capture,52,True,False,0
Greedy vs Random,130,22261043,0,Greedy,Random,north,commander_capture,55,True,False,0
Greedy vs Random,130,22261043,1,Random,Greedy,south,commander_capture,88,True,False,0
Greedy vs Random,131,22261044,0,Greedy,Random,north,commander_capture,53,True,False,0
Greedy vs Random,131,22261044,1,Random,Greedy,south,commander_capture,54,True,False,0
Greedy vs Random,132,22261045,0,Greedy,Random,north,commander_capture,23,True,False,0
Greedy vs Random,132,22261045,1,Random,Greedy,south,commander_capture,78,True,False,0
Greedy vs Random,133,22261046,0,Greedy,Random,north,commander_capture,43,True,False,0
Greedy vs Random,133,22261046,1,Random,Greedy,south,commander_capture,52,True,False,0
Greedy vs Random,134,22261047,0,Greedy,Random,north,commander_capture,13,True,False,0
Greedy vs Random,134,22261047,1,Random,Greedy,south,commander_capture,80,True,False,0
Greedy vs Random,135,22261048,0,Greedy,Random,north,commander_capture,51,True,False,0
Greedy vs Random,135,22261048,1,Random,Greedy,south,commander_capture,16,True,False,0
Greedy vs Random,136,22261049,0,Greedy,Random,north,commander_capture,31,True,False,0
Greedy vs Random,136,22261049,1,Random,Greedy,south,commander_capture,36,True,False,0
Greedy vs Random,137,22261050,0,Greedy,Random,north,commander_capture,45,True,False,0
Greedy vs Random,137,22261050,1,Random,Greedy,south,commander_capture,44,True,False,0
Greedy vs Random,138,22261051,0,Greedy,Random,north,commander_capture,13,True,False,0
Greedy vs Random,138,22261051,1,Random,Greedy,south,commander_capture,42,True,False,0
Greedy vs Random,139,22261052,0,Greedy,Random,north,commander_capture,27,True,False,0
Greedy vs Random,139,22261052,1,Random,Greedy,south,commander_capture,16,True,False,0
Greedy vs Random,140,22261053,0,Greedy,Random,north,commander_capture,13,True,False,0
Greedy vs Random,140,22261053,1,Random,Greedy,south,commander_capture,34,True,False,0
Greedy vs Random,141,22261054,0,Greedy,Random,north,commander_capture,29,True,False,0
Greedy vs Random,141,22261054,1,Random,Greedy,south,commander_capture,52,True,False,0
Greedy vs Random,142,22261055,0,Greedy,Random,north,commander_capture,41,True,False,0
Greedy vs Random,142,22261055,1,Random,Greedy,south,commander_capture,50,True,False,0
Greedy vs Random,143,22261056,0,Greedy,Random,north,commander_capture,59,True,False,0
Greedy vs Random,143,22261056,1,Random,Greedy,south,commander_capture,40,True,False,0
Greedy vs Random,144,22261057,0,Greedy,Random,north,commander_capture,35,True,False,0
Greedy vs Random,144,22261057,1,Random,Greedy,south,commander_capture,54,True,False,0
Greedy vs Random,145,22261058,0,Greedy,Random,north,commander_capture,29,True,False,0
Greedy vs Random,145,22261058,1,Random,Greedy,south,commander_capture,44,True,False,0
Greedy vs Random,146,22261059,0,Greedy,Random,north,commander_capture,41,True,False,0
Greedy vs Random,146,22261059,1,Random,Greedy,south,commander_capture,36,True,False,0
Greedy vs Random,147,22261060,0,Greedy,Random,north,commander_capture,53,True,False,0
Greedy vs Random,147,22261060,1,Random,Greedy,south,commander_capture,26,True,False,0
Greedy vs Random,148,22261061,0,Greedy,Random,north,commander_capture,39,True,False,0
Greedy vs Random,148,22261061,1,Random,Greedy,south,commander_capture,24,True,False,0
Greedy vs Random,149,22261062,0,Greedy,Random,north,commander_capture,29,True,False,0
Greedy vs Random,149,22261062,1,Random,Greedy,south,commander_capture,24,True,False,0
Greedy vs Random,150,22261063,0,Greedy,Random,north,commander_capture,49,True,False,0
Greedy vs Random,150,22261063,1,Random,Greedy,south,commander_capture,62,True,False,0
Greedy vs Random,151,22261064,0,Greedy,Random,north,commander_capture,47,True,False,0
Greedy vs Random,151,22261064,1,Random,Greedy,south,commander_capture,42,True,False,0
Greedy vs Random,152,22261065,0,Greedy,Random,north,commander_capture,51,True,False,0
Greedy vs Random,152,22261065,1,Random,Greedy,south,commander_capture,22,True,False,0
Greedy vs Random,153,22261066,0,Greedy,Random,north,commander_capture,37,True,False,0
Greedy vs Random,153,22261066,1,Random,Greedy,south,lone_commander,70,True,False,0
Greedy vs Random,154,22261067,0,Greedy,Random,north,commander_capture,15,True,False,0
Greedy vs Random,154,22261067,1,Random,Greedy,south,commander_capture,38,True,False,0
Greedy vs Random,155,22261068,0,Greedy,Random,north,commander_capture,33,True,False,0
Greedy vs Random,155,22261068,1,Random,Greedy,south,commander_capture,62,True,False,0
Greedy vs Random,156,22261069,0,Greedy,Random,north,commander_capture,63,True,False,0
Greedy vs Random,156,22261069,1,Random,Greedy,south,commander_capture,14,True,False,0
Greedy vs Random,157,22261070,0,Greedy,Random,north,commander_capture,55,True,False,0
Greedy vs Random,157,22261070,1,Random,Greedy,north,commander_capture,69,True,False,0
Greedy vs Random,158,22261071,0,Greedy,Random,north,commander_capture,37,True,False,0
Greedy vs Random,158,22261071,1,Random,Greedy,south,commander_capture,34,True,False,0
Greedy vs Random,159,22261072,0,Greedy,Random,north,commander_capture,15,True,False,0
Greedy vs Random,159,22261072,1,Random,Greedy,south,commander_capture,32,True,False,0
Greedy vs Random,160,22261073,0,Greedy,Random,north,commander_capture,31,True,False,0
Greedy vs Random,160,22261073,1,Random,Greedy,south,commander_capture,22,True,False,0
Greedy vs Random,161,22261074,0,Greedy,Random,north,commander_capture,23,True,False,0
Greedy vs Random,161,22261074,1,Random,Greedy,south,commander_capture,28,True,False,0
Greedy vs Random,162,22261075,0,Greedy,Random,north,commander_capture,27,True,False,0
Greedy vs Random,162,22261075,1,Random,Greedy,south,commander_capture,34,True,False,0
Greedy vs Random,163,22261076,0,Greedy,Random,north,commander_capture,33,True,False,0
Greedy vs Random,163,22261076,1,Random,Greedy,south,king_move_forfeit,83,True,False,0
Greedy vs Random,164,22261077,0,Greedy,Random,north,commander_capture,27,True,False,0
Greedy vs Random,164,22261077,1,Random,Greedy,south,commander_capture,42,True,False,0
Greedy vs Random,165,22261078,0,Greedy,Random,north,commander_capture,51,True,False,0
Greedy vs Random,165,22261078,1,Random,Greedy,south,commander_capture,68,True,False,0
Greedy vs Random,166,22261079,0,Greedy,Random,north,commander_capture,33,True,False,0
Greedy vs Random,166,22261079,1,Random,Greedy,south,commander_capture,22,True,False,0
Greedy vs Random,167,22261080,0,Greedy,Random,north,commander_capture,19,True,False,0
Greedy vs Random,167,22261080,1,Random,Greedy,south,commander_capture,50,True,False,0
Greedy vs Random,168,22261081,0,Greedy,Random,north,commander_capture,31,True,False,0
Greedy vs Random,168,22261081,1,Random,Greedy,south,commander_capture,36,True,False,0
Greedy vs Random,169,22261082,0,Greedy,Random,north,commander_capture,33,True,False,0
Greedy vs Random,169,22261082,1,Random,Greedy,south,commander_capture,38,True,False,0
Greedy vs Random,170,22261083,0,Greedy,Random,north,commander_capture,73,True,False,0
Greedy vs Random,170,22261083,1,Random,Greedy,south,commander_capture,70,True,False,0
Greedy vs Random,171,22261084,0,Greedy,Random,north,commander_capture,45,True,False,0
Greedy vs Random,171,22261084,1,Random,Greedy,south,commander_capture,60,True,False,0
Greedy vs Random,172,22261085,0,Greedy,Random,north,commander_capture,55,True,False,0
Greedy vs Random,172,22261085,1,Random,Greedy,south,commander_capture,20,True,False,0
Greedy vs Random,173,22261086,0,Greedy,Random,north,commander_capture,73,True,False,0
Greedy vs Random,173,22261086,1,Random,Greedy,south,commander_capture,38,True,False,0
Greedy vs Random,174,22261087,0,Greedy,Random,south,commander_capture,48,True,False,0
Greedy vs Random,174,22261087,1,Random,Greedy,south,commander_capture,54,True,False,0
Greedy vs Random,175,22261088,0,Greedy,Random,north,commander_capture,51,True,False,0
Greedy vs Random,175,22261088,1,Random,Greedy,south,commander_capture,34,True,False,0
Greedy vs Random,176,22261089,0,Greedy,Random,north,commander_capture,21,True,False,0
Greedy vs Random,176,22261089,1,Random,Greedy,south,commander_capture,22,True,False,0
Greedy vs Random,177,22261090,0,Greedy,Random,north,commander_capture,13,True,False,0
Greedy vs Random,177,22261090,1,Random,Greedy,south,commander_capture,22,True,False,0
Greedy vs Random,178,22261091,0,Greedy,Random,north,commander_capture,43,True,False,0
Greedy vs Random,178,22261091,1,Random,Greedy,south,commander_capture,48,True,False,0
Greedy vs Random,179,22261092,0,Greedy,Random,north,commander_capture,39,True,False,0
Greedy vs Random,179,22261092,1,Random,Greedy,south,commander_capture,32,True,False,0
Greedy vs Random,180,22261093,0,Greedy,Random,north,commander_capture,93,True,False,0
Greedy vs Random,180,22261093,1,Random,Greedy,south,commander_capture,36,True,False,0
Greedy vs Random,181,22261094,0,Greedy,Random,north,commander_capture,55,True,False,0
Greedy vs Random,181,22261094,1,Random,Greedy,south,commander_capture,22,True,False,0
Greedy vs Random,182,22261095,0,Greedy,Random,north,commander_capture,23,True,False,0
Greedy vs Random,182,22261095,1,Random,Greedy,south,commander_capture,32,True,False,0
Greedy vs Random,183,22261096,0,Greedy,Random,north,commander_capture,27,True,False,0
Greedy vs Random,183,22261096,1,Random,Greedy,south,commander_capture,22,True,False,0
Greedy vs Random,184,22261097,0,Greedy,Random,north,commander_capture,35,True,False,0
Greedy vs Random,184,22261097,1,Random,Greedy,south,commander_capture,16,True,False,0
Greedy vs Random,185,22261098,0,Greedy,Random,north,commander_capture,29,True,False,0
Greedy vs Random,185,22261098,1,Random,Greedy,south,commander_capture,20,True,False,0
Greedy vs Random,186,22261099,0,Greedy,Random,north,commander_capture,31,True,False,0
Greedy vs Random,186,22261099,1,Random,Greedy,south,commander_capture,24,True,False,0
Greedy vs Random,187,22261100,0,Greedy,Random,north,commander_capture,29,True,False,0
Greedy vs Random,187,22261100,1,Random,Greedy,south,commander_capture,54,True,False,0
Greedy vs Random,188,22261101,0,Greedy,Random,north,commander_capture,27,True,False,0
Greedy vs Random,188,22261101,1,Random,Greedy,south,commander_capture,70,True,False,0
Greedy vs Random,189,22261102,0,Greedy,Random,north,commander_capture,41,True,False,0
Greedy vs Random,189,22261102,1,Random,Greedy,south,commander_capture,26,True,False,0
Greedy vs Random,190,22261103,0,Greedy,Random,north,commander_capture,19,True,False,0
Greedy vs Random,190,22261103,1,Random,Greedy,south,commander_capture,36,True,False,0
Greedy vs Random,191,22261104,0,Greedy,Random,north,commander_capture,49,True,False,0
Greedy vs Random,191,22261104,1,Random,Greedy,south,commander_capture,30,True,False,0
Greedy vs Random,192,22261105,0,Greedy,Random,north,commander_capture,41,True,False,0
Greedy vs Random,192,22261105,1,Random,Greedy,south,commander_capture,28,True,False,0
Greedy vs Random,193,22261106,0,Greedy,Random,north,commander_capture,57,True,False,0
Greedy vs Random,193,22261106,1,Random,Greedy,south,commander_capture,20,True,False,0
Greedy vs Random,194,22261107,0,Greedy,Random,north,commander_capture,19,True,False,0
Greedy vs Random,194,22261107,1,Random,Greedy,south,commander_capture,48,True,False,0
Greedy vs Random,195,22261108,0,Greedy,Random,north,commander_capture,33,True,False,0
Greedy vs Random,195,22261108,1,Random,Greedy,south,commander_capture,60,True,False,0
Greedy vs Random,196,22261109,0,Greedy,Random,north,commander_capture,43,True,False,0
Greedy vs Random,196,22261109,1,Random,Greedy,south,commander_capture,34,True,False,0
Greedy vs Random,197,22261110,0,Greedy,Random,north,commander_capture,11,True,False,0
Greedy vs Random,197,22261110,1,Random,Greedy,south,commander_capture,60,True,False,0
Greedy vs Random,198,22261111,0,Greedy,Random,north,commander_capture,15,True,False,0
Greedy vs Random,198,22261111,1,Random,Greedy,south,commander_capture,32,True,False,0
Greedy vs Random,199,22261112,0,Greedy,Random,north,commander_capture,113,True,False,0
Greedy vs Random,199,22261112,1,Random,Greedy,south,commander_capture,52,True,False,0
Greedy vs Random,200,22261113,0,Greedy,Random,north,commander_capture,23,True,False,0
Greedy vs Random,200,22261113,1,Random,Greedy,south,commander_capture,28,True,False,0
Greedy vs Random,201,22261114,0,Greedy,Random,north,commander_capture,19,True,False,0
Greedy vs Random,201,22261114,1,Random,Greedy,south,commander_capture,40,True,False,0
Greedy vs Random,202,22261115,0,Greedy,Random,north,commander_capture,53,True,False,0
Greedy vs Random,202,22261115,1,Random,Greedy,south,commander_capture,20,True,False,0
Greedy vs Random,203,22261116,0,Greedy,Random,north,commander_capture,37,True,False,0
Greedy vs Random,203,22261116,1,Random,Greedy,south,commander_capture,32,True,False,0
Greedy vs Random,204,22261117,0,Greedy,Random,north,commander_capture,27,True,False,0
Greedy vs Random,204,22261117,1,Random,Greedy,south,commander_capture,22,True,False,0
Greedy vs Random,205,22261118,0,Greedy,Random,north,commander_capture,79,True,False,0
Greedy vs Random,205,22261118,1,Random,Greedy,south,commander_capture,28,True,False,0
Greedy vs Random,206,22261119,0,Greedy,Random,north,commander_capture,17,True,False,0
Greedy vs Random,206,22261119,1,Random,Greedy,south,commander_capture,38,True,False,0
Greedy vs Random,207,22261120,0,Greedy,Random,north,commander_capture,35,True,False,0
Greedy vs Random,207,22261120,1,Random,Greedy,south,commander_capture,36,True,False,0
Greedy vs Random,208,22261121,0,Greedy,Random,north,commander_capture,27,True,False,0
Greedy vs Random,208,22261121,1,Random,Greedy,south,commander_capture,68,True,False,0
Greedy vs Random,209,22261122,0,Greedy,Random,north,commander_capture,35,True,False,0
Greedy vs Random,209,22261122,1,Random,Greedy,south,commander_capture,30,True,False,0
Greedy vs Random,210,22261123,0,Greedy,Random,north,commander_capture,17,True,False,0
Greedy vs Random,210,22261123,1,Random,Greedy,south,commander_capture,60,True,False,0
Greedy vs Random,211,22261124,0,Greedy,Random,north,commander_capture,59,True,False,0
Greedy vs Random,211,22261124,1,Random,Greedy,south,commander_capture,16,True,False,0
Greedy vs Random,212,22261125,0,Greedy,Random,north,commander_capture,35,True,False,0
Greedy vs Random,212,22261125,1,Random,Greedy,south,commander_capture,54,True,False,0
Greedy vs Random,213,22261126,0,Greedy,Random,north,commander_capture,27,True,False,0
Greedy vs Random,213,22261126,1,Random,Greedy,south,commander_capture,46,True,False,0
Greedy vs Random,214,22261127,0,Greedy,Random,north,commander_capture,55,True,False,0
Greedy vs Random,214,22261127,1,Random,Greedy,south,commander_capture,20,True,False,0
Greedy vs Random,215,22261128,0,Greedy,Random,north,commander_capture,65,True,False,0
Greedy vs Random,215,22261128,1,Random,Greedy,south,commander_capture,30,True,False,0
Greedy vs Random,216,22261129,0,Greedy,Random,north,commander_capture,47,True,False,0
Greedy vs Random,216,22261129,1,Random,Greedy,south,commander_capture,12,True,False,0
Greedy vs Random,217,22261130,0,Greedy,Random,north,commander_capture,37,True,False,0
Greedy vs Random,217,22261130,1,Random,Greedy,south,commander_capture,60,True,False,0
Greedy vs Random,218,22261131,0,Greedy,Random,north,commander_capture,25,True,False,0
Greedy vs Random,218,22261131,1,Random,Greedy,south,commander_capture,26,True,False,0
Greedy vs Random,219,22261132,0,Greedy,Random,north,commander_capture,15,True,False,0
Greedy vs Random,219,22261132,1,Random,Greedy,south,commander_capture,26,True,False,0
Greedy vs Random,220,22261133,0,Greedy,Random,north,commander_capture,23,True,False,0
Greedy vs Random,220,22261133,1,Random,Greedy,south,commander_capture,46,True,False,0
Greedy vs Random,221,22261134,0,Greedy,Random,north,commander_capture,17,True,False,0
Greedy vs Random,221,22261134,1,Random,Greedy,south,commander_capture,42,True,False,0
Greedy vs Random,222,22261135,0,Greedy,Random,north,commander_capture,33,True,False,0
Greedy vs Random,222,22261135,1,Random,Greedy,south,commander_capture,28,True,False,0
Greedy vs Random,223,22261136,0,Greedy,Random,north,commander_capture,77,True,False,0
Greedy vs Random,223,22261136,1,Random,Greedy,south,commander_capture,18,True,False,0
Greedy vs Random,224,22261137,0,Greedy,Random,north,commander_capture,49,True,False,0
Greedy vs Random,224,22261137,1,Random,Greedy,south,commander_capture,26,True,False,0
Greedy vs Random,225,22261138,0,Greedy,Random,north,commander_capture,45,True,False,0
Greedy vs Random,225,22261138,1,Random,Greedy,south,commander_capture,36,True,False,0
Greedy vs Random,226,22261139,0,Greedy,Random,north,commander_capture,19,True,False,0
Greedy vs Random,226,22261139,1,Random,Greedy,south,commander_capture,32,True,False,0
Greedy vs Random,227,22261140,0,Greedy,Random,north,commander_capture,37,True,False,0
Greedy vs Random,227,22261140,1,Random,Greedy,south,commander_capture,38,True,False,0
Greedy vs Random,228,22261141,0,Greedy,Random,north,commander_capture,21,True,False,0
Greedy vs Random,228,22261141,1,Random,Greedy,south,commander_capture,54,True,False,0
Greedy vs Random,229,22261142,0,Greedy,Random,north,commander_capture,29,True,False,0
Greedy vs Random,229,22261142,1,Random,Greedy,south,commander_capture,52,True,False,0
Greedy vs Random,230,22261143,0,Greedy,Random,north,commander_capture,15,True,False,0
Greedy vs Random,230,22261143,1,Random,Greedy,south,commander_capture,22,True,False,0
Greedy vs Random,231,22261144,0,Greedy,Random,north,commander_capture,49,True,False,0
Greedy vs Random,231,22261144,1,Random,Greedy,south,commander_capture,40,True,False,0
Greedy vs Random,232,22261145,0,Greedy,Random,north,commander_capture,49,True,False,0
Greedy vs Random,232,22261145,1,Random,Greedy,south,commander_capture,32,True,False,0
Greedy vs Random,233,22261146,0,Greedy,Random,north,commander_capture,37,True,False,0
Greedy vs Random,233,22261146,1,Random,Greedy,south,commander_capture,28,True,False,0
Greedy vs Random,234,22261147,0,Greedy,Random,north,commander_capture,27,True,False,0
Greedy vs Random,234,22261147,1,Random,Greedy,south,commander_capture,20,True,False,0
Greedy vs Random,235,22261148,0,Greedy,Random,north,commander_capture,45,True,False,0
Greedy vs Random,235,22261148,1,Random,Greedy,south,commander_capture,26,True,False,0
Greedy vs Random,236,22261149,0,Greedy,Random,north,commander_capture,27,True,False,0
Greedy vs Random,236,22261149,1,Random,Greedy,south,commander_capture,34,True,False,0
Greedy vs Random,237,22261150,0,Greedy,Random,north,commander_capture,31,True,False,0
Greedy vs Random,237,22261150,1,Random,Greedy,south,commander_capture,20,True,False,0
Greedy vs Random,238,22261151,0,Greedy,Random,north,commander_capture,31,True,False,0
Greedy vs Random,238,22261151,1,Random,Greedy,south,commander_capture,20,True,False,0
Greedy vs Random,239,22261152,0,Greedy,Random,north,commander_capture,19,True,False,0
Greedy vs Random,239,22261152,1,Random,Greedy,south,commander_capture,34,True,False,0
Greedy vs Random,240,22261153,0,Greedy,Random,north,commander_capture,33,True,False,0
Greedy vs Random,240,22261153,1,Random,Greedy,south,commander_capture,42,True,False,0
Greedy vs Random,241,22261154,0,Greedy,Random,north,commander_capture,21,True,False,0
Greedy vs Random,241,22261154,1,Random,Greedy,south,commander_capture,64,True,False,0
Greedy vs Random,242,22261155,0,Greedy,Random,north,commander_capture,35,True,False,0
Greedy vs Random,242,22261155,1,Random,Greedy,south,commander_capture,74,True,False,0
Greedy vs Random,243,22261156,0,Greedy,Random,north,commander_capture,59,True,False,0
Greedy vs Random,243,22261156,1,Random,Greedy,south,commander_capture,60,True,False,0
Greedy vs Random,244,22261157,0,Greedy,Random,north,commander_capture,21,True,False,0
Greedy vs Random,244,22261157,1,Random,Greedy,south,commander_capture,36,True,False,0
Greedy vs Random,245,22261158,0,Greedy,Random,north,commander_capture,31,True,False,0
Greedy vs Random,245,22261158,1,Random,Greedy,south,commander_capture,32,True,False,0
Greedy vs Random,246,22261159,0,Greedy,Random,north,commander_capture,17,True,False,0
Greedy vs Random,246,22261159,1,Random,Greedy,south,commander_capture,30,True,False,0
Greedy vs Random,247,22261160,0,Greedy,Random,north,commander_capture,19,True,False,0
Greedy vs Random,247,22261160,1,Random,Greedy,south,commander_capture,32,True,False,0
Greedy vs Random,248,22261161,0,Greedy,Random,north,commander_capture,27,True,False,0
Greedy vs Random,248,22261161,1,Random,Greedy,south,commander_capture,22,True,False,0
Greedy vs Random,249,22261162,0,Greedy,Random,south,commander_capture,46,True,False,0
Greedy vs Random,249,22261162,1,Random,Greedy,south,commander_capture,18,True,False,0
Greedy vs Random,250,22261163,0,Greedy,Random,north,commander_capture,21,True,False,0
Greedy vs Random,250,22261163,1,Random,Greedy,south,commander_capture,24,True,False,0
Greedy vs Random,251,22261164,0,Greedy,Random,north,commander_capture,37,True,False,0
Greedy vs Random,251,22261164,1,Random,Greedy,south,commander_capture,28,True,False,0
Greedy vs Random,252,22261165,0,Greedy,Random,north,commander_capture,35,True,False,0
Greedy vs Random,252,22261165,1,Random,Greedy,south,commander_capture,42,True,False,0
Greedy vs Random,253,22261166,0,Greedy,Random,north,commander_capture,53,True,False,0
Greedy vs Random,253,22261166,1,Random,Greedy,south,commander_capture,22,True,False,0
Greedy vs Random,254,22261167,0,Greedy,Random,north,commander_capture,59,True,False,0
Greedy vs Random,254,22261167,1,Random,Greedy,south,commander_capture,24,True,False,0
Greedy vs Random,255,22261168,0,Greedy,Random,north,commander_capture,19,True,False,0
Greedy vs Random,255,22261168,1,Random,Greedy,south,commander_capture,24,True,False,0
Greedy vs Random,256,22261169,0,Greedy,Random,north,commander_capture,51,True,False,0
Greedy vs Random,256,22261169,1,Random,Greedy,south,commander_capture,36,True,False,0
Greedy vs Random,257,22261170,0,Greedy,Random,north,commander_capture,35,True,False,0
Greedy vs Random,257,22261170,1,Random,Greedy,south,commander_capture,30,True,False,0
Greedy vs Random,258,22261171,0,Greedy,Random,north,commander_capture,45,True,False,0
Greedy vs Random,258,22261171,1,Random,Greedy,south,commander_capture,52,True,False,0
Greedy vs Random,259,22261172,0,Greedy,Random,north,commander_capture,61,True,False,0
Greedy vs Random,259,22261172,1,Random,Greedy,south,commander_capture,68,True,False,0
Greedy vs Random,260,22261173,0,Greedy,Random,north,commander_capture,27,True,False,0
Greedy vs Random,260,22261173,1,Random,Greedy,south,commander_capture,24,True,False,0
Greedy vs Random,261,22261174,0,Greedy,Random,north,commander_capture,33,True,False,0
Greedy vs Random,261,22261174,1,Random,Greedy,south,commander_capture,30,True,False,0
Greedy vs Random,262,22261175,0,Greedy,Random,north,commander_capture,25,True,False,0
Greedy vs Random,262,22261175,1,Random,Greedy,south,commander_capture,26,True,False,0
Greedy vs Random,263,22261176,0,Greedy,Random,north,commander_capture,39,True,False,0
Greedy vs Random,263,22261176,1,Random,Greedy,south,commander_capture,88,True,False,0
Greedy vs Random,264,22261177,0,Greedy,Random,north,commander_capture,53,True,False,0
Greedy vs Random,264,22261177,1,Random,Greedy,south,commander_capture,40,True,False,0
Greedy vs Random,265,22261178,0,Greedy,Random,north,commander_capture,17,True,False,0
Greedy vs Random,265,22261178,1,Random,Greedy,south,commander_capture,48,True,False,0
Greedy vs Random,266,22261179,0,Greedy,Random,north,commander_capture,27,True,False,0
Greedy vs Random,266,22261179,1,Random,Greedy,south,commander_capture,20,True,False,0
Greedy vs Random,267,22261180,0,Greedy,Random,north,commander_capture,25,True,False,0
Greedy vs Random,267,22261180,1,Random,Greedy,south,commander_capture,44,True,False,0
Greedy vs Random,268,22261181,0,Greedy,Random,north,commander_capture,55,True,False,0
Greedy vs Random,268,22261181,1,Random,Greedy,south,commander_capture,28,True,False,0
Greedy vs Random,269,22261182,0,Greedy,Random,north,commander_capture,27,True,False,0
Greedy vs Random,269,22261182,1,Random,Greedy,south,commander_capture,32,True,False,0
Greedy vs Random,270,22261183,0,Greedy,Random,north,commander_capture,21,True,False,0
Greedy vs Random,270,22261183,1,Random,Greedy,south,commander_capture,22,True,False,0
Greedy vs Random,271,22261184,0,Greedy,Random,south,commander_capture,68,True,False,0
Greedy vs Random,271,22261184,1,Random,Greedy,south,commander_capture,16,True,False,0
Greedy vs Random,272,22261185,0,Greedy,Random,north,commander_capture,37,True,False,0
Greedy vs Random,272,22261185,1,Random,Greedy,south,commander_capture,20,True,False,0
Greedy vs Random,273,22261186,0,Greedy,Random,north,commander_capture,31,True,False,0
Greedy vs Random,273,22261186,1,Random,Greedy,south,commander_capture,48,True,False,0
Greedy vs Random,274,22261187,0,Greedy,Random,north,commander_capture,13,True,False,0
Greedy vs Random,274,22261187,1,Random,Greedy,south,commander_capture,16,True,False,0
Greedy vs Random,275,22261188,0,Greedy,Random,north,commander_capture,17,True,False,0
Greedy vs Random,275,22261188,1,Random,Greedy,south,commander_capture,20,True,False,0
Greedy vs Random,276,22261189,0,Greedy,Random,north,commander_capture,35,True,False,0
Greedy vs Random,276,22261189,1,Random,Greedy,south,commander_capture,18,True,False,0
Greedy vs Random,277,22261190,0,Greedy,Random,north,commander_capture,63,True,False,0
Greedy vs Random,277,22261190,1,Random,Greedy,south,commander_capture,22,True,False,0
Greedy vs Random,278,22261191,0,Greedy,Random,north,commander_capture,41,True,False,0
Greedy vs Random,278,22261191,1,Random,Greedy,south,commander_capture,32,True,False,0
Greedy vs Random,279,22261192,0,Greedy,Random,north,commander_capture,49,True,False,0
Greedy vs Random,279,22261192,1,Random,Greedy,south,commander_capture,20,True,False,0
Greedy vs Random,280,22261193,0,Greedy,Random,north,commander_capture,43,True,False,0
Greedy vs Random,280,22261193,1,Random,Greedy,south,commander_capture,52,True,False,0
Greedy vs Random,281,22261194,0,Greedy,Random,north,commander_capture,49,True,False,0
Greedy vs Random,281,22261194,1,Random,Greedy,south,commander_capture,34,True,False,0
Greedy vs Random,282,22261195,0,Greedy,Random,north,commander_capture,61,True,False,0
Greedy vs Random,282,22261195,1,Random,Greedy,south,commander_capture,46,True,False,0
Greedy vs Random,283,22261196,0,Greedy,Random,north,commander_capture,53,True,False,0
Greedy vs Random,283,22261196,1,Random,Greedy,south,commander_capture,12,True,False,0
Greedy vs Random,284,22261197,0,Greedy,Random,north,commander_capture,37,True,False,0
Greedy vs Random,284,22261197,1,Random,Greedy,south,commander_capture,58,True,False,0
Greedy vs Random,285,22261198,0,Greedy,Random,north,commander_capture,41,True,False,0
Greedy vs Random,285,22261198,1,Random,Greedy,south,commander_capture,24,True,False,0
Greedy vs Random,286,22261199,0,Greedy,Random,north,commander_capture,37,True,False,0
Greedy vs Random,286,22261199,1,Random,Greedy,south,commander_capture,32,True,False,0
Greedy vs Random,287,22261200,0,Greedy,Random,north,commander_capture,45,True,False,0
Greedy vs Random,287,22261200,1,Random,Greedy,south,commander_capture,28,True,False,0
Greedy vs Random,288,22261201,0,Greedy,Random,north,commander_capture,67,True,False,0
Greedy vs Random,288,22261201,1,Random,Greedy,south,commander_capture,30,True,False,0
Greedy vs Random,289,22261202,0,Greedy,Random,north,commander_capture,61,True,False,0
Greedy vs Random,289,22261202,1,Random,Greedy,south,commander_capture,42,True,False,0
Greedy vs Random,290,22261203,0,Greedy,Random,north,commander_capture,25,True,False,0
Greedy vs Random,290,22261203,1,Random,Greedy,south,commander_capture,38,True,False,0
Greedy vs Random,291,22261204,0,Greedy,Random,north,commander_capture,53,True,False,0
Greedy vs Random,291,22261204,1,Random,Greedy,south,commander_capture,68,True,False,0
Greedy vs Random,292,22261205,0,Greedy,Random,north,commander_capture,39,True,False,0
Greedy vs Random,292,22261205,1,Random,Greedy,south,commander_capture,22,True,False,0
Greedy vs Random,293,22261206,0,Greedy,Random,north,commander_capture,15,True,False,0
Greedy vs Random,293,22261206,1,Random,Greedy,south,commander_capture,36,True,False,0
Greedy vs Random,294,22261207,0,Greedy,Random,north,commander_capture,43,True,False,0
Greedy vs Random,294,22261207,1,Random,Greedy,south,commander_capture,26,True,False,0
Greedy vs Random,295,22261208,0,Greedy,Random,north,commander_capture,59,True,False,0
Greedy vs Random,295,22261208,1,Random,Greedy,south,commander_capture,16,True,False,0
Greedy vs Random,296,22261209,0,Greedy,Random,north,commander_capture,59,True,False,0
Greedy vs Random,296,22261209,1,Random,Greedy,south,commander_capture,22,True,False,0
Greedy vs Random,297,22261210,0,Greedy,Random,north,commander_capture,23,True,False,0
Greedy vs Random,297,22261210,1,Random,Greedy,south,commander_capture,60,True,False,0
Greedy vs Random,298,22261211,0,Greedy,Random,north,commander_capture,23,True,False,0
Greedy vs Random,298,22261211,1,Random,Greedy,south,commander_capture,36,True,False,0
Greedy vs Random,299,22261212,0,Greedy,Random,north,commander_capture,19,True,False,0
Greedy vs Random,299,22261212,1,Random,Greedy,north,commander_capture,55,True,False,0
Greedy vs Random,300,22261213,0,Greedy,Random,north,commander_capture,51,True,False,0
Greedy vs Random,300,22261213,1,Random,Greedy,south,commander_capture,56,True,False,0
Greedy vs Random,301,22261214,0,Greedy,Random,north,commander_capture,41,True,False,0
Greedy vs Random,301,22261214,1,Random,Greedy,south,commander_capture,62,True,False,0
Greedy vs Random,302,22261215,0,Greedy,Random,north,commander_capture,63,True,False,0
Greedy vs Random,302,22261215,1,Random,Greedy,south,commander_capture,48,True,False,0
Greedy vs Random,303,22261216,0,Greedy,Random,north,commander_capture,19,True,False,0
Greedy vs Random,303,22261216,1,Random,Greedy,south,commander_capture,28,True,False,0
Greedy vs Random,304,22261217,0,Greedy,Random,north,commander_capture,31,True,False,0
Greedy vs Random,304,22261217,1,Random,Greedy,south,commander_capture,32,True,False,0
Greedy vs Random,305,22261218,0,Greedy,Random,north,commander_capture,53,True,False,0
Greedy vs Random,305,22261218,1,Random,Greedy,south,commander_capture,54,True,False,0
Greedy vs Random,306,22261219,0,Greedy,Random,north,commander_capture,91,True,False,0
Greedy vs Random,306,22261219,1,Random,Greedy,south,commander_capture,44,True,False,0
Greedy vs Random,307,22261220,0,Greedy,Random,north,commander_capture,89,True,False,0
Greedy vs Random,307,22261220,1,Random,Greedy,south,commander_capture,60,True,False,0
Greedy vs Random,308,22261221,0,Greedy,Random,north,commander_capture,37,True,False,0
Greedy vs Random,308,22261221,1,Random,Greedy,south,commander_capture,28,True,False,0
Greedy vs Random,309,22261222,0,Greedy,Random,north,commander_capture,55,True,False,0
Greedy vs Random,309,22261222,1,Random,Greedy,south,commander_capture,38,True,False,0
Greedy vs Random,310,22261223,0,Greedy,Random,north,commander_capture,23,True,False,0
Greedy vs Random,310,22261223,1,Random,Greedy,south,commander_capture,50,True,False,0
Greedy vs Random,311,22261224,0,Greedy,Random,north,commander_capture,13,True,False,0
Greedy vs Random,311,22261224,1,Random,Greedy,south,commander_capture,14,True,False,0
Greedy vs Random,312,22261225,0,Greedy,Random,north,commander_capture,29,True,False,0
Greedy vs Random,312,22261225,1,Random,Greedy,south,commander_capture,26,True,False,0
Greedy vs Random,313,22261226,0,Greedy,Random,north,commander_capture,25,True,False,0
Greedy vs Random,313,22261226,1,Random,Greedy,south,commander_capture,10,True,False,0
Greedy vs Random,314,22261227,0,Greedy,Random,north,commander_capture,9,True,False,0
Greedy vs Random,314,22261227,1,Random,Greedy,south,commander_capture,38,True,False,0
Greedy vs Random,315,22261228,0,Greedy,Random,north,commander_capture,21,True,False,0
Greedy vs Random,315,22261228,1,Random,Greedy,south,commander_capture,36,True,False,0
Greedy vs Random,316,22261229,0,Greedy,Random,north,commander_capture,13,True,False,0
Greedy vs Random,316,22261229,1,Random,Greedy,south,commander_capture,30,True,False,0
Greedy vs Random,317,22261230,0,Greedy,Random,north,commander_capture,13,True,False,0
Greedy vs Random,317,22261230,1,Random,Greedy,south,commander_capture,24,True,False,0
Greedy vs Random,318,22261231,0,Greedy,Random,north,commander_capture,35,True,False,0
Greedy vs Random,318,22261231,1,Random,Greedy,south,commander_capture,28,True,False,0
Greedy vs Random,319,22261232,0,Greedy,Random,north,commander_capture,57,True,False,0
Greedy vs Random,319,22261232,1,Random,Greedy,south,commander_capture,22,True,False,0
Lookahead vs Greedy,0,23260913,0,Lookahead,Greedy,north,lone_commander,97,True,False,0
Lookahead vs Greedy,0,23260913,1,Greedy,Lookahead,south,commander_capture,50,True,False,0
Lookahead vs Greedy,1,23260914,0,Lookahead,Greedy,north,commander_capture,69,True,False,0
Lookahead vs Greedy,1,23260914,1,Greedy,Lookahead,south,commander_capture,14,True,False,0
Lookahead vs Greedy,2,23260915,0,Lookahead,Greedy,north,commander_capture,81,True,False,0
Lookahead vs Greedy,2,23260915,1,Greedy,Lookahead,south,commander_capture,66,True,False,0
Lookahead vs Greedy,3,23260916,0,Lookahead,Greedy,north,lone_commander,101,True,False,0
Lookahead vs Greedy,3,23260916,1,Greedy,Lookahead,south,commander_capture,84,True,False,0
Lookahead vs Greedy,4,23260917,0,Lookahead,Greedy,north,commander_capture,87,True,False,0
Lookahead vs Greedy,4,23260917,1,Greedy,Lookahead,south,commander_capture,68,True,False,0
Lookahead vs Greedy,5,23260918,0,Lookahead,Greedy,north,commander_capture,59,True,False,0
Lookahead vs Greedy,5,23260918,1,Greedy,Lookahead,south,lone_commander,90,True,False,0
Lookahead vs Greedy,6,23260919,0,Lookahead,Greedy,north,lone_commander,109,True,False,0
Lookahead vs Greedy,6,23260919,1,Greedy,Lookahead,south,commander_capture,36,True,False,0
Lookahead vs Greedy,7,23260920,0,Lookahead,Greedy,south,commander_capture,40,True,False,0
Lookahead vs Greedy,7,23260920,1,Greedy,Lookahead,south,commander_capture,42,True,False,0
Lookahead vs Greedy,8,23260921,0,Lookahead,Greedy,north,commander_capture,49,True,False,0
Lookahead vs Greedy,8,23260921,1,Greedy,Lookahead,south,commander_capture,44,True,False,0
Lookahead vs Greedy,9,23260922,0,Lookahead,Greedy,south,commander_capture,26,True,False,0
Lookahead vs Greedy,9,23260922,1,Greedy,Lookahead,south,commander_capture,10,True,False,0
Lookahead vs Greedy,10,23260923,0,Lookahead,Greedy,north,commander_capture,65,True,False,0
Lookahead vs Greedy,10,23260923,1,Greedy,Lookahead,south,commander_capture,48,True,False,0
Lookahead vs Greedy,11,23260924,0,Lookahead,Greedy,north,lone_commander,119,True,False,0
Lookahead vs Greedy,11,23260924,1,Greedy,Lookahead,south,commander_capture,84,True,False,0
Lookahead vs Greedy,12,23260925,0,Lookahead,Greedy,north,commander_capture,41,True,False,0
Lookahead vs Greedy,12,23260925,1,Greedy,Lookahead,south,commander_capture,48,True,False,0
Lookahead vs Greedy,13,23260926,0,Lookahead,Greedy,north,commander_capture,41,True,False,0
Lookahead vs Greedy,13,23260926,1,Greedy,Lookahead,south,lone_commander,100,True,False,0
Lookahead vs Greedy,14,23260927,0,Lookahead,Greedy,north,commander_capture,87,True,False,0
Lookahead vs Greedy,14,23260927,1,Greedy,Lookahead,south,commander_capture,40,True,False,0
Lookahead vs Greedy,15,23260928,0,Lookahead,Greedy,north,commander_capture,79,True,False,0
Lookahead vs Greedy,15,23260928,1,Greedy,Lookahead,south,commander_capture,106,True,False,0
Lookahead vs Greedy,16,23260929,0,Lookahead,Greedy,north,commander_capture,91,True,False,0
Lookahead vs Greedy,16,23260929,1,Greedy,Lookahead,north,commander_capture,71,True,False,0
Lookahead vs Greedy,17,23260930,0,Lookahead,Greedy,north,commander_capture,31,True,False,0
Lookahead vs Greedy,17,23260930,1,Greedy,Lookahead,south,commander_capture,80,True,False,0
Lookahead vs Greedy,18,23260931,0,Lookahead,Greedy,north,commander_capture,119,True,False,0
Lookahead vs Greedy,18,23260931,1,Greedy,Lookahead,south,commander_capture,58,True,False,0
Lookahead vs Greedy,19,23260932,0,Lookahead,Greedy,north,commander_capture,65,True,False,0
Lookahead vs Greedy,19,23260932,1,Greedy,Lookahead,south,commander_capture,32,True,False,0
Lookahead vs Lookahead,0,24260913,0,Lookahead,Lookahead,south,commander_capture,126,True,False,0
Lookahead vs Lookahead,0,24260913,1,Lookahead,Lookahead,north,commander_capture,137,True,False,0
Lookahead vs Lookahead,1,24260914,0,Lookahead,Lookahead,south,lone_commander,128,True,False,0
Lookahead vs Lookahead,1,24260914,1,Lookahead,Lookahead,south,commander_capture,66,True,False,0
Lookahead vs Lookahead,2,24260915,0,Lookahead,Lookahead,,ply_limit,256,False,True,0
Lookahead vs Lookahead,2,24260915,1,Lookahead,Lookahead,south,commander_capture,48,True,False,0
Lookahead vs Lookahead,3,24260916,0,Lookahead,Lookahead,,ply_limit,256,False,True,0
Lookahead vs Lookahead,3,24260916,1,Lookahead,Lookahead,south,commander_capture,92,True,False,0
Lookahead vs Lookahead,4,24260917,0,Lookahead,Lookahead,north,commander_capture,143,True,False,0
Lookahead vs Lookahead,4,24260917,1,Lookahead,Lookahead,south,commander_capture,162,True,False,0
Lookahead vs Lookahead,5,24260918,0,Lookahead,Lookahead,north,commander_capture,79,True,False,0
Lookahead vs Lookahead,5,24260918,1,Lookahead,Lookahead,south,commander_capture,112,True,False,0
Lookahead vs Lookahead,6,24260919,0,Lookahead,Lookahead,north,commander_capture,75,True,False,0
Lookahead vs Lookahead,6,24260919,1,Lookahead,Lookahead,south,commander_capture,172,True,False,0
Lookahead vs Lookahead,7,24260920,0,Lookahead,Lookahead,north,commander_capture,21,True,False,0
Lookahead vs Lookahead,7,24260920,1,Lookahead,Lookahead,south,commander_capture,208,True,False,0
Lookahead vs Lookahead,8,24260921,0,Lookahead,Lookahead,north,commander_capture,99,True,False,0
Lookahead vs Lookahead,8,24260921,1,Lookahead,Lookahead,north,commander_capture,13,True,False,0
Lookahead vs Lookahead,9,24260922,0,Lookahead,Lookahead,north,commander_capture,83,True,False,0
Lookahead vs Lookahead,9,24260922,1,Lookahead,Lookahead,south,commander_capture,70,True,False,0
Lookahead vs Lookahead,10,24260923,0,Lookahead,Lookahead,north,commander_capture,39,True,False,0
Lookahead vs Lookahead,10,24260923,1,Lookahead,Lookahead,,ply_limit,256,False,True,0
Lookahead vs Lookahead,11,24260924,0,Lookahead,Lookahead,north,commander_capture,151,True,False,0
Lookahead vs Lookahead,11,24260924,1,Lookahead,Lookahead,north,commander_capture,69,True,False,0
Lookahead vs Lookahead,12,24260925,0,Lookahead,Lookahead,north,lone_commander,103,True,False,0
Lookahead vs Lookahead,12,24260925,1,Lookahead,Lookahead,north,commander_capture,127,True,False,0
Lookahead vs Lookahead,13,24260926,0,Lookahead,Lookahead,north,commander_capture,115,True,False,0
Lookahead vs Lookahead,13,24260926,1,Lookahead,Lookahead,south,commander_capture,110,True,False,0
Lookahead vs Lookahead,14,24260927,0,Lookahead,Lookahead,south,commander_capture,68,True,False,0
Lookahead vs Lookahead,14,24260927,1,Lookahead,Lookahead,north,commander_capture,149,True,False,0
Lookahead vs Lookahead,15,24260928,0,Lookahead,Lookahead,south,commander_capture,112,True,False,0
Lookahead vs Lookahead,15,24260928,1,Lookahead,Lookahead,south,commander_capture,158,True,False,0
Lookahead vs Lookahead,16,24260929,0,Lookahead,Lookahead,south,commander_capture,140,True,False,0
Lookahead vs Lookahead,16,24260929,1,Lookahead,Lookahead,south,commander_capture,112,True,False,0
Lookahead vs Lookahead,17,24260930,0,Lookahead,Lookahead,south,commander_capture,102,True,False,0
Lookahead vs Lookahead,17,24260930,1,Lookahead,Lookahead,south,commander_capture,124,True,False,0
Lookahead vs Lookahead,18,24260931,0,Lookahead,Lookahead,south,commander_capture,204,True,False,0
Lookahead vs Lookahead,18,24260931,1,Lookahead,Lookahead,south,commander_capture,100,True,False,0
Lookahead vs Lookahead,19,24260932,0,Lookahead,Lookahead,north,commander_capture,11,True,False,0
Lookahead vs Lookahead,19,24260932,1,Lookahead,Lookahead,south,commander_capture,88,True,False,0
